{
"type": "FeatureCollection",
"name": "arunachal_pradesh_osm",
"crs": { "type": "name", "properties": { "name": "urn:ogc:def:crs:OGC:1.3:CRS84" } },
"features": [
{ "type": "Feature", "properties": { "asset_name": "CHC Government Hospital", "asset_type": "hospital", "osm_id": 6917894485 }, "geometry": { "type": "Point", "coordinates": [ 94.6858624, 27.9815616 ] } },
{ "type": "Feature", "properties": { "asset_name": "OSM Node 6917895385", "asset_type": "school", "osm_id": 6917895385 }, "geometry": { "type": "Point", "coordinates": [ 94.6831086, 27.9807276 ] } },
{ "type": "Feature", "properties": { "asset_name": "OSM Node 6917896885", "asset_type": "school", "osm_id": 6917896885 }, "geometry": { "type": "Point", "coordinates": [ 94.6877433, 27.9851754 ] } },
{ "type": "Feature", "properties": { "asset_name": "OSM Way 130511894", "asset_type": "road", "osm_id": 130511894 }, "geometry": { "type": "LineString", "coordinates": [ [ 94.6795194, 28.0423674 ], [ 94.6794274, 28.0422272 ], [ 94.6794167, 28.042168 ], [ 94.6794838, 28.0408589 ], [ 94.6794355, 28.0407358 ], [ 94.6793765, 28.040518 ], [ 94.6793389, 28.040286 ], [ 94.6792692, 28.0398362 ], [ 94.6792906, 28.0396515 ], [ 94.6793926, 28.0392443 ], [ 94.6793765, 28.0391307 ], [ 94.6791565, 28.0389224 ], [ 94.6790653, 28.0387566 ], [ 94.6790546, 28.0386477 ], [ 94.6790063, 28.0380227 ], [ 94.6789098, 28.0374404 ], [ 94.6788078, 28.0368959 ], [ 94.6788669, 28.0364934 ], [ 94.6788508, 28.0363513 ], [ 94.678722, 28.0350398 ], [ 94.6786255, 28.0346184 ], [ 94.6785772, 28.0345047 ], [ 94.6782124, 28.0339815 ], [ 94.6780354, 28.0337684 ], [ 94.678022, 28.0336927 ], [ 94.6779871, 28.0334464 ], [ 94.6780461, 28.0333352 ], [ 94.6781346, 28.033186 ], [ 94.6782339, 28.0331079 ], [ 94.6782687, 28.033025 ], [ 94.6783546, 28.0326415 ], [ 94.6783921, 28.0323668 ], [ 94.6784806, 28.0319715 ], [ 94.6785396, 28.0318602 ], [ 94.6787864, 28.0316495 ], [ 94.6789849, 28.0310126 ], [ 94.6791163, 28.0307474 ], [ 94.6791673, 28.0305817 ], [ 94.6791726, 28.0303521 ], [ 94.678942, 28.0299472 ], [ 94.6788883, 28.0296726 ], [ 94.6789554, 28.0291375 ], [ 94.6791002, 28.0285598 ], [ 94.6792021, 28.028342 ], [ 94.6793658, 28.0281762 ], [ 94.6795911, 28.0280886 ], [ 94.6798861, 28.0280105 ], [ 94.6799853, 28.0279442 ], [ 94.6800551, 28.0277453 ], [ 94.6800953, 28.0274067 ], [ 94.6800712, 28.0271013 ], [ 94.6800792, 28.0269569 ], [ 94.6802402, 28.0267462 ], [ 94.6802428, 28.0265757 ], [ 94.6801597, 28.0263271 ], [ 94.6801543, 28.0261992 ], [ 94.6801946, 28.0257115 ], [ 94.6802455, 28.0254937 ], [ 94.680444, 28.025103 ], [ 94.6804708, 28.0249112 ], [ 94.6804494, 28.0246697 ], [ 94.6803394, 28.0242743 ], [ 94.6803313, 28.024092 ], [ 94.6804199, 28.0236776 ], [ 94.680452, 28.0234527 ], [ 94.6804467, 28.0232349 ], [ 94.6804172, 28.0230857 ], [ 94.6803743, 28.0228963 ], [ 94.6803662, 28.0228158 ], [ 94.6804118, 28.0221883 ], [ 94.6804252, 28.0220107 ], [ 94.680393, 28.0219042 ], [ 94.680326, 28.0217384 ], [ 94.680334, 28.0216792 ], [ 94.6804011, 28.0216414 ], [ 94.6806318, 28.0215088 ], [ 94.6806639, 28.0214306 ], [ 94.6806613, 28.0212483 ], [ 94.6806639, 28.02086 ], [ 94.6807685, 28.0204669 ], [ 94.6808517, 28.0203793 ], [ 94.6809939, 28.0202704 ], [ 94.6810394, 28.020171 ], [ 94.6810716, 28.0199957 ], [ 94.6809751, 28.0195672 ], [ 94.6809804, 28.0194843 ], [ 94.681077, 28.0193635 ], [ 94.6812084, 28.0192972 ], [ 94.6813023, 28.0192191 ], [ 94.6814391, 28.01871 ], [ 94.6815383, 28.0186106 ], [ 94.6815973, 28.0184922 ], [ 94.6816778, 28.0176942 ], [ 94.6816644, 28.0172775 ], [ 94.6816027, 28.0168063 ], [ 94.6814793, 28.0164866 ], [ 94.681423, 28.0163469 ], [ 94.6814015, 28.0162332 ], [ 94.6814176, 28.0160556 ], [ 94.6815088, 28.0158615 ], [ 94.6818173, 28.0154897 ], [ 94.6820024, 28.0151156 ], [ 94.682005, 28.0147557 ], [ 94.6820211, 28.0142418 ], [ 94.682166, 28.0137682 ], [ 94.6821713, 28.013664 ], [ 94.6820936, 28.0133846 ], [ 94.6820426, 28.0130436 ], [ 94.682056, 28.012911 ], [ 94.6824315, 28.0124895 ], [ 94.6825737, 28.0124019 ], [ 94.6827239, 28.0123498 ], [ 94.6828687, 28.012338 ] ] } },
{ "type": "Feature", "properties": { "asset_name": "OSM Way 238537466", "asset_type": "road", "osm_id": 238537466 }, "geometry": { "type": "LineString", "coordinates": [ [ 94.6919746, 28.0664759 ], [ 94.691754, 28.0664165 ], [ 94.6914272, 28.0663317 ], [ 94.6910105, 28.0663245 ], [ 94.6908124, 28.0662867 ], [ 94.6906633, 28.0662633 ], [ 94.6905264, 28.0662651 ], [ 94.690408, 28.0662939 ], [ 94.690218, 28.0663624 ], [ 94.6900587, 28.0664399 ], [ 94.6899259, 28.066494 ], [ 94.6898217, 28.0665066 ], [ 94.689644, 28.0665048 ], [ 94.6892498, 28.0664867 ], [ 94.6890599, 28.0663696 ], [ 94.6886873, 28.0661496 ], [ 94.6886083, 28.0657789 ], [ 94.6884996, 28.0655619 ], [ 94.6884698, 28.0653687 ], [ 94.6884325, 28.0652017 ], [ 94.6883163, 28.0649479 ], [ 94.6881434, 28.0647218 ], [ 94.6879423, 28.0645403 ], [ 94.6878514, 28.0644785 ], [ 94.6876339, 28.064347 ], [ 94.6874938, 28.0638947 ], [ 94.6874506, 28.0636739 ], [ 94.6873075, 28.0633767 ], [ 94.6870602, 28.0631374 ], [ 94.6866281, 28.0627193 ], [ 94.6863569, 28.0623432 ], [ 94.685974, 28.0619593 ], [ 94.6857371, 28.0615372 ], [ 94.6854718, 28.061106 ], [ 94.6852156, 28.0609153 ], [ 94.6851068, 28.0606957 ], [ 94.6849786, 28.0605156 ], [ 94.6847671, 28.0604748 ], [ 94.684709, 28.0604459 ], [ 94.6846374, 28.060179 ], [ 94.6844646, 28.0598818 ], [ 94.6843633, 28.0597871 ], [ 94.684183, 28.0597385 ], [ 94.6840623, 28.0597017 ], [ 94.6838537, 28.059674 ], [ 94.6837357, 28.0596424 ], [ 94.6835818, 28.0595605 ], [ 94.6834997, 28.0594917 ], [ 94.68331, 28.0592444 ], [ 94.6832658, 28.0591236 ], [ 94.6832384, 28.0587461 ], [ 94.6832026, 28.058456 ], [ 94.6829476, 28.0581678 ], [ 94.6828886, 28.058112 ], [ 94.682562, 28.0579223 ], [ 94.6824924, 28.0577958 ], [ 94.6826589, 28.0576136 ], [ 94.6827727, 28.0574853 ], [ 94.682878, 28.0573272 ], [ 94.6829455, 28.0571506 ], [ 94.6829982, 28.0569126 ], [ 94.6829518, 28.0566169 ], [ 94.6828338, 28.0563975 ], [ 94.68268, 28.0562487 ], [ 94.682503, 28.0560497 ], [ 94.6821405, 28.0558656 ], [ 94.6819024, 28.0557894 ], [ 94.6818392, 28.0556797 ], [ 94.681835, 28.055635 ], [ 94.6818729, 28.0552724 ], [ 94.6818414, 28.0551402 ], [ 94.6817583, 28.0550975 ], [ 94.6816059, 28.0550904 ], [ 94.6813854, 28.0550799 ], [ 94.6807775, 28.0551114 ], [ 94.6806642, 28.0550378 ], [ 94.6802887, 28.0547801 ], [ 94.6801159, 28.0545802 ], [ 94.6799967, 28.0544382 ], [ 94.6799967, 28.0543014 ], [ 94.6802411, 28.0540437 ], [ 94.6801904, 28.0538642 ], [ 94.6800801, 28.0537722 ], [ 94.679657, 28.0535907 ], [ 94.6794841, 28.0534461 ], [ 94.679207, 28.053091 ], [ 94.6790937, 28.0529622 ], [ 94.6790699, 28.0526676 ], [ 94.6790133, 28.0524861 ], [ 94.6789418, 28.0523888 ], [ 94.6787898, 28.0523599 ], [ 94.6786885, 28.052331 ], [ 94.6784888, 28.0522232 ], [ 94.6782355, 28.0519865 ], [ 94.6776872, 28.0518024 ], [ 94.6776007, 28.0516761 ], [ 94.6775829, 28.0515893 ], [ 94.6772968, 28.051279 ], [ 94.6771567, 28.0510581 ], [ 94.677102, 28.0509552 ], [ 94.6771041, 28.050848 ], [ 94.6771509, 28.0507818 ], [ 94.6772282, 28.0507136 ], [ 94.6773914, 28.0506052 ], [ 94.6775352, 28.0505558 ], [ 94.6776901, 28.0505479 ], [ 94.6778932, 28.0505622 ], [ 94.678161, 28.0506426 ], [ 94.6784322, 28.050682 ], [ 94.6785335, 28.0506005 ], [ 94.6785275, 28.0505032 ], [ 94.6784411, 28.0504032 ], [ 94.6783304, 28.0502876 ], [ 94.6782258, 28.0501243 ], [ 94.6782206, 28.0499982 ], [ 94.6782474, 28.0499114 ], [ 94.6782929, 28.0497668 ], [ 94.6783189, 28.049538 ], [ 94.6782981, 28.0492355 ], [ 94.6783428, 28.0491145 ], [ 94.6784024, 28.0490567 ], [ 94.6785365, 28.0490304 ], [ 94.6786587, 28.0490435 ], [ 94.6788255, 28.049083 ], [ 94.67906, 28.0491277 ], [ 94.6791995, 28.0491419 ], [ 94.6792685, 28.0491206 ], [ 94.6793172, 28.0490777 ], [ 94.6793389, 28.0490283 ], [ 94.6793143, 28.0489699 ], [ 94.6792276, 28.0489123 ], [ 94.6791183, 28.0488478 ], [ 94.678954, 28.0487561 ], [ 94.678757, 28.0485912 ], [ 94.6786979, 28.0484838 ], [ 94.6786944, 28.0483623 ], [ 94.6787864, 28.0482732 ], [ 94.6789581, 28.0482069 ], [ 94.6791404, 28.0481802 ], [ 94.6792343, 28.0481524 ], [ 94.6792786, 28.0481317 ], [ 94.6793014, 28.0481027 ], [ 94.6792987, 28.0480353 ], [ 94.6792263, 28.0479702 ], [ 94.6790707, 28.0478601 ], [ 94.6790197, 28.0477334 ], [ 94.6790252, 28.0475418 ], [ 94.6789924, 28.0473235 ], [ 94.6789688, 28.0471416 ], [ 94.6789656, 28.0468816 ], [ 94.6789071, 28.0467297 ], [ 94.678832, 28.0465475 ], [ 94.6786764, 28.0461711 ], [ 94.6786737, 28.046029 ], [ 94.6787328, 28.0459391 ], [ 94.6788489, 28.0458892 ], [ 94.6789532, 28.045905 ], [ 94.6792512, 28.0460128 ], [ 94.6793155, 28.0460367 ], [ 94.6793651, 28.0460509 ], [ 94.67941, 28.0460503 ], [ 94.6794435, 28.0460267 ], [ 94.6794479, 28.0459891 ], [ 94.6794382, 28.0459474 ], [ 94.6794194, 28.0459113 ], [ 94.6793853, 28.0458681 ], [ 94.6792244, 28.0456998 ], [ 94.6791826, 28.0455578 ], [ 94.6791558, 28.0453789 ], [ 94.679135, 28.0449634 ], [ 94.6791469, 28.044895 ], [ 94.6795075, 28.0445768 ], [ 94.6796701, 28.0445117 ], [ 94.6798114, 28.0444032 ], [ 94.6798442, 28.0443059 ], [ 94.679731, 28.0440823 ], [ 94.679725, 28.0439508 ], [ 94.6797339, 28.0438508 ], [ 94.679874, 28.0433537 ], [ 94.6800148, 28.0428853 ], [ 94.6801329, 28.0421088 ], [ 94.6801892, 28.0419052 ], [ 94.6803179, 28.0418224 ], [ 94.6804574, 28.0417798 ], [ 94.6806237, 28.0417514 ], [ 94.6807471, 28.0416614 ], [ 94.680849, 28.0415004 ], [ 94.6809915, 28.0413338 ], [ 94.6812567, 28.0412364 ], [ 94.6814028, 28.0412154 ], [ 94.6817341, 28.0412672 ], [ 94.681875, 28.0412968 ], [ 94.6819259, 28.0412933 ], [ 94.6819662, 28.0412637 ], [ 94.6819702, 28.0412152 ], [ 94.6819326, 28.0411643 ], [ 94.6818227, 28.0410921 ], [ 94.6816382, 28.0410523 ], [ 94.6814862, 28.0410471 ], [ 94.6811167, 28.0410786 ], [ 94.6809438, 28.0411418 ], [ 94.6807444, 28.0411903 ], [ 94.6804342, 28.0413285 ], [ 94.6801601, 28.0416678 ], [ 94.6800081, 28.041915 ], [ 94.6797876, 28.0422122 ], [ 94.6796594, 28.0423175 ], [ 94.6795194, 28.0423674 ], [ 94.6795106, 28.0424971 ], [ 94.6794865, 28.0426107 ], [ 94.6794415, 28.0426793 ], [ 94.6793919, 28.0426989 ], [ 94.6793242, 28.0427024 ], [ 94.6792625, 28.0426853 ], [ 94.6792042, 28.0426515 ], [ 94.6791492, 28.0425311 ], [ 94.6791513, 28.0422837 ], [ 94.6791478, 28.0417759 ], [ 94.6791217, 28.0414116 ], [ 94.6791083, 28.0412696 ], [ 94.6790546, 28.0412081 ], [ 94.6789956, 28.0411725 ], [ 94.6789058, 28.0411714 ], [ 94.6788307, 28.0412092 ], [ 94.6787998, 28.0412885 ], [ 94.6788374, 28.0416309 ], [ 94.6788184, 28.0419174 ], [ 94.6787594, 28.0424269 ], [ 94.6787552, 28.0426557 ], [ 94.6787569, 28.0428096 ], [ 94.6788079, 28.0429895 ], [ 94.6788937, 28.0431102 ], [ 94.6790502, 28.0432192 ], [ 94.6791408, 28.043342 ], [ 94.6791872, 28.0434294 ], [ 94.6791829, 28.0435614 ], [ 94.6790671, 28.0436767 ], [ 94.6789048, 28.043699 ], [ 94.6786983, 28.0436674 ], [ 94.6786014, 28.0436154 ], [ 94.6784876, 28.0435093 ], [ 94.6783801, 28.0433457 ], [ 94.6783548, 28.0431244 ], [ 94.6783738, 28.0424902 ], [ 94.6783295, 28.0422224 ], [ 94.6782642, 28.0421777 ], [ 94.678083, 28.0421461 ], [ 94.6779502, 28.0421331 ], [ 94.6776953, 28.0421833 ], [ 94.677573, 28.0421442 ], [ 94.6774508, 28.0420513 ], [ 94.6773518, 28.0419267 ], [ 94.6772319, 28.0416993 ], [ 94.6771207, 28.0415146 ], [ 94.6770725, 28.0413915 ], [ 94.6770564, 28.0413063 ], [ 94.6770912, 28.0411974 ], [ 94.6771663, 28.0410932 ], [ 94.6772307, 28.0409891 ], [ 94.677287, 28.0408328 ], [ 94.6772897, 28.0407145 ], [ 94.6772414, 28.0405843 ], [ 94.6768821, 28.0401333 ], [ 94.6766835, 28.0399119 ], [ 94.6764046, 28.0396681 ], [ 94.6761203, 28.0395095 ], [ 94.6759928, 28.0393857 ], [ 94.6759835, 28.039281 ], [ 94.6760197, 28.039178 ], [ 94.6761431, 28.0390017 ], [ 94.676249, 28.0388584 ], [ 94.6763054, 28.0387188 ], [ 94.6763188, 28.0385838 ], [ 94.6762752, 28.0383479 ], [ 94.6762204, 28.038147 ], [ 94.6761783, 28.0379536 ], [ 94.6761828, 28.0373894 ], [ 94.6761437, 28.0371208 ], [ 94.6761263, 28.0368867 ], [ 94.6761002, 28.0368368 ], [ 94.6759307, 28.0366948 ], [ 94.6757741, 28.0364915 ], [ 94.6756611, 28.0362689 ], [ 94.6755002, 28.0361691 ], [ 94.6749002, 28.0360309 ], [ 94.674735, 28.0360079 ], [ 94.6744307, 28.0360233 ], [ 94.6742611, 28.0360501 ], [ 94.6740829, 28.0360194 ], [ 94.6740176, 28.0359005 ], [ 94.6740394, 28.0357546 ], [ 94.6741435, 28.0356127 ], [ 94.6742698, 28.0354975 ], [ 94.6743929, 28.0353546 ], [ 94.674535, 28.0351598 ], [ 94.6746089, 28.0350101 ], [ 94.6746394, 28.034895 ], [ 94.6746872, 28.0348259 ], [ 94.6749133, 28.0347377 ], [ 94.6750662, 28.034661 ], [ 94.675152, 28.034545 ], [ 94.6751741, 28.0343808 ], [ 94.6751305, 28.0341685 ], [ 94.6749655, 28.0339164 ], [ 94.6748002, 28.0338435 ], [ 94.6746611, 28.0338205 ], [ 94.6744263, 28.0338435 ], [ 94.6742872, 28.0338512 ], [ 94.6740255, 28.0339555 ], [ 94.6737854, 28.0340869 ], [ 94.6736485, 28.0341521 ], [ 94.6735311, 28.0342883 ], [ 94.6732072, 28.034674 ], [ 94.6730202, 28.0349599 ], [ 94.6727072, 28.0352434 ], [ 94.6725328, 28.0353629 ], [ 94.672418, 28.0353936 ], [ 94.6723311, 28.0353955 ], [ 94.6722485, 28.0353629 ], [ 94.6722203, 28.0353179 ], [ 94.6721989, 28.0352446 ], [ 94.6722072, 28.0351652 ], [ 94.6722659, 28.0350463 ], [ 94.6724093, 28.0347623 ], [ 94.6724767, 28.0345224 ], [ 94.6724528, 28.0343977 ], [ 94.6724137, 28.0342154 ], [ 94.6722789, 28.0340197 ], [ 94.6721963, 28.033895 ], [ 94.6720833, 28.0336359 ], [ 94.6720419, 28.0335016 ], [ 94.6720246, 28.0333424 ], [ 94.6722463, 28.032665 ], [ 94.6723941, 28.032381 ], [ 94.6724332, 28.0322467 ], [ 94.672455, 28.0320011 ], [ 94.6724752, 28.0318176 ], [ 94.6726115, 28.0315981 ], [ 94.6728332, 28.0314446 ], [ 94.6730202, 28.031318 ], [ 94.6731332, 28.0311606 ], [ 94.6731811, 28.0309457 ], [ 94.6731457, 28.0307238 ], [ 94.6731028, 28.0305628 ], [ 94.672974, 28.0303639 ], [ 94.6728158, 28.0301366 ], [ 94.6726115, 28.029852 ], [ 94.6725476, 28.0295921 ], [ 94.6724912, 28.0293742 ], [ 94.6724637, 28.0292341 ], [ 94.6724159, 28.0290882 ], [ 94.6724416, 28.0289279 ], [ 94.6725202, 28.0287889 ], [ 94.6727724, 28.0286277 ], [ 94.673068, 28.0283399 ], [ 94.6731376, 28.0281671 ], [ 94.6730941, 28.0279868 ], [ 94.6730332, 28.0278064 ], [ 94.6729028, 28.0275646 ], [ 94.672868, 28.0273919 ], [ 94.6728593, 28.0271923 ], [ 94.6729289, 28.0267241 ], [ 94.6729332, 28.026348 ], [ 94.6729767, 28.0260563 ], [ 94.6730289, 28.0256188 ], [ 94.6732376, 28.0250546 ], [ 94.6733724, 28.0248358 ], [ 94.6734202, 28.024667 ], [ 94.6733898, 28.0246017 ], [ 94.6732811, 28.0245173 ], [ 94.6732028, 28.0245173 ], [ 94.6730898, 28.0246401 ], [ 94.6730115, 28.0248435 ], [ 94.6728724, 28.0253885 ], [ 94.6727863, 28.0255765 ], [ 94.6726602, 28.0257588 ], [ 94.6724671, 28.0259767 ], [ 94.6722284, 28.0260974 ], [ 94.6720018, 28.0262022 ], [ 94.6717374, 28.0261724 ], [ 94.6713931, 28.0260774 ], [ 94.6711533, 28.026015 ], [ 94.6707413, 28.0259851 ], [ 94.6704062, 28.026072 ], [ 94.6702371, 28.0261127 ], [ 94.6700987, 28.0261519 ], [ 94.6699727, 28.0262565 ], [ 94.6698774, 28.0263813 ], [ 94.669859, 28.026555 ], [ 94.6698129, 28.026783 ], [ 94.6697575, 28.0272742 ], [ 94.6696776, 28.0275618 ], [ 94.669447, 28.0278712 ], [ 94.6689121, 28.0283081 ], [ 94.6682234, 28.0288699 ], [ 94.6679191, 28.0291331 ], [ 94.6675286, 28.0294805 ], [ 94.6673626, 28.0296379 ], [ 94.6672028, 28.0297329 ], [ 94.6670521, 28.029779 ], [ 94.6668975, 28.0298158 ], [ 94.6667601, 28.0299011 ], [ 94.6666977, 28.0300277 ], [ 94.6666722, 28.0301709 ], [ 94.6666011, 28.0303544 ], [ 94.6664321, 28.0305557 ], [ 94.6662251, 28.0307342 ], [ 94.665783, 28.0310671 ], [ 94.665205, 28.0314624 ], [ 94.6649636, 28.0316258 ], [ 94.6648765, 28.0317312 ], [ 94.6648509, 28.0318685 ], [ 94.6648242, 28.0319419 ], [ 94.6647525, 28.0319934 ], [ 94.6646297, 28.0319928 ], [ 94.6644151, 28.0319549 ], [ 94.6640485, 28.0319499 ], [ 94.6638671, 28.0319689 ], [ 94.6636212, 28.032078 ], [ 94.663406, 28.0322457 ], [ 94.6631969, 28.0323326 ], [ 94.6629399, 28.032445 ], [ 94.6624732, 28.0326533 ], [ 94.66229, 28.0326826 ], [ 94.6621487, 28.0326438 ], [ 94.6619984, 28.0325278 ], [ 94.6618073, 28.0323244 ], [ 94.6612262, 28.0316107 ], [ 94.6611248, 28.0315158 ], [ 94.6609846, 28.0314435 ], [ 94.6608451, 28.0314814 ], [ 94.660778, 28.0315808 ], [ 94.6607539, 28.0317773 ], [ 94.6607204, 28.0319596 ], [ 94.6606721, 28.0320164 ], [ 94.660597, 28.0320425 ], [ 94.6604803, 28.0320496 ], [ 94.6603162, 28.0319988 ], [ 94.6600795, 28.0318984 ], [ 94.6598305, 28.0318197 ], [ 94.6597014, 28.0317926 ], [ 94.6594247, 28.0317708 ], [ 94.6591173, 28.0317763 ], [ 94.6586055, 28.0318413 ], [ 94.6583333, 28.0318767 ], [ 94.6581119, 28.0319147 ], [ 94.6579459, 28.0320069 ], [ 94.6571141, 28.0323976 ], [ 94.6567408, 28.0325171 ], [ 94.6563473, 28.0325632 ], [ 94.6558585, 28.0326121 ], [ 94.6555209, 28.0326391 ], [ 94.6550167, 28.0326486 ], [ 94.6546251, 28.0326296 ], [ 94.6542045, 28.0325307 ], [ 94.6539616, 28.0324167 ], [ 94.6534798, 28.032213 ], [ 94.6530881, 28.0319738 ], [ 94.6528682, 28.0317797 ], [ 94.6527904, 28.0316447 ], [ 94.6527877, 28.03155 ], [ 94.6528579, 28.0314886 ], [ 94.6529225, 28.0314696 ], [ 94.6530301, 28.031513 ], [ 94.653153, 28.0316433 ], [ 94.6532545, 28.0318061 ], [ 94.6533406, 28.0319201 ], [ 94.6535496, 28.0320558 ], [ 94.6536941, 28.0321101 ], [ 94.653976, 28.0321396 ], [ 94.6541074, 28.032123 ], [ 94.6541825, 28.0320756 ], [ 94.6542093, 28.0319833 ], [ 94.654212, 28.0317963 ], [ 94.6541423, 28.0315832 ], [ 94.6539599, 28.0311949 ], [ 94.6537238, 28.0310505 ], [ 94.6535629, 28.0309558 ], [ 94.6533993, 28.0308374 ], [ 94.6531469, 28.0307803 ], [ 94.6529501, 28.0307803 ], [ 94.6524306, 28.0308509 ], [ 94.6519294, 28.0309052 ], [ 94.6516866, 28.0309133 ], [ 94.6514744, 28.0309133 ], [ 94.6512777, 28.0309405 ], [ 94.6511677, 28.0309582 ], [ 94.6510845, 28.0310517 ], [ 94.6510577, 28.0311428 ], [ 94.6510537, 28.0312316 ], [ 94.6510845, 28.0312872 ], [ 94.6511583, 28.0313346 ], [ 94.6512562, 28.0313417 ], [ 94.6513997, 28.0312979 ], [ 94.6515164, 28.0312446 ], [ 94.6518788, 28.0311087 ], [ 94.6520116, 28.0311131 ], [ 94.6520614, 28.0311648 ], [ 94.6520609, 28.0312872 ], [ 94.6519965, 28.0314861 ], [ 94.6520079, 28.0316677 ], [ 94.652077, 28.0318839 ], [ 94.6520296, 28.0321644 ], [ 94.6518419, 28.0323461 ], [ 94.6516532, 28.0325302 ], [ 94.6510899, 28.0329185 ], [ 94.6507229, 28.0331059 ], [ 94.6504462, 28.0331385 ], [ 94.6500224, 28.0331955 ], [ 94.649899, 28.0333754 ], [ 94.6498497, 28.0336649 ], [ 94.649942, 28.0339743 ], [ 94.6500438, 28.0342348 ], [ 94.6502826, 28.0344408 ], [ 94.6509135, 28.0346744 ], [ 94.6511677, 28.0348362 ], [ 94.6512616, 28.0350374 ], [ 94.6513206, 28.0351842 ], [ 94.6514091, 28.0353144 ], [ 94.6516263, 28.0353996 ], [ 94.6518812, 28.035428 ], [ 94.6521199, 28.0354683 ], [ 94.6523076, 28.0355062 ], [ 94.6525195, 28.0355938 ], [ 94.652541, 28.0357074 ], [ 94.6524551, 28.0358163 ], [ 94.6522781, 28.0359015 ], [ 94.6520716, 28.0359299 ], [ 94.6518329, 28.0358992 ], [ 94.6516371, 28.0358542 ], [ 94.6514225, 28.0358826 ], [ 94.6513286, 28.035982 ], [ 94.6512938, 28.0361099 ], [ 94.6513206, 28.0362093 ], [ 94.6514708, 28.036304 ], [ 94.6516693, 28.0363348 ], [ 94.6519133, 28.0363703 ], [ 94.6520179, 28.0364105 ], [ 94.6520957, 28.0364981 ], [ 94.6520716, 28.0365857 ], [ 94.6519616, 28.0366709 ], [ 94.6517804, 28.0367204 ], [ 94.6514815, 28.0367325 ], [ 94.6510426, 28.0366987 ], [ 94.6508458, 28.0366283 ], [ 94.6506903, 28.0365147 ], [ 94.6505481, 28.0362945 ], [ 94.6504093, 28.0360529 ], [ 94.6502772, 28.0357547 ], [ 94.6501726, 28.0356458 ], [ 94.6500546, 28.0356127 ], [ 94.6498427, 28.035634 ], [ 94.649663, 28.0356482 ], [ 94.6494833, 28.0356151 ], [ 94.6493492, 28.0355677 ], [ 94.6491936, 28.0354943 ], [ 94.64903, 28.0353688 ], [ 94.6489549, 28.0352339 ], [ 94.6488851, 28.0348338 ], [ 94.6487778, 28.0346917 ], [ 94.6486169, 28.0346255 ], [ 94.6483996, 28.0345899 ], [ 94.6481035, 28.0346201 ], [ 94.6478084, 28.0346527 ], [ 94.6475655, 28.0346965 ], [ 94.6474233, 28.0347154 ], [ 94.6472919, 28.0347012 ], [ 94.6472061, 28.0346207 ], [ 94.6471846, 28.0345094 ], [ 94.6472248, 28.0343508 ], [ 94.6473288, 28.0341588 ], [ 94.6475226, 28.033875 ], [ 94.6476547, 28.0335727 ], [ 94.6476916, 28.0334044 ], [ 94.6476942, 28.0332286 ], [ 94.6476675, 28.0330446 ], [ 94.6475856, 28.0329339 ], [ 94.6475105, 28.0327705 ], [ 94.6475065, 28.0326557 ], [ 94.6475255, 28.0325469 ], [ 94.647587, 28.032357 ], [ 94.6475624, 28.0320856 ], [ 94.6476178, 28.0318685 ], [ 94.6476768, 28.0317075 ], [ 94.647764, 28.0314411 ], [ 94.6477479, 28.0311641 ], [ 94.6476969, 28.0310398 ], [ 94.6475993, 28.0309513 ], [ 94.6475259, 28.0309339 ], [ 94.647426, 28.0309629 ], [ 94.6473509, 28.0310718 ], [ 94.6472383, 28.0313204 ], [ 94.6470398, 28.0316424 ], [ 94.6469137, 28.0318484 ], [ 94.6467045, 28.0320567 ], [ 94.6464434, 28.0321996 ], [ 94.6460929, 28.0322887 ], [ 94.6458931, 28.0323597 ], [ 94.6457858, 28.0323775 ], [ 94.6456906, 28.0323657 ], [ 94.6455632, 28.0323254 ], [ 94.6453916, 28.0322899 ], [ 94.6452776, 28.0322852 ], [ 94.6451998, 28.0323041 ], [ 94.6451689, 28.0324 ], [ 94.6451945, 28.0325427 ], [ 94.6452333, 28.0327421 ], [ 94.6452387, 28.0328155 ], [ 94.6452132, 28.0328628 ], [ 94.6451542, 28.0329185 ], [ 94.6450147, 28.0329185 ], [ 94.6448028, 28.0328451 ], [ 94.6446417, 28.0326773 ], [ 94.6445212, 28.0325065 ], [ 94.6443951, 28.0322556 ], [ 94.644253, 28.032052 ], [ 94.6440023, 28.0318142 ], [ 94.6437626, 28.0316514 ], [ 94.6435931, 28.0315571 ], [ 94.6434885, 28.0314885 ], [ 94.6433678, 28.0314506 ], [ 94.643282, 28.0314719 ], [ 94.643231, 28.0315453 ], [ 94.6432391, 28.0316921 ], [ 94.6432338, 28.0321724 ], [ 94.6431969, 28.0326229 ], [ 94.6430186, 28.0331819 ], [ 94.6428402, 28.0334207 ], [ 94.6426681, 28.0335401 ], [ 94.642539, 28.0335601 ], [ 94.6423484, 28.0335238 ], [ 94.6421516, 28.0334967 ], [ 94.6419999, 28.0335175 ], [ 94.6418134, 28.033589 ], [ 94.641737, 28.0337305 ], [ 94.6417344, 28.0342419 ], [ 94.6417027, 28.0344845 ], [ 94.6415853, 28.0348747 ], [ 94.6414243, 28.0351811 ], [ 94.6411979, 28.035402 ], [ 94.6407743, 28.0357598 ], [ 94.6404442, 28.036227 ], [ 94.6403718, 28.036375 ], [ 94.6403463, 28.0365253 ], [ 94.6403249, 28.0366402 ], [ 94.6402551, 28.0367207 ], [ 94.6401425, 28.0367574 ], [ 94.6400486, 28.0367597 ], [ 94.6399252, 28.036742 ], [ 94.6397455, 28.0366982 ], [ 94.639437, 28.0366248 ], [ 94.6391729, 28.0365691 ], [ 94.6390052, 28.036523 ], [ 94.6389154, 28.0365159 ], [ 94.6388617, 28.0365313 ], [ 94.6388081, 28.036562 ], [ 94.6387812, 28.0366331 ], [ 94.6387947, 28.0367171 ], [ 94.6388322, 28.0369278 ], [ 94.6388081, 28.0372178 ], [ 94.6387209, 28.0375019 ], [ 94.6386203, 28.0377564 ], [ 94.6384728, 28.037902 ], [ 94.6383601, 28.0379588 ], [ 94.6381912, 28.0379612 ], [ 94.6379819, 28.0379257 ], [ 94.6377459, 28.0378783 ], [ 94.6374804, 28.0378854 ], [ 94.6373302, 28.0379375 ], [ 94.6371424, 28.0381198 ], [ 94.637019, 28.0382926 ], [ 94.6369252, 28.0384027 ], [ 94.6368366, 28.038482 ], [ 94.6367401, 28.0385235 ], [ 94.6366261, 28.0385187 ], [ 94.6364933, 28.0384655 ], [ 94.63615, 28.0383423 ], [ 94.6361232, 28.0382358 ], [ 94.6361876, 28.0381151 ], [ 94.6363427, 28.0380138 ], [ 94.6365496, 28.0378523 ], [ 94.6366811, 28.0376345 ], [ 94.6368822, 28.0374151 ], [ 94.6372142, 28.0372632 ], [ 94.6374233, 28.0371329 ], [ 94.6376091, 28.0370024 ], [ 94.6376869, 28.0368651 ], [ 94.637695, 28.0367491 ], [ 94.6376172, 28.0365218 ], [ 94.6375367, 28.0362874 ], [ 94.6375555, 28.0361075 ], [ 94.6377271, 28.0358187 ], [ 94.6379417, 28.0355133 ], [ 94.6381539, 28.0352931 ], [ 94.638336, 28.0352079 ], [ 94.6385485, 28.0351683 ], [ 94.638792, 28.0351794 ], [ 94.6390897, 28.0352102 ], [ 94.6393767, 28.0351889 ], [ 94.6397415, 28.0351132 ], [ 94.6399453, 28.0349758 ], [ 94.6401009, 28.0347947 ], [ 94.6400955, 28.034687 ], [ 94.6400285, 28.0346089 ], [ 94.6396315, 28.0343792 ], [ 94.6394786, 28.0343177 ], [ 94.6394035, 28.0343248 ], [ 94.6393338, 28.0343627 ], [ 94.6391452, 28.0345503 ], [ 94.6389972, 28.0346669 ], [ 94.6388429, 28.034758 ], [ 94.6386954, 28.0347983 ], [ 94.6385828, 28.0347864 ], [ 94.6384889, 28.0347391 ], [ 94.638277, 28.0345568 ], [ 94.6380249, 28.0344266 ], [ 94.6375608, 28.0342325 ], [ 94.6373731, 28.0341591 ], [ 94.6372578, 28.0341638 ], [ 94.6371236, 28.0342348 ], [ 94.6368391, 28.0344519 ], [ 94.6366596, 28.0344952 ], [ 94.6364424, 28.0344929 ], [ 94.6362922, 28.0344053 ], [ 94.6361074, 28.0342348 ], [ 94.6360105, 28.034088 ], [ 94.6359006, 28.0340194 ], [ 94.6356893, 28.0340286 ], [ 94.6352273, 28.0341188 ], [ 94.6348851, 28.0342686 ], [ 94.6347043, 28.0344479 ], [ 94.6343824, 28.0350019 ], [ 94.6342495, 28.0351383 ], [ 94.6340767, 28.035215 ], [ 94.6338943, 28.0351937 ], [ 94.6337306, 28.0350871 ], [ 94.6335803, 28.0348264 ], [ 94.6334389, 28.0346147 ], [ 94.6332975, 28.0344465 ], [ 94.6332197, 28.0343307 ], [ 94.6330748, 28.0342656 ], [ 94.6329099, 28.0342573 ], [ 94.6326631, 28.0342768 ], [ 94.6326061, 28.0342691 ], [ 94.6325545, 28.0342336 ], [ 94.6324928, 28.0341472 ], [ 94.6324298, 28.0340431 ], [ 94.6323252, 28.033985 ], [ 94.6322058, 28.0339779 ], [ 94.6318974, 28.0340892 ], [ 94.63177, 28.0341662 ], [ 94.631662, 28.0342945 ], [ 94.6314959, 28.0345116 ], [ 94.6313435, 28.0348078 ], [ 94.6312, 28.0352244 ], [ 94.631149, 28.0352741 ], [ 94.6310712, 28.0352883 ], [ 94.6309961, 28.0352777 ], [ 94.6308969, 28.0352292 ], [ 94.6308164, 28.0351546 ], [ 94.6307151, 28.0350597 ], [ 94.6305576, 28.0349569 ], [ 94.630394, 28.0350043 ], [ 94.630343, 28.0351179 ], [ 94.63034, 28.0352388 ], [ 94.6303672, 28.0353712 ], [ 94.630453, 28.0354588 ], [ 94.6306005, 28.0355227 ], [ 94.6307909, 28.0355642 ], [ 94.6308982, 28.0356328 ], [ 94.6310149, 28.0358104 ], [ 94.6310806, 28.0359477 ], [ 94.6311423, 28.036027 ], [ 94.631263, 28.0361028 ], [ 94.6313918, 28.0361442 ], [ 94.6315996, 28.0361939 ], [ 94.6318638, 28.0362495 ], [ 94.6321052, 28.0363265 ], [ 94.6322313, 28.0364164 ], [ 94.6322957, 28.0365052 ], [ 94.6323185, 28.0366473 ], [ 94.6323211, 28.0367763 ], [ 94.6322809, 28.0369373 ], [ 94.6321786, 28.0371418 ], [ 94.6320556, 28.0374167 ], [ 94.6319805, 28.0374948 ], [ 94.6319027, 28.0375078 ], [ 94.6317713, 28.0375078 ], [ 94.6316251, 28.0374771 ], [ 94.6315031, 28.0374202 ], [ 94.6313971, 28.037412 ], [ 94.631318, 28.0374735 ], [ 94.6312456, 28.0375575 ], [ 94.6312241, 28.0376227 ], [ 94.6311933, 28.0376866 ], [ 94.6311088, 28.0377363 ], [ 94.6310203, 28.0377126 ], [ 94.6309465, 28.0376605 ], [ 94.6308714, 28.0375232 ], [ 94.630866, 28.0372806 ], [ 94.6310286, 28.0369538 ], [ 94.631094, 28.0367645 ], [ 94.6310764, 28.0365935 ], [ 94.6309118, 28.0364165 ], [ 94.6307397, 28.0363405 ], [ 94.6305921, 28.0362863 ], [ 94.6304384, 28.0362483 ], [ 94.6303242, 28.036227 ], [ 94.6302183, 28.0362401 ], [ 94.6300828, 28.0363064 ], [ 94.6299782, 28.0363809 ], [ 94.6298629, 28.0364555 ], [ 94.629824, 28.0365467 ], [ 94.6298897, 28.0367633 ], [ 94.6299461, 28.0368982 ], [ 94.6299796, 28.0370793 ], [ 94.6299554, 28.0371539 ], [ 94.6299031, 28.0371882 ], [ 94.62982, 28.0372119 ], [ 94.6297382, 28.0372036 ], [ 94.6296564, 28.0371717 ], [ 94.6293962, 28.0370403 ], [ 94.6291441, 28.0369503 ], [ 94.6289504, 28.0368453 ], [ 94.6287536, 28.0366825 ], [ 94.6286318, 28.0366212 ], [ 94.6284682, 28.0365668 ], [ 94.6283314, 28.0365715 ], [ 94.6281597, 28.0366402 ], [ 94.6276957, 28.0370237 ], [ 94.6273604, 28.0373954 ], [ 94.6271058, 28.0376648 ], [ 94.62695, 28.0378783 ], [ 94.6268347, 28.0380322 ], [ 94.6266845, 28.0380748 ], [ 94.626545, 28.038018 ], [ 94.626411, 28.037909 ], [ 94.6262388, 28.0376268 ], [ 94.6260974, 28.0374205 ], [ 94.6260273, 28.0373267 ], [ 94.6259925, 28.0372178 ], [ 94.626022, 28.0371137 ], [ 94.626122, 28.0369918 ], [ 94.6262422, 28.0368486 ], [ 94.6263573, 28.0366165 ], [ 94.6263787, 28.0364271 ], [ 94.6263586, 28.0361395 ], [ 94.6263559, 28.0359323 ], [ 94.626313, 28.0358364 ], [ 94.6262312, 28.0357997 ], [ 94.6261507, 28.0358092 ], [ 94.6260273, 28.0358873 ], [ 94.625667, 28.0362374 ], [ 94.6253903, 28.036422 ], [ 94.6252468, 28.0365123 ], [ 94.6250537, 28.0365762 ], [ 94.624941, 28.0365526 ], [ 94.6248606, 28.0364768 ], [ 94.6248391, 28.0363442 ], [ 94.6248984, 28.0361832 ], [ 94.6250644, 28.0359389 ], [ 94.6251851, 28.0357121 ], [ 94.6252656, 28.0355038 ], [ 94.6253072, 28.0353582 ], [ 94.6252723, 28.0352682 ], [ 94.6251677, 28.0351996 ], [ 94.6250416, 28.0351321 ], [ 94.6249196, 28.0350516 ], [ 94.6247882, 28.0348764 ], [ 94.6246782, 28.0347107 ], [ 94.624579, 28.0346361 ], [ 94.6244797, 28.0346243 ], [ 94.6243282, 28.034655 ], [ 94.6241498, 28.0347308 ], [ 94.6240385, 28.0348492 ], [ 94.6239687, 28.0349356 ], [ 94.6238776, 28.0349794 ], [ 94.6237864, 28.0349711 ], [ 94.6236522, 28.034919 ], [ 94.6235517, 28.0348421 ], [ 94.6234497, 28.0347403 ], [ 94.6234202, 28.034629 ], [ 94.6234564, 28.0344988 ], [ 94.6236343, 28.0342336 ], [ 94.623722, 28.0340809 ], [ 94.6237904, 28.0339555 ], [ 94.6238574, 28.0338584 ], [ 94.6239392, 28.0337471 ], [ 94.6240318, 28.0336287 ], [ 94.6240747, 28.033482 ], [ 94.6241498, 28.0331458 ], [ 94.62419, 28.032793 ], [ 94.6241632, 28.0326533 ], [ 94.6240532, 28.0325444 ], [ 94.6238213, 28.032426 ], [ 94.6237421, 28.0323858 ], [ 94.6236362, 28.0323195 ], [ 94.6235919, 28.0322449 ], [ 94.6236147, 28.0321727 ], [ 94.6236992, 28.0320259 ], [ 94.6237743, 28.0319099 ], [ 94.623785, 28.0317939 ], [ 94.6237622, 28.0316743 ], [ 94.623777, 28.0315725 ], [ 94.623832, 28.0315051 ], [ 94.6239258, 28.0314459 ], [ 94.6239996, 28.0313464 ], [ 94.6239983, 28.0311558 ], [ 94.6239044, 28.0310244 ], [ 94.6238118, 28.0309641 ], [ 94.623726, 28.030951 ], [ 94.6236067, 28.0309747 ], [ 94.6234766, 28.0310836 ], [ 94.6233639, 28.0311476 ], [ 94.6232593, 28.0311618 ], [ 94.6231158, 28.031157 ], [ 94.6229294, 28.0310955 ], [ 94.622751, 28.0310813 ], [ 94.6226169, 28.0310481 ], [ 94.6225136, 28.0309795 ], [ 94.6224171, 28.0309013 ], [ 94.6223849, 28.0307664 ], [ 94.6223929, 28.0306338 ], [ 94.622511, 28.0304965 ], [ 94.6226397, 28.0304183 ], [ 94.6229026, 28.0303142 ], [ 94.6236992, 28.0298927 ], [ 94.6241109, 28.0297365 ], [ 94.6241418, 28.0296702 ], [ 94.6241176, 28.0296063 ], [ 94.6240371, 28.0295281 ], [ 94.6238387, 28.0294671 ], [ 94.6234524, 28.0294216 ], [ 94.6232231, 28.0293873 ], [ 94.6231373, 28.0293541 ], [ 94.6230957, 28.0292866 ], [ 94.623097, 28.0292144 ], [ 94.623203, 28.0290807 ], [ 94.6234658, 28.0289007 ], [ 94.6238306, 28.0286308 ], [ 94.6243, 28.0283514 ], [ 94.6247452, 28.0280413 ], [ 94.6251413, 28.0278053 ], [ 94.6252696, 28.027737 ], [ 94.6253461, 28.0277441 ], [ 94.625385, 28.0277796 ], [ 94.6254131, 28.0278921 ], [ 94.6253917, 28.0281585 ], [ 94.6254158, 28.0282579 ], [ 94.625452, 28.0283467 ], [ 94.625503, 28.0283881 ], [ 94.6255781, 28.0284047 ], [ 94.6256572, 28.0283751 ], [ 94.6257256, 28.028278 ], [ 94.6258087, 28.028078 ], [ 94.6258517, 28.0279762 ], [ 94.6258865, 28.0278696 ], [ 94.6258678, 28.0276956 ], [ 94.6258235, 28.027563 ], [ 94.6257819, 28.0274778 ], [ 94.625731, 28.0274044 ], [ 94.6256438, 28.0273523 ], [ 94.6254802, 28.027376 ], [ 94.6253112, 28.0274352 ], [ 94.6250065, 28.0275635 ], [ 94.6246978, 28.0277209 ], [ 94.6243761, 28.0278898 ], [ 94.6240157, 28.0281123 ], [ 94.6237931, 28.0282141 ], [ 94.6235865, 28.0284011 ], [ 94.6234015, 28.0285669 ], [ 94.6232325, 28.0286711 ], [ 94.6226598, 28.0290428 ], [ 94.622511, 28.0291292 ], [ 94.6223581, 28.0291446 ], [ 94.6222186, 28.0291446 ], [ 94.622051, 28.0292109 ], [ 94.6219611, 28.0293103 ], [ 94.6218544, 28.0295439 ], [ 94.6218136, 28.0297909 ], [ 94.6218239, 28.0301426 ], [ 94.6217544, 28.0303229 ], [ 94.6215152, 28.0306108 ], [ 94.6210384, 28.0308256 ], [ 94.6207273, 28.0310481 ], [ 94.6205449, 28.0312896 ], [ 94.620325, 28.0316353 ], [ 94.6202177, 28.0320898 ], [ 94.6199334, 28.0327149 ], [ 94.6196061, 28.0330747 ], [ 94.6191413, 28.0334271 ], [ 94.6183616, 28.0337968 ], [ 94.6178976, 28.0339412 ], [ 94.6175247, 28.0340265 ], [ 94.6170956, 28.0340786 ], [ 94.6166892, 28.0341179 ], [ 94.6165082, 28.0341046 ], [ 94.6162802, 28.0340573 ], [ 94.6161085, 28.0340454 ], [ 94.6159959, 28.0341093 ], [ 94.6159066, 28.0342484 ], [ 94.6158108, 28.0343958 ], [ 94.6156982, 28.0344361 ], [ 94.6155909, 28.0344408 ], [ 94.6153709, 28.0344361 ], [ 94.6149793, 28.0343816 ], [ 94.6147674, 28.0343106 ], [ 94.6144992, 28.0341662 ], [ 94.6142938, 28.0340745 ], [ 94.6141613, 28.0340644 ], [ 94.6140486, 28.0340951 ], [ 94.6140164, 28.0341851 ], [ 94.6140701, 28.0343579 ], [ 94.6142578, 28.0346704 ], [ 94.6142873, 28.0348811 ], [ 94.6142444, 28.0350492 ], [ 94.6141344, 28.0352102 ], [ 94.6137643, 28.0356222 ], [ 94.6136235, 28.0357133 ], [ 94.6135028, 28.03575 ], [ 94.6133512, 28.0357524 ], [ 94.6131487, 28.0357192 ], [ 94.612902, 28.0356908 ], [ 94.6126418, 28.0357015 ], [ 94.6123441, 28.0357642 ], [ 94.6120074, 28.0358992 ], [ 94.6117996, 28.0359939 ], [ 94.6116427, 28.0360838 ], [ 94.6114643, 28.0362543 ], [ 94.6112323, 28.0363951 ], [ 94.6109949, 28.036478 ], [ 94.6107642, 28.0365064 ], [ 94.610256, 28.0365159 ], [ 94.609812, 28.0365573 ], [ 94.6094325, 28.0366579 ], [ 94.6089913, 28.0368012 ], [ 94.6086632, 28.036904 ], [ 94.6084495, 28.0369231 ], [ 94.6083516, 28.0369053 ], [ 94.6082617, 28.0368663 ], [ 94.6082, 28.0368094 ], [ 94.6081249, 28.0367207 ], [ 94.6080163, 28.0366011 ], [ 94.6078842, 28.0365424 ], [ 94.6077159, 28.0365171 ], [ 94.6075577, 28.0365135 ], [ 94.6074182, 28.0365017 ], [ 94.607323, 28.0364697 ], [ 94.60728, 28.0364011 ], [ 94.6072787, 28.0363288 ], [ 94.6073323, 28.036259 ], [ 94.607453, 28.0362069 ], [ 94.6075751, 28.0361927 ], [ 94.6079734, 28.0361667 ], [ 94.6083221, 28.0361904 ], [ 94.6085849, 28.0362282 ], [ 94.6086842, 28.0362661 ], [ 94.6088491, 28.0363217 ], [ 94.6089806, 28.0363596 ], [ 94.6091013, 28.0363715 ], [ 94.6092371, 28.0363514 ], [ 94.6093641, 28.0362933 ], [ 94.6094634, 28.036259 ], [ 94.6095814, 28.0362507 ], [ 94.6096659, 28.0362626 ], [ 94.6098107, 28.0362768 ], [ 94.6099649, 28.0362898 ], [ 94.6100293, 28.0362898 ], [ 94.6100816, 28.0362756 ], [ 94.6101326, 28.0362069 ], [ 94.6101741, 28.0360874 ], [ 94.6102412, 28.0359844 ], [ 94.6103257, 28.0358968 ], [ 94.6106023, 28.0356913 ], [ 94.6107656, 28.0354943 ], [ 94.6108755, 28.0353428 ], [ 94.6109265, 28.0352741 ], [ 94.610956, 28.0351652 ], [ 94.6109936, 28.0350492 ], [ 94.6111143, 28.0349829 ], [ 94.6112967, 28.0349972 ], [ 94.6114469, 28.0350563 ], [ 94.6115729, 28.0351723 ], [ 94.611707, 28.0352812 ], [ 94.6118143, 28.0353215 ], [ 94.6119511, 28.0353262 ], [ 94.6121791, 28.0352765 ], [ 94.6124806, 28.0351541 ], [ 94.6129087, 28.0350469 ], [ 94.6131313, 28.0350185 ], [ 94.6133512, 28.0350208 ], [ 94.6135148, 28.034964 ], [ 94.6135497, 28.0348267 ], [ 94.6134022, 28.0346775 ], [ 94.6131608, 28.0345355 ], [ 94.6129333, 28.0343449 ], [ 94.612589, 28.0339758 ], [ 94.6124849, 28.0338039 ], [ 94.6124561, 28.0335963 ], [ 94.6124393, 28.0331647 ], [ 94.6124125, 28.0329871 ], [ 94.6123897, 28.0328498 ], [ 94.6123947, 28.0327995 ], [ 94.6124285, 28.0327551 ], [ 94.6125117, 28.032703 ], [ 94.6126677, 28.0326951 ], [ 94.6130159, 28.0326841 ], [ 94.6132171, 28.0327149 ], [ 94.6133485, 28.0327326 ], [ 94.6134203, 28.0327314 ], [ 94.6134941, 28.0326853 ], [ 94.6135685, 28.0326143 ], [ 94.6136181, 28.0325172 ], [ 94.6136597, 28.0324213 ], [ 94.613716, 28.032368 ], [ 94.6138179, 28.0323361 ], [ 94.6140593, 28.0323692 ], [ 94.6142149, 28.0324189 ], [ 94.6144831, 28.0325776 ], [ 94.614695, 28.0327243 ], [ 94.6148492, 28.0328226 ], [ 94.6149914, 28.0328628 ], [ 94.6151067, 28.0328628 ], [ 94.6152529, 28.0327966 ], [ 94.6153803, 28.0326983 ], [ 94.6154554, 28.0325953 ], [ 94.6155037, 28.0324615 ], [ 94.6155211, 28.0323266 ], [ 94.615501, 28.0322023 ], [ 94.6154514, 28.0320555 ], [ 94.6153031, 28.0316346 ], [ 94.6153441, 28.0315169 ], [ 94.6154085, 28.031453 ], [ 94.6155292, 28.031434 ], [ 94.6156901, 28.0314624 ], [ 94.6158618, 28.0314719 ], [ 94.6160307, 28.0314364 ], [ 94.6161917, 28.0313606 ], [ 94.6162829, 28.0312281 ], [ 94.6164027, 28.0311007 ], [ 94.6166316, 28.0308883 ], [ 94.6167067, 28.0308173 ], [ 94.6167134, 28.030764 ], [ 94.6166731, 28.0307226 ], [ 94.6165913, 28.0306906 ], [ 94.6164787, 28.03068 ], [ 94.6163177, 28.0306551 ], [ 94.6162802, 28.0305959 ], [ 94.6162802, 28.0305273 ], [ 94.6163191, 28.0304953 ], [ 94.6163848, 28.0304633 ], [ 94.6167201, 28.0303094 ], [ 94.6169078, 28.0301484 ], [ 94.616999, 28.0300395 ], [ 94.6169507, 28.0299567 ], [ 94.61683, 28.0299188 ], [ 94.6166825, 28.0299164 ], [ 94.6160352, 28.0299989 ], [ 94.6152142, 28.0300604 ], [ 94.6149257, 28.0300703 ], [ 94.614636, 28.03012 ], [ 94.6143892, 28.0301603 ], [ 94.6142015, 28.0301555 ], [ 94.6139199, 28.0300656 ], [ 94.6137241, 28.0300608 ], [ 94.6134865, 28.0301396 ], [ 94.6133029, 28.0302479 ], [ 94.6131393, 28.0302787 ], [ 94.6129703, 28.0302574 ], [ 94.6127987, 28.0301958 ], [ 94.6127155, 28.0300632 ], [ 94.6127209, 28.0299496 ], [ 94.6127906, 28.029798 ], [ 94.6128175, 28.0296252 ], [ 94.612745, 28.0295352 ], [ 94.6125787, 28.0295068 ], [ 94.6122703, 28.0294571 ], [ 94.6121308, 28.0293529 ], [ 94.6120772, 28.0292322 ], [ 94.6120986, 28.0290807 ], [ 94.6121322, 28.029012 ], [ 94.6121617, 28.0289114 ], [ 94.6121523, 28.0288226 ], [ 94.6121053, 28.0287539 ], [ 94.6119873, 28.0287184 ], [ 94.6118277, 28.0287326 ], [ 94.6113142, 28.0287751 ], [ 94.6109587, 28.0287468 ], [ 94.610779, 28.02869 ], [ 94.6107227, 28.0286474 ], [ 94.6106744, 28.028529 ], [ 94.610709, 28.0283971 ], [ 94.6107522, 28.0282638 ], [ 94.6107392, 28.0280443 ], [ 94.6106447, 28.0278541 ], [ 94.6106932, 28.0276411 ], [ 94.6108836, 28.0275204 ], [ 94.6111652, 28.0273949 ], [ 94.611361, 28.0273049 ], [ 94.611479, 28.0272126 ], [ 94.6115515, 28.0271037 ], [ 94.6115838, 28.0269099 ], [ 94.6115229, 28.0265876 ], [ 94.6114844, 28.0264147 ], [ 94.6114576, 28.0262347 ], [ 94.6114951, 28.026069 ], [ 94.6116319, 28.025882 ], [ 94.6117848, 28.0257399 ], [ 94.6118519, 28.0256073 ], [ 94.6118304, 28.0254297 ], [ 94.6117339, 28.0252948 ], [ 94.611589, 28.0252427 ], [ 94.6114066, 28.0252995 ], [ 94.611176, 28.0254203 ], [ 94.6109453, 28.0254747 ], [ 94.6107575, 28.0254203 ], [ 94.6105912, 28.025309 ], [ 94.6104142, 28.0252924 ], [ 94.6102881, 28.0253492 ], [ 94.6100843, 28.0255552 ], [ 94.609918, 28.0258109 ], [ 94.6097651, 28.0260477 ], [ 94.6096095, 28.0262821 ], [ 94.6094513, 28.0263958 ], [ 94.6092528, 28.026481 ], [ 94.608947, 28.0265994 ], [ 94.6086681, 28.0266633 ], [ 94.6084964, 28.0266444 ], [ 94.6083999, 28.0265212 ], [ 94.6083623, 28.0263555 ], [ 94.6084066, 28.0260773 ], [ 94.6085045, 28.025631 ], [ 94.6085568, 28.0255031 ], [ 94.6085876, 28.0253871 ], [ 94.6085595, 28.0252758 ], [ 94.6084844, 28.0251681 ], [ 94.6083637, 28.0250829 ], [ 94.6082202, 28.0250841 ], [ 94.6080954, 28.0251432 ], [ 94.6080136, 28.025238 ], [ 94.6079144, 28.0254037 ], [ 94.6077749, 28.0258417 ], [ 94.6076757, 28.0260951 ], [ 94.607614, 28.0263152 ], [ 94.6076274, 28.0265615 ], [ 94.6076931, 28.0267971 ], [ 94.6077749, 28.0270469 ], [ 94.6078768, 28.0274079 ], [ 94.6078768, 28.0274979 ], [ 94.6078607, 28.0275713 ], [ 94.6078151, 28.0276234 ], [ 94.6077494, 28.0276447 ], [ 94.6076757, 28.0276281 ], [ 94.60761, 28.0275808 ], [ 94.6075335, 28.0274754 ], [ 94.6074463, 28.0274138 ], [ 94.6073391, 28.0273594 ], [ 94.6071419, 28.0273475 ], [ 94.6068603, 28.0274032 ], [ 94.6065062, 28.027563 ], [ 94.6061964, 28.0276565 ], [ 94.6059148, 28.0276885 ], [ 94.605778, 28.0276613 ], [ 94.6057123, 28.0275642 ], [ 94.6057123, 28.0274659 ], [ 94.6057606, 28.0273464 ], [ 94.6059014, 28.0271865 ], [ 94.6059926, 28.0270978 ], [ 94.6060261, 28.0270078 ], [ 94.6059979, 28.0269474 ], [ 94.6059228, 28.0269048 ], [ 94.6058317, 28.026887 ], [ 94.6056586, 28.0269012 ], [ 94.6054374, 28.0269427 ], [ 94.6053086, 28.0269877 ], [ 94.6051973, 28.027067 ], [ 94.6051155, 28.0271688 ], [ 94.6049814, 28.0273251 ], [ 94.6049479, 28.0274446 ], [ 94.6049492, 28.0275867 ], [ 94.6049626, 28.0277098 ], [ 94.6049546, 28.0277974 ], [ 94.6049117, 28.0278684 ], [ 94.6048111, 28.0279596 ], [ 94.6047172, 28.028033 ], [ 94.6045992, 28.0281383 ], [ 94.6044436, 28.028336 ], [ 94.6043511, 28.0284781 ], [ 94.6042827, 28.0285254 ], [ 94.6042156, 28.0285337 ], [ 94.6041365, 28.0285053 ], [ 94.6040614, 28.0284118 ], [ 94.6039957, 28.0281881 ], [ 94.6038535, 28.0279939 ], [ 94.6037436, 28.0279253 ], [ 94.6036148, 28.0279039 ], [ 94.6034458, 28.0279821 ], [ 94.6032956, 28.028072 ] ] } },
{ "type": "Feature", "properties": { "asset_name": "OSM Way 238541150", "asset_type": "road", "osm_id": 238541150 }, "geometry": { "type": "LineString", "coordinates": [ [ 94.4308963, 27.9933536 ], [ 94.4307991, 27.9935824 ], [ 94.4306279, 27.9937663 ], [ 94.4303734, 27.9939256 ], [ 94.4302114, 27.9940441 ], [ 94.4300449, 27.9941422 ], [ 94.4298598, 27.9942157 ], [ 94.4297302, 27.9941381 ], [ 94.4297626, 27.9940155 ], [ 94.4298551, 27.9938602 ], [ 94.4300217, 27.9937254 ], [ 94.4301513, 27.9935538 ], [ 94.4303919, 27.9932964 ], [ 94.4304197, 27.9931411 ], [ 94.43054, 27.9927979 ], [ 94.4307112, 27.9926345 ], [ 94.4312248, 27.9920788 ], [ 94.4312526, 27.9919072 ], [ 94.4312803, 27.9913433 ], [ 94.4313775, 27.9911962 ], [ 94.4321086, 27.9905261 ], [ 94.4319883, 27.9903259 ], [ 94.4317662, 27.9900848 ], [ 94.431669, 27.9898274 ], [ 94.4315626, 27.9897089 ], [ 94.4315163, 27.9896312 ], [ 94.431433, 27.9895822 ], [ 94.4309935, 27.98957 ], [ 94.430887, 27.9894882 ], [ 94.4306464, 27.9891695 ], [ 94.4305122, 27.9891001 ], [ 94.4303503, 27.9890551 ], [ 94.4302299, 27.9890878 ], [ 94.4301235, 27.989288 ], [ 94.4299708, 27.9894637 ], [ 94.4298042, 27.9894882 ], [ 94.4297117, 27.9893493 ], [ 94.4298366, 27.989096 ], [ 94.429869, 27.9888998 ], [ 94.4299014, 27.9886506 ], [ 94.4299616, 27.9884545 ], [ 94.4299986, 27.9880377 ], [ 94.4298181, 27.9879396 ], [ 94.4295359, 27.9878824 ], [ 94.4293461, 27.9879805 ], [ 94.429161, 27.9880704 ], [ 94.4289297, 27.988148 ], [ 94.4288047, 27.9881684 ], [ 94.4286844, 27.9884545 ], [ 94.4283235, 27.9887773 ], [ 94.4281153, 27.9886955 ], [ 94.4280227, 27.9885566 ], [ 94.4280366, 27.9884013 ], [ 94.428069, 27.988242 ], [ 94.4280815, 27.9880667 ], [ 94.4280514, 27.9878941 ], [ 94.4280281, 27.9878471 ], [ 94.4279388, 27.9878083 ], [ 94.4278329, 27.9878083 ], [ 94.4277512, 27.9879192 ], [ 94.4277058, 27.9880862 ], [ 94.4276786, 27.9882278 ], [ 94.4276105, 27.9882933 ], [ 94.427435, 27.9883788 ], [ 94.4273518, 27.9884522 ], [ 94.4272868, 27.9885618 ], [ 94.4272247, 27.9886165 ], [ 94.4270977, 27.9886286 ], [ 94.4270175, 27.9885711 ], [ 94.4269918, 27.9884816 ], [ 94.4270281, 27.9882692 ], [ 94.4270447, 27.9880541 ], [ 94.4271098, 27.9879018 ], [ 94.4272126, 27.9877963 ], [ 94.4273322, 27.9876654 ], [ 94.427376, 27.9875264 ], [ 94.4273942, 27.9873341 ], [ 94.4273836, 27.9871804 ], [ 94.4272913, 27.9870468 ], [ 94.4271899, 27.9869693 ], [ 94.4268359, 27.9868064 ], [ 94.4267119, 27.9867823 ], [ 94.4266332, 27.9867997 ], [ 94.4265666, 27.9868571 ], [ 94.4264592, 27.986984 ], [ 94.4263155, 27.9870802 ], [ 94.426134, 27.9871711 ], [ 94.4259615, 27.9871671 ], [ 94.4258949, 27.9871123 ], [ 94.4258722, 27.9870508 ], [ 94.4258798, 27.986984 ], [ 94.4259418, 27.9869159 ], [ 94.4260538, 27.9868371 ], [ 94.4261415, 27.9867169 ], [ 94.4262066, 27.986598 ], [ 94.4262232, 27.9865272 ], [ 94.4262134, 27.9861866 ], [ 94.4261903, 27.9859987 ], [ 94.4260052, 27.9858311 ], [ 94.4257739, 27.9856554 ], [ 94.4254407, 27.9853858 ], [ 94.425214, 27.9854184 ], [ 94.4250057, 27.9855083 ], [ 94.4248299, 27.9855655 ], [ 94.4246587, 27.9857208 ], [ 94.4244597, 27.9857985 ], [ 94.4242839, 27.9857576 ], [ 94.4242191, 27.9856309 ], [ 94.4242422, 27.9854307 ], [ 94.4241497, 27.9852632 ], [ 94.4240386, 27.9851406 ], [ 94.423847, 27.9848331 ], [ 94.4237779, 27.9847094 ], [ 94.4237426, 27.9846691 ], [ 94.4236953, 27.9846408 ], [ 94.4236309, 27.9846166 ], [ 94.4235652, 27.9846255 ], [ 94.4233769, 27.9846584 ], [ 94.4231779, 27.9847279 ], [ 94.4230114, 27.9848995 ], [ 94.4229281, 27.9851038 ], [ 94.4228633, 27.9854552 ], [ 94.4226504, 27.9856105 ], [ 94.42247, 27.9856677 ], [ 94.422345, 27.9856105 ], [ 94.4223404, 27.9854552 ], [ 94.4224607, 27.9853204 ], [ 94.4224283, 27.9851365 ], [ 94.4223774, 27.9849158 ], [ 94.4224561, 27.9846421 ], [ 94.4224006, 27.9844255 ], [ 94.4223497, 27.9842457 ], [ 94.4222849, 27.9841721 ], [ 94.4221137, 27.9841394 ], [ 94.4218823, 27.9841762 ], [ 94.4216278, 27.9841721 ], [ 94.4214057, 27.9840945 ], [ 94.4212021, 27.9840495 ], [ 94.4209059, 27.9838779 ], [ 94.4208319, 27.9837063 ], [ 94.4209707, 27.9835388 ], [ 94.4209985, 27.9833631 ], [ 94.4207394, 27.9826479 ], [ 94.4207995, 27.98246 ], [ 94.4207949, 27.982317 ], [ 94.4206237, 27.9821739 ], [ 94.4204247, 27.9821412 ], [ 94.4202303, 27.9821944 ], [ 94.4201656, 27.9822802 ], [ 94.4202396, 27.9826847 ], [ 94.4202674, 27.9829176 ], [ 94.4201609, 27.9830157 ], [ 94.4200545, 27.9829871 ], [ 94.4198278, 27.9830239 ], [ 94.4198278, 27.9832446 ], [ 94.4197908, 27.9834325 ], [ 94.4197815, 27.983788 ], [ 94.4201748, 27.9841354 ], [ 94.4202023, 27.9842504 ], [ 94.4202072, 27.9843397 ], [ 94.4201958, 27.9844258 ], [ 94.4201702, 27.9844786 ], [ 94.4200792, 27.9845345 ], [ 94.4199758, 27.9845481 ], [ 94.4198231, 27.9844827 ], [ 94.4196658, 27.984401 ], [ 94.4195131, 27.9843233 ], [ 94.4190319, 27.9841517 ], [ 94.4188236, 27.984119 ], [ 94.4185645, 27.9841108 ], [ 94.4182869, 27.9841313 ], [ 94.418037, 27.9842988 ], [ 94.4175689, 27.9846249 ] ] } },
{ "type": "Feature", "properties": { "asset_name": "OSM Way 238541152", "asset_type": "road", "osm_id": 238541152 }, "geometry": { "type": "LineString", "coordinates": [ [ 94.53224, 28.0045075 ], [ 94.5316225, 28.0042492 ] ] } },
{ "type": "Feature", "properties": { "asset_name": "OSM Way 238541153", "asset_type": "road", "osm_id": 238541153 }, "geometry": { "type": "LineString", "coordinates": [ [ 94.3134648, 27.9567779 ], [ 94.3126874, 27.9566063 ] ] } },
{ "type": "Feature", "properties": { "asset_name": "OSM Way 238541154", "asset_type": "road", "osm_id": 238541154 }, "geometry": { "type": "LineString", "coordinates": [ [ 94.3126874, 27.9566063 ], [ 94.3122709, 27.9566022 ], [ 94.3119516, 27.9566594 ], [ 94.311711, 27.9565817 ], [ 94.3114921, 27.9563875 ], [ 94.311071, 27.9561177 ], [ 94.3109183, 27.9560768 ], [ 94.3104464, 27.9562444 ], [ 94.3100808, 27.9562935 ], [ 94.3099096, 27.9561095 ], [ 94.3096551, 27.9558765 ], [ 94.3090026, 27.9556313 ], [ 94.3085029, 27.9555291 ], [ 94.3076191, 27.9556395 ], [ 94.3073183, 27.9556722 ], [ 94.3070175, 27.9557294 ], [ 94.3065918, 27.9559092 ], [ 94.3061707, 27.9560196 ], [ 94.3058607, 27.9561013 ], [ 94.3056432, 27.9562321 ], [ 94.3054118, 27.9564038 ], [ 94.3052545, 27.9564038 ], [ 94.3050833, 27.9562648 ], [ 94.3047039, 27.9559256 ], [ 94.3043661, 27.9557457 ], [ 94.3041023, 27.9556477 ], [ 94.3039496, 27.9556477 ], [ 94.303635, 27.9557049 ], [ 94.3034653, 27.9557623 ], [ 94.3032454, 27.9559352 ], [ 94.3029435, 27.9560491 ], [ 94.302765, 27.9560646 ], [ 94.3025641, 27.9561129 ], [ 94.3024153, 27.9562442 ], [ 94.3023578, 27.9564733 ], [ 94.3021959, 27.9566899 ], [ 94.3019229, 27.9568166 ], [ 94.3016221, 27.956882 ], [ 94.301363, 27.9569638 ], [ 94.3010946, 27.957115 ], [ 94.3008817, 27.9573153 ], [ 94.3004329, 27.9576014 ], [ 94.2999054, 27.9579202 ], [ 94.299401, 27.9582145 ], [ 94.2990863, 27.9583821 ], [ 94.2989151, 27.9585128 ], [ 94.2986375, 27.9588562 ], [ 94.2985877, 27.9589725 ], [ 94.2985786, 27.9591905 ], [ 94.2984751, 27.9592355 ], [ 94.2983228, 27.9592158 ], [ 94.2981747, 27.9591055 ], [ 94.2981007, 27.958987 ], [ 94.2978046, 27.9588603 ], [ 94.2973696, 27.9590851 ], [ 94.2972493, 27.9592036 ], [ 94.2971151, 27.9594406 ], [ 94.2969717, 27.9598248 ], [ 94.2966292, 27.9603848 ], [ 94.2964673, 27.9606178 ], [ 94.2962776, 27.9610551 ], [ 94.2961387, 27.9612594 ], [ 94.2960092, 27.9614025 ], [ 94.2958426, 27.9616845 ], [ 94.2953891, 27.9622036 ], [ 94.2950745, 27.9627267 ], [ 94.2947182, 27.9630905 ], [ 94.294496, 27.963446 ], [ 94.2942045, 27.964055 ], [ 94.2938852, 27.9649623 ], [ 94.2933022, 27.966168 ], [ 94.2928395, 27.9666911 ], [ 94.2924739, 27.9673654 ], [ 94.291988, 27.9681256 ], [ 94.2915901, 27.9685588 ], [ 94.2911551, 27.9688531 ], [ 94.2905443, 27.9692863 ], [ 94.2900816, 27.9696377 ], [ 94.2886471, 27.9709578 ], [ 94.2880872, 27.9714114 ], [ 94.2864168, 27.9727437 ], [ 94.2859402, 27.973091 ], [ 94.2851582, 27.9735242 ], [ 94.2846168, 27.9739084 ], [ 94.2840985, 27.9741658 ], [ 94.2837191, 27.9743129 ], [ 94.2830897, 27.9744805 ], [ 94.2825206, 27.9747134 ], [ 94.2823401, 27.9748115 ], [ 94.2821134, 27.9751875 ], [ 94.2818589, 27.9755921 ], [ 94.2814239, 27.9760293 ], [ 94.2810028, 27.9765238 ], [ 94.2804938, 27.9767445 ], [ 94.2801236, 27.9769038 ], [ 94.2794157, 27.9771695 ], [ 94.2790224, 27.9774024 ], [ 94.2786707, 27.9776885 ], [ 94.2785041, 27.9779459 ], [ 94.2784393, 27.9782401 ], [ 94.2784624, 27.9785384 ], [ 94.2782774, 27.978657 ], [ 94.2781247, 27.9787428 ], [ 94.2778979, 27.9789144 ], [ 94.277773, 27.9790533 ], [ 94.2776203, 27.979131 ], [ 94.2774768, 27.9791678 ], [ 94.2772901, 27.9792136 ], [ 94.2769727, 27.9794246 ], [ 94.2766488, 27.9797222 ], [ 94.2759028, 27.9803116 ], [ 94.2756378, 27.9804503 ], [ 94.2752746, 27.9806295 ], [ 94.2749277, 27.9807884 ], [ 94.2744435, 27.9809878 ], [ 94.273524, 27.9814125 ], [ 94.2732165, 27.9815744 ], [ 94.2728173, 27.9817217 ], [ 94.2720386, 27.9820338 ], [ 94.2716492, 27.9821956 ], [ 94.27143, 27.9823776 ], [ 94.2708116, 27.9827966 ], [ 94.2703273, 27.9832445 ], [ 94.2699379, 27.9834612 ], [ 94.2693044, 27.9842396 ], [ 94.2689434, 27.9847136 ], [ 94.2687213, 27.985065 ], [ 94.2683789, 27.9853756 ], [ 94.2678699, 27.9857352 ], [ 94.2674072, 27.9861601 ], [ 94.2671276, 27.9863195 ], [ 94.2669379, 27.9864217 ], [ 94.2668037, 27.9865606 ], [ 94.2660865, 27.9871 ], [ 94.2654849, 27.9876026 ], [ 94.2648186, 27.9881092 ], [ 94.2645039, 27.9881256 ], [ 94.2641754, 27.988146 ], [ 94.2639209, 27.9881174 ], [ 94.2636248, 27.9879989 ], [ 94.2632083, 27.9881092 ], [ 94.262926, 27.988146 ], [ 94.2627872, 27.9882318 ], [ 94.2624911, 27.9883667 ], [ 94.2623106, 27.9885301 ], [ 94.2620376, 27.9888202 ], [ 94.261834, 27.989049 ], [ 94.2615702, 27.9891675 ], [ 94.2605198, 27.9896334 ], [ 94.2602052, 27.9897151 ], [ 94.2599414, 27.9897273 ], [ 94.2596638, 27.9897273 ], [ 94.2593538, 27.9897396 ], [ 94.2591039, 27.98976 ], [ 94.2588771, 27.9898091 ], [ 94.2586088, 27.9898744 ], [ 94.2583496, 27.989903 ], [ 94.2581164, 27.9898434 ], [ 94.2577597, 27.9897076 ], [ 94.2575732, 27.9897076 ], [ 94.2573082, 27.9897336 ], [ 94.2570399, 27.9897913 ], [ 94.2564869, 27.9900196 ], [ 94.2560125, 27.9901121 ], [ 94.2550963, 27.9901496 ], [ 94.2548149, 27.9900832 ], [ 94.2546513, 27.9900023 ], [ 94.2542031, 27.9897942 ], [ 94.2538726, 27.9897538 ], [ 94.2531626, 27.9897133 ], [ 94.2526325, 27.9896267 ], [ 94.2523184, 27.9896787 ], [ 94.252073, 27.9896902 ], [ 94.2512059, 27.9897971 ], [ 94.2505581, 27.9898058 ], [ 94.2501818, 27.9898462 ], [ 94.2499789, 27.9899474 ], [ 94.2497499, 27.9900543 ], [ 94.2492689, 27.9902218 ], [ 94.2490202, 27.9902912 ], [ 94.2488959, 27.9902854 ], [ 94.248801, 27.9902074 ], [ 94.2487094, 27.9900629 ], [ 94.2485949, 27.9895198 ], [ 94.2483724, 27.9891846 ], [ 94.2481957, 27.9889852 ], [ 94.247947, 27.9887974 ], [ 94.2474039, 27.988679 ], [ 94.2466742, 27.9884912 ], [ 94.2456828, 27.9881733 ], [ 94.245084, 27.9879971 ], [ 94.2448157, 27.98787 ], [ 94.2444133, 27.9876504 ], [ 94.2438407, 27.9872401 ], [ 94.2432353, 27.9870494 ], [ 94.2428951, 27.9869251 ], [ 94.2424926, 27.9868731 ], [ 94.2406636, 27.9867402 ], [ 94.2396002, 27.9866102 ], [ 94.2387658, 27.9865466 ], [ 94.2380231, 27.9865033 ], [ 94.2372574, 27.9864975 ], [ 94.2367175, 27.9865322 ], [ 94.2360991, 27.986616 ], [ 94.2354807, 27.986746 ], [ 94.2348132, 27.9870754 ], [ 94.2345122, 27.9872776 ], [ 94.2340476, 27.9874366 ], [ 94.232994, 27.9877515 ], [ 94.2324574, 27.9878989 ], [ 94.2318684, 27.9879855 ], [ 94.2314562, 27.9883005 ], [ 94.2310635, 27.9886385 ], [ 94.2303404, 27.9891817 ], [ 94.2296729, 27.9897162 ], [ 94.2290218, 27.990245 ], [ 94.2282398, 27.9909384 ], [ 94.2278995, 27.9913255 ], [ 94.2275592, 27.9916954 ], [ 94.2272615, 27.9919294 ], [ 94.2270292, 27.9920883 ], [ 94.226751, 27.9924263 ], [ 94.2263846, 27.9926806 ], [ 94.2257334, 27.9931197 ], [ 94.2255437, 27.993348 ], [ 94.2253048, 27.9936485 ], [ 94.2245752, 27.9944112 ], [ 94.224369, 27.9945383 ], [ 94.2242283, 27.994677 ], [ 94.2241073, 27.9948735 ], [ 94.2237768, 27.9951739 ], [ 94.2234561, 27.9954282 ], [ 94.22325, 27.9955437 ], [ 94.2229293, 27.9957171 ], [ 94.2224909, 27.9960811 ], [ 94.2223175, 27.9962747 ], [ 94.2220557, 27.9966994 ], [ 94.2217907, 27.9968929 ], [ 94.2215322, 27.9970605 ], [ 94.2213719, 27.9971212 ], [ 94.2211134, 27.9971472 ], [ 94.2209465, 27.9971472 ], [ 94.2208222, 27.9971125 ], [ 94.2205702, 27.9970258 ], [ 94.2201416, 27.9968294 ], [ 94.2198831, 27.9967514 ], [ 94.2196475, 27.9967138 ], [ 94.2195036, 27.9967398 ], [ 94.2190062, 27.9968814 ], [ 94.2186365, 27.996997 ], [ 94.2179461, 27.9972512 ], [ 94.2175404, 27.9973176 ], [ 94.2171379, 27.9977423 ], [ 94.2169874, 27.9978955 ], [ 94.2168009, 27.9980775 ], [ 94.2162414, 27.9983779 ], [ 94.2156001, 27.9986235 ], [ 94.2151649, 27.9987188 ], [ 94.2149162, 27.9987564 ], [ 94.2146741, 27.9987593 ], [ 94.2143829, 27.9986928 ], [ 94.2140132, 27.9985946 ], [ 94.2133326, 27.9984184 ], [ 94.2125669, 27.9982017 ], [ 94.2119453, 27.9980457 ], [ 94.2115526, 27.9979417 ], [ 94.2112745, 27.9979157 ], [ 94.2110193, 27.9979157 ], [ 94.2108033, 27.9979532 ], [ 94.2106594, 27.9980341 ], [ 94.2105383, 27.9981584 ], [ 94.2101227, 27.9985888 ], [ 94.2099624, 27.9986322 ], [ 94.2096483, 27.9985195 ], [ 94.2094553, 27.9985108 ], [ 94.209079, 27.9988633 ], [ 94.2087387, 27.9990222 ], [ 94.2084671, 27.9992822 ], [ 94.2082773, 27.9994469 ], [ 94.2081825, 27.999496 ], [ 94.2080516, 27.9994006 ], [ 94.2079174, 27.9993573 ], [ 94.207744, 27.9993833 ], [ 94.2074495, 27.9994989 ], [ 94.2070405, 27.9997733 ], [ 94.2068409, 27.9999727 ], [ 94.2064425, 28.0003514 ], [ 94.2061972, 28.0006292 ], [ 94.2058964, 28.0011685 ], [ 94.2057993, 28.0013891 ], [ 94.2056975, 28.0017323 ], [ 94.2056651, 28.0019611 ], [ 94.205554, 28.0022389 ], [ 94.2051607, 28.0028845 ], [ 94.2050774, 28.0030683 ], [ 94.2047442, 28.0040161 ], [ 94.2043741, 28.0044165 ], [ 94.2034162, 28.0056585 ], [ 94.2033098, 28.0059036 ], [ 94.203046, 28.0065165 ], [ 94.2028563, 28.0069822 ], [ 94.2028158, 28.007325 ], [ 94.2027503, 28.0078074 ], [ 94.2025802, 28.0087029 ], [ 94.2025115, 28.0094222 ], [ 94.2024624, 28.009948 ], [ 94.2025082, 28.0103322 ], [ 94.2025589, 28.010585 ] ] } },
{ "type": "Feature", "properties": { "asset_name": "OSM Way 238541155", "asset_type": "road", "osm_id": 238541155 }, "geometry": { "type": "LineString", "coordinates": [ [ 94.6032956, 28.028072 ], [ 94.603106, 28.0281501 ], [ 94.6027263, 28.0282398 ], [ 94.6025806, 28.028248 ], [ 94.6024256, 28.0282296 ], [ 94.6022243, 28.0281398 ], [ 94.602104, 28.0280438 ], [ 94.601905, 28.028005 ], [ 94.6017893, 28.0280152 ], [ 94.6016436, 28.0280152 ], [ 94.6015001, 28.0279743 ], [ 94.601389, 28.027911 ], [ 94.6011878, 28.0278395 ], [ 94.6010304, 28.0277905 ], [ 94.6009471, 28.0277211 ], [ 94.6008338, 28.0276128 ], [ 94.6007297, 28.027478 ], [ 94.600577, 28.027333 ], [ 94.6003988, 28.0272248 ], [ 94.6002392, 28.0271962 ], [ 94.6001235, 28.0271819 ], [ 94.6000009, 28.0272064 ], [ 94.5998852, 28.0272371 ], [ 94.5996885, 28.0274372 ], [ 94.5995798, 28.0275985 ], [ 94.5995266, 28.0276394 ], [ 94.599434, 28.0276231 ], [ 94.5993276, 28.0275557 ], [ 94.5992489, 28.027474 ], [ 94.5991379, 28.0273657 ], [ 94.599087, 28.0273065 ], [ 94.5990106, 28.0272411 ], [ 94.5989134, 28.0272779 ], [ 94.5988394, 28.0273453 ], [ 94.5987052, 28.0274372 ], [ 94.5984299, 28.0275475 ], [ 94.5981638, 28.0275945 ], [ 94.5978978, 28.027619 ], [ 94.5975762, 28.027621 ], [ 94.5973286, 28.0274556 ], [ 94.5970787, 28.0273943 ], [ 94.5969468, 28.0273351 ], [ 94.5967849, 28.0272779 ], [ 94.5967062, 28.0271942 ], [ 94.5966808, 28.0270859 ], [ 94.5965443, 28.026561 ], [ 94.5964242, 28.02628 ], [ 94.5962806, 28.0261823 ], [ 94.5959136, 28.0261153 ], [ 94.5956893, 28.0261615 ], [ 94.595546, 28.0263295 ], [ 94.5953798, 28.026389 ], [ 94.5950435, 28.026401 ], [ 94.5948012, 28.026436 ], [ 94.5947358, 28.0266324 ], [ 94.5944813, 28.0268148 ], [ 94.5940356, 28.0270194 ], [ 94.5937542, 28.0271465 ], [ 94.5936528, 28.0271827 ], [ 94.5935402, 28.0271854 ], [ 94.5934838, 28.0271592 ], [ 94.5934305, 28.0270571 ], [ 94.5933623, 28.0268609 ], [ 94.5932378, 28.0267929 ], [ 94.5931281, 28.0268373 ], [ 94.5930955, 28.0270284 ], [ 94.5930333, 28.0272403 ], [ 94.5930481, 28.027536 ], [ 94.5930659, 28.0276747 ], [ 94.5929977, 28.0277872 ], [ 94.5928702, 28.0278683 ], [ 94.5926746, 28.0279311 ], [ 94.5925056, 28.0279782 ], [ 94.5923752, 28.0280619 ], [ 94.5922122, 28.0281771 ], [ 94.5920165, 28.028266 ], [ 94.5918624, 28.0282634 ], [ 94.5917794, 28.028198 ], [ 94.5916845, 28.0280174 ], [ 94.5916549, 28.0277532 ], [ 94.5914118, 28.0277113 ], [ 94.5911747, 28.0276747 ], [ 94.5910561, 28.02757 ], [ 94.5909494, 28.0274444 ], [ 94.5908871, 28.0272822 ], [ 94.5908368, 28.0270441 ], [ 94.5906708, 28.0266463 ], [ 94.5907241, 28.0264789 ], [ 94.5907745, 28.0263009 ], [ 94.5907389, 28.0261858 ], [ 94.5905647, 28.0259702 ], [ 94.5903796, 28.0259457 ], [ 94.5901945, 28.0260315 ], [ 94.5901204, 28.026203 ], [ 94.5898659, 28.0262194 ], [ 94.5896623, 28.0261499 ], [ 94.5895374, 28.0260805 ], [ 94.5894217, 28.0259661 ], [ 94.5893292, 28.025815 ], [ 94.589195, 28.0257006 ], [ 94.589033, 28.0256639 ], [ 94.5887924, 28.0256434 ], [ 94.5885842, 28.0255822 ], [ 94.5883806, 28.0254801 ], [ 94.5882047, 28.0253248 ], [ 94.5879641, 28.0252227 ], [ 94.5878114, 28.0252064 ], [ 94.5874968, 28.0252595 ], [ 94.5871728, 28.0253208 ], [ 94.5869924, 28.0253943 ], [ 94.5868304, 28.0254433 ], [ 94.5863538, 28.0254188 ], [ 94.586053, 28.0253902 ], [ 94.5857569, 28.0253698 ], [ 94.5855024, 28.0253412 ], [ 94.5853636, 28.0252472 ], [ 94.5852433, 28.0251369 ], [ 94.5850489, 28.0250471 ], [ 94.5848268, 28.0250144 ], [ 94.5846325, 28.0249368 ], [ 94.5842623, 28.0248592 ], [ 94.5838458, 28.0246509 ], [ 94.5835774, 28.0245079 ], [ 94.5832535, 28.0243894 ], [ 94.5829898, 28.0242832 ], [ 94.5828185, 28.0241198 ], [ 94.5826936, 28.0239973 ], [ 94.5825918, 28.0239646 ], [ 94.5822494, 28.0239973 ], [ 94.5819301, 28.0239932 ], [ 94.5817358, 28.023936 ], [ 94.5816617, 28.0237318 ], [ 94.5816386, 28.0234745 ], [ 94.5815784, 28.0231763 ], [ 94.5814766, 28.0230415 ], [ 94.5813193, 28.0229271 ], [ 94.5812314, 28.0227841 ], [ 94.5811563, 28.0226254 ], [ 94.5810794, 28.0224553 ], [ 94.5811444, 28.0222434 ], [ 94.5810747, 28.0219356 ], [ 94.5808333, 28.0218693 ], [ 94.5805478, 28.0219957 ], [ 94.5802593, 28.0221677 ], [ 94.5800447, 28.0222103 ], [ 94.5798033, 28.0220445 ], [ 94.5798516, 28.0218551 ], [ 94.5796746, 28.021732 ], [ 94.5792669, 28.0215331 ], [ 94.5790194, 28.021439 ], [ 94.5788716, 28.0215042 ], [ 94.5787403, 28.0216937 ], [ 94.5787587, 28.0218614 ], [ 94.5789424, 28.0220429 ], [ 94.5789429, 28.0221846 ], [ 94.5787886, 28.0221679 ], [ 94.5786522, 28.0220187 ], [ 94.578588, 28.0218007 ], [ 94.5784816, 28.0216373 ], [ 94.5783705, 28.0215229 ], [ 94.578249, 28.0214725 ], [ 94.577984, 28.0214811 ], [ 94.577804, 28.0216458 ], [ 94.5775848, 28.0221339 ], [ 94.5775357, 28.0223621 ], [ 94.5776011, 28.0226076 ], [ 94.5776339, 28.0228531 ], [ 94.5775357, 28.0232084 ], [ 94.5773099, 28.023529 ], [ 94.5768191, 28.0238843 ], [ 94.5765017, 28.0241009 ], [ 94.5763218, 28.0242858 ], [ 94.5762138, 28.0243233 ], [ 94.5760993, 28.0242684 ], [ 94.5758539, 28.0241991 ], [ 94.5756314, 28.0243233 ], [ 94.5754678, 28.0244908 ], [ 94.5753827, 28.0246324 ], [ 94.5753435, 28.0247826 ], [ 94.5754056, 28.0249472 ], [ 94.5754547, 28.0252303 ], [ 94.5756016, 28.0256457 ], [ 94.5756298, 28.02593 ], [ 94.5756183, 28.0261256 ], [ 94.5756249, 28.0264289 ], [ 94.5757852, 28.0267293 ], [ 94.5757344, 28.0268486 ], [ 94.5756576, 28.0268795 ], [ 94.5755201, 28.0269055 ], [ 94.575422, 28.0269257 ], [ 94.5753238, 28.0269372 ], [ 94.5752398, 28.026996 ], [ 94.575241, 28.0271155 ], [ 94.5752289, 28.02746 ], [ 94.5751275, 28.0275005 ], [ 94.5749751, 28.0275149 ], [ 94.5748386, 28.027457 ], [ 94.5746067, 28.0272835 ], [ 94.574388, 28.0272087 ], [ 94.574159, 28.0270961 ], [ 94.57393, 28.0268621 ], [ 94.5737718, 28.0268265 ], [ 94.573588, 28.0267721 ], [ 94.5734062, 28.0267647 ], [ 94.5731398, 28.026789 ], [ 94.5729026, 28.0268217 ], [ 94.572716, 28.0269575 ], [ 94.5722482, 28.0271481 ], [ 94.5719242, 28.0272318 ], [ 94.5716985, 28.0273156 ], [ 94.5715512, 28.0273589 ], [ 94.571404, 28.0274254 ], [ 94.5712993, 28.0275091 ], [ 94.5710702, 28.0276853 ], [ 94.5708935, 28.0277818 ], [ 94.5705173, 28.02814 ], [ 94.5702915, 28.0283479 ], [ 94.5699872, 28.0285299 ], [ 94.5696862, 28.0286829 ], [ 94.5695324, 28.0287118 ], [ 94.5693393, 28.0287089 ], [ 94.5691692, 28.0286598 ], [ 94.5690056, 28.0285616 ], [ 94.5689369, 28.0284374 ], [ 94.5689009, 28.0283133 ], [ 94.5688878, 28.0282035 ], [ 94.5689434, 28.0280851 ], [ 94.569071, 28.0279493 ], [ 94.5692183, 28.0278569 ], [ 94.5693099, 28.0277414 ], [ 94.5693753, 28.0275825 ], [ 94.5693328, 28.0273486 ], [ 94.5693393, 28.0271175 ], [ 94.5694015, 28.0270106 ], [ 94.5695062, 28.0268836 ], [ 94.5695815, 28.0266583 ], [ 94.5695029, 28.0265485 ], [ 94.5691617, 28.0265784 ], [ 94.5686503, 28.0266274 ], [ 94.5685115, 28.0266968 ], [ 94.5681066, 28.0267499 ], [ 94.5679609, 28.026752 ], [ 94.5676855, 28.0267009 ], [ 94.5675884, 28.0266376 ], [ 94.567512, 28.0265375 ], [ 94.5674125, 28.0263619 ], [ 94.5673269, 28.0262965 ], [ 94.5671418, 28.026272 ], [ 94.5670354, 28.0262638 ], [ 94.5667809, 28.0263047 ], [ 94.5667555, 28.0265436 ], [ 94.5667578, 28.0266723 ], [ 94.5666004, 28.0268398 ], [ 94.5664732, 28.0268684 ], [ 94.5663182, 28.0268582 ], [ 94.5660799, 28.0268132 ], [ 94.5657213, 28.0266274 ], [ 94.5654228, 28.0266029 ], [ 94.5652909, 28.0265416 ], [ 94.5651336, 28.026415 ], [ 94.5648964, 28.0261599 ], [ 94.5648539, 28.0259895 ], [ 94.5647132, 28.0257584 ], [ 94.5644841, 28.0251952 ], [ 94.5641962, 28.0248862 ], [ 94.5636825, 28.0245377 ], [ 94.5629954, 28.0243355 ], [ 94.5626028, 28.0243008 ], [ 94.5622886, 28.0240697 ], [ 94.5620531, 28.0238502 ], [ 94.5618109, 28.0238444 ], [ 94.5615492, 28.0239253 ], [ 94.5613136, 28.0241333 ], [ 94.5610322, 28.0244163 ], [ 94.5609864, 28.0246705 ], [ 94.5607377, 28.0249998 ], [ 94.5604753, 28.0251747 ], [ 94.5601029, 28.0252713 ], [ 94.5597692, 28.0250691 ], [ 94.5594551, 28.0247918 ], [ 94.5591868, 28.0245781 ], [ 94.5585717, 28.0242199 ], [ 94.5583134, 28.0240169 ], [ 94.5582706, 28.0238618 ], [ 94.5584572, 28.0237006 ], [ 94.558461, 28.0235883 ], [ 94.5583483, 28.0234912 ], [ 94.5579862, 28.0234936 ], [ 94.5577995, 28.0234227 ], [ 94.5577144, 28.023053 ], [ 94.5577602, 28.0228566 ], [ 94.5576686, 28.0227238 ], [ 94.5573787, 28.0226625 ], [ 94.5567839, 28.0228049 ], [ 94.5563757, 28.0227047 ], [ 94.556013, 28.022766 ], [ 94.5556362, 28.0229484 ], [ 94.5555083, 28.0231501 ], [ 94.5555614, 28.0234054 ], [ 94.5555091, 28.0236943 ], [ 94.5553716, 28.023908 ], [ 94.554606, 28.0240062 ], [ 94.5543704, 28.024116 ], [ 94.5540105, 28.0243297 ], [ 94.5539385, 28.0245954 ], [ 94.5538338, 28.025046 ], [ 94.5538076, 28.0252828 ], [ 94.5536309, 28.0253868 ], [ 94.553199, 28.0253175 ], [ 94.5529242, 28.0251269 ], [ 94.5527344, 28.0248323 ], [ 94.5526428, 28.0245608 ], [ 94.552597, 28.0241968 ], [ 94.5521389, 28.0236076 ], [ 94.5519557, 28.0233592 ], [ 94.5516743, 28.0232148 ], [ 94.5512489, 28.0230357 ], [ 94.550961, 28.0228913 ], [ 94.5506992, 28.0227353 ], [ 94.5499467, 28.0226256 ], [ 94.5493315, 28.0226891 ], [ 94.5489782, 28.0228913 ], [ 94.5486052, 28.0229086 ], [ 94.5484023, 28.0228566 ], [ 94.548206, 28.0225851 ], [ 94.5481405, 28.0223078 ], [ 94.5479246, 28.0219208 ], [ 94.5476301, 28.021528 ], [ 94.5467859, 28.0207423 ], [ 94.5464849, 28.0204823 ], [ 94.5462624, 28.020309 ], [ 94.5461184, 28.02013 ], [ 94.5461839, 28.0199971 ], [ 94.5464653, 28.0199624 ], [ 94.5467009, 28.0197487 ], [ 94.5467074, 28.0194541 ], [ 94.5465176, 28.0193443 ], [ 94.5462493, 28.0193847 ], [ 94.5458894, 28.0194021 ], [ 94.5455033, 28.0194021 ], [ 94.5451237, 28.0191363 ], [ 94.5445217, 28.0190497 ], [ 94.5441814, 28.0188244 ], [ 94.5440244, 28.0185759 ], [ 94.5436121, 28.0182236 ], [ 94.5434354, 28.0180214 ], [ 94.5434289, 28.017848 ], [ 94.5434419, 28.0176863 ], [ 94.543298, 28.017565 ], [ 94.5431147, 28.0175188 ], [ 94.5425912, 28.0173339 ], [ 94.5422117, 28.0170624 ], [ 94.5422902, 28.0166926 ], [ 94.5422444, 28.016346 ], [ 94.5419826, 28.015982 ], [ 94.541518, 28.0150404 ], [ 94.541289, 28.0144395 ], [ 94.5412039, 28.0140813 ], [ 94.5410992, 28.0135672 ], [ 94.5412955, 28.0133361 ], [ 94.5415769, 28.0132379 ], [ 94.5416685, 28.0128566 ], [ 94.5412562, 28.0125157 ], [ 94.5406738, 28.0122962 ], [ 94.5403466, 28.0119553 ], [ 94.540471, 28.0113949 ], [ 94.5409421, 28.0108807 ], [ 94.5411123, 28.0105629 ], [ 94.541236, 28.0105176 ], [ 94.5416162, 28.0104763 ], [ 94.5419434, 28.0102741 ], [ 94.5422313, 28.0100892 ], [ 94.5424865, 28.0097888 ], [ 94.5426174, 28.0096328 ], [ 94.5424931, 28.009471 ], [ 94.5423295, 28.0093959 ], [ 94.5417667, 28.0091648 ], [ 94.5415049, 28.0089279 ], [ 94.5414657, 28.0083328 ], [ 94.5413413, 28.0081653 ], [ 94.5410076, 28.0078995 ], [ 94.5408767, 28.0075529 ], [ 94.5406542, 28.0071715 ], [ 94.5402223, 28.0067555 ], [ 94.5393978, 28.0064436 ], [ 94.539136, 28.0062298 ], [ 94.5389593, 28.0059351 ], [ 94.5388023, 28.0057329 ], [ 94.5383573, 28.0056347 ], [ 94.5378861, 28.0057445 ], [ 94.5378141, 28.0060045 ], [ 94.5377487, 28.0062413 ], [ 94.5375262, 28.0063453 ], [ 94.5371793, 28.0061604 ], [ 94.536754, 28.0058773 ], [ 94.5364399, 28.0058369 ], [ 94.5359425, 28.0059293 ], [ 94.535635, 28.0058138 ], [ 94.5354125, 28.0057213 ], [ 94.5352096, 28.0057213 ], [ 94.5347253, 28.0058889 ], [ 94.5343327, 28.0057965 ], [ 94.5338223, 28.005548 ], [ 94.5335343, 28.0051725 ], [ 94.533166, 28.0049409 ], [ 94.5329173, 28.0047762 ], [ 94.5326555, 28.004626 ], [ 94.53224, 28.0045075 ] ] } },
{ "type": "Feature", "properties": { "asset_name": "OSM Way 238541156", "asset_type": "road", "osm_id": 238541156 }, "geometry": { "type": "LineString", "coordinates": [ [ 94.5315722, 28.0042246 ], [ 94.5316216, 28.0040857 ], [ 94.5316543, 28.0038922 ], [ 94.5315725, 28.0035397 ], [ 94.531494, 28.0031035 ], [ 94.5313075, 28.0025806 ], [ 94.5311406, 28.0024506 ], [ 94.531013, 28.0023842 ], [ 94.5308625, 28.0023466 ], [ 94.5305516, 28.0023351 ], [ 94.5301394, 28.0022888 ], [ 94.5298318, 28.0022051 ], [ 94.5296126, 28.0020866 ], [ 94.5293999, 28.0019566 ], [ 94.529269, 28.0018122 ], [ 94.5292003, 28.0017515 ], [ 94.528752, 28.001347 ], [ 94.5287062, 28.0010899 ], [ 94.5286212, 28.0009339 ], [ 94.5285099, 28.0006595 ], [ 94.5284281, 28.0004948 ], [ 94.5283038, 28.0003503 ], [ 94.5280845, 28.0001655 ], [ 94.5278555, 28.0000326 ], [ 94.5275937, 27.9999112 ], [ 94.5273025, 27.9997783 ], [ 94.5270866, 27.9996657 ], [ 94.5270571, 27.9996368 ], [ 94.5269164, 27.9994114 ], [ 94.526514, 27.9990474 ], [ 94.5262424, 27.9988538 ], [ 94.52584, 27.9986545 ], [ 94.5253459, 27.9984725 ], [ 94.5253099, 27.9981922 ], [ 94.525287, 27.9978051 ], [ 94.5253132, 27.9975624 ], [ 94.5253819, 27.9973169 ], [ 94.5254342, 27.9971088 ], [ 94.5254146, 27.9969326 ], [ 94.5254899, 27.9967997 ], [ 94.5256404, 27.9966928 ], [ 94.5257811, 27.9964906 ], [ 94.525876, 27.9962248 ], [ 94.5259905, 27.9960312 ], [ 94.5260854, 27.9958319 ], [ 94.5262959, 27.9956052 ], [ 94.5268002, 27.9953968 ], [ 94.5270675, 27.9951932 ], [ 94.5270478, 27.9949158 ], [ 94.5269431, 27.9947309 ], [ 94.526773, 27.994546 ], [ 94.5267403, 27.9944073 ], [ 94.5266944, 27.9938237 ], [ 94.5266683, 27.9935059 ], [ 94.5266617, 27.9932748 ], [ 94.5266094, 27.9930841 ], [ 94.5265636, 27.9929339 ], [ 94.5265832, 27.9925814 ], [ 94.5265308, 27.9924138 ], [ 94.5263084, 27.9922982 ], [ 94.5260466, 27.9921827 ], [ 94.5257933, 27.99207 ], [ 94.5256264, 27.9919429 ], [ 94.5255806, 27.9918215 ], [ 94.5255119, 27.9916048 ], [ 94.5254007, 27.9912177 ], [ 94.5253221, 27.9909027 ], [ 94.5252011, 27.9904145 ], [ 94.525188, 27.9902498 ], [ 94.5251422, 27.9900302 ], [ 94.5250244, 27.9899204 ], [ 94.5248411, 27.9898395 ], [ 94.5246023, 27.9898019 ], [ 94.5239292, 27.9897016 ], [ 94.5238006, 27.9896488 ], [ 94.5236272, 27.9894379 ], [ 94.5236469, 27.9893541 ], [ 94.5238694, 27.989123 ], [ 94.5241115, 27.9889814 ], [ 94.5241802, 27.9888427 ], [ 94.524442, 27.9885624 ], [ 94.5248313, 27.9884613 ], [ 94.5251912, 27.9883804 ], [ 94.5254039, 27.9882908 ], [ 94.5255054, 27.9881348 ], [ 94.5255184, 27.9879037 ], [ 94.525381, 27.9877534 ], [ 94.5251814, 27.9876003 ], [ 94.5248804, 27.98732 ], [ 94.5248673, 27.9870773 ], [ 94.5249458, 27.9869097 ], [ 94.5249851, 27.9867104 ], [ 94.5249393, 27.9865803 ], [ 94.5248411, 27.9865139 ], [ 94.5246906, 27.9864937 ], [ 94.524455, 27.9865312 ], [ 94.5242064, 27.9865717 ], [ 94.5239217, 27.9866179 ], [ 94.5235651, 27.9864561 ], [ 94.5234342, 27.9862394 ], [ 94.5234178, 27.9860603 ], [ 94.5234309, 27.9858898 ], [ 94.5234342, 27.985572 ], [ 94.5234865, 27.9853755 ], [ 94.5237516, 27.9851992 ], [ 94.5239741, 27.9850316 ], [ 94.5240788, 27.9849507 ], [ 94.5241311, 27.9847427 ], [ 94.5240591, 27.9846618 ], [ 94.5238759, 27.9845838 ], [ 94.5236894, 27.9845029 ], [ 94.5233916, 27.9841793 ], [ 94.5233818, 27.9839654 ], [ 94.5233, 27.9838903 ], [ 94.5231364, 27.9838845 ], [ 94.5230252, 27.9838354 ], [ 94.5228289, 27.9837054 ], [ 94.5227536, 27.9835234 ], [ 94.5223806, 27.9833818 ], [ 94.5218342, 27.9831564 ], [ 94.5216706, 27.9829946 ], [ 94.5214415, 27.9828386 ], [ 94.521255, 27.9827317 ], [ 94.5211634, 27.9826276 ], [ 94.5210653, 27.9824196 ], [ 94.5208493, 27.9820729 ], [ 94.5207479, 27.9819197 ], [ 94.5204403, 27.9817695 ], [ 94.5202473, 27.9816019 ], [ 94.520172, 27.981258 ], [ 94.520064, 27.9810442 ], [ 94.5199037, 27.9808968 ], [ 94.5197237, 27.9807148 ], [ 94.519619, 27.9804027 ], [ 94.5194882, 27.9802611 ], [ 94.5192657, 27.9801455 ], [ 94.5191119, 27.9801369 ], [ 94.5189417, 27.9802293 ], [ 94.5182794, 27.9804636 ], [ 94.5181812, 27.9803501 ], [ 94.5182112, 27.9802522 ], [ 94.518473, 27.9801511 ], [ 94.5185482, 27.9800211 ], [ 94.5185973, 27.9798564 ], [ 94.518503, 27.9796363 ], [ 94.518633, 27.9794282 ], [ 94.518856, 27.9793589 ], [ 94.5190259, 27.9793074 ], [ 94.5190783, 27.9791398 ], [ 94.5190816, 27.9789635 ], [ 94.5190358, 27.9787901 ], [ 94.518882, 27.978611 ], [ 94.5188329, 27.9784838 ], [ 94.5188362, 27.978322 ], [ 94.5188296, 27.9781342 ], [ 94.5189474, 27.9779232 ], [ 94.5189834, 27.9777528 ], [ 94.5189343, 27.9776314 ], [ 94.5187773, 27.9775794 ], [ 94.5185738, 27.9773532 ], [ 94.5186382, 27.9770073 ], [ 94.5187813, 27.9764878 ], [ 94.5190472, 27.9759128 ], [ 94.5192579, 27.9756337 ], [ 94.5194447, 27.9752176 ], [ 94.5193792, 27.9750616 ], [ 94.5192255, 27.974972 ], [ 94.5190259, 27.9748824 ], [ 94.5188917, 27.9747466 ], [ 94.5188165, 27.9745934 ], [ 94.5188099, 27.9744836 ], [ 94.5189768, 27.9744287 ], [ 94.5195887, 27.9743045 ], [ 94.5197817, 27.9740877 ], [ 94.5198406, 27.9739173 ], [ 94.5197981, 27.9737699 ], [ 94.5196279, 27.9735907 ], [ 94.519196, 27.9734925 ], [ 94.5190422, 27.9733913 ], [ 94.5184958, 27.9733682 ], [ 94.5182111, 27.973322 ], [ 94.5181195, 27.9731919 ], [ 94.5179003, 27.9729203 ], [ 94.5177236, 27.9728567 ], [ 94.5175371, 27.9728307 ], [ 94.5170659, 27.9728943 ], [ 94.51667, 27.9725649 ], [ 94.5164574, 27.9723713 ], [ 94.5162512, 27.9722383 ], [ 94.5161563, 27.9721545 ], [ 94.515816, 27.9719349 ], [ 94.5155576, 27.971906 ], [ 94.515394, 27.9719754 ], [ 94.5152925, 27.9720823 ], [ 94.515178, 27.9723135 ], [ 94.5149457, 27.9728018 ], [ 94.5148443, 27.9730243 ], [ 94.5146479, 27.9731688 ], [ 94.5145203, 27.973426 ], [ 94.5143175, 27.973689 ], [ 94.5140982, 27.9739086 ], [ 94.5140492, 27.9741426 ], [ 94.5141702, 27.9742438 ], [ 94.5143077, 27.974316 ], [ 94.514432, 27.9743565 ], [ 94.5145563, 27.9744143 ], [ 94.5146087, 27.9745299 ], [ 94.5146054, 27.974657 ], [ 94.5142651, 27.9749691 ], [ 94.5141866, 27.9750818 ], [ 94.5142095, 27.9752118 ], [ 94.5143077, 27.9753939 ], [ 94.5144385, 27.9755528 ], [ 94.5145498, 27.9757204 ], [ 94.5146054, 27.9758736 ], [ 94.514576, 27.9760585 ], [ 94.514468, 27.9761914 ], [ 94.5143436, 27.9763792 ], [ 94.5144451, 27.9765324 ], [ 94.5145825, 27.9766364 ], [ 94.5146545, 27.9767722 ], [ 94.5146283, 27.9768849 ], [ 94.5145072, 27.9769138 ], [ 94.5143731, 27.9769167 ], [ 94.5142226, 27.9769485 ], [ 94.5140982, 27.9770583 ], [ 94.514023, 27.9771248 ], [ 94.5138921, 27.9771421 ], [ 94.5137743, 27.9771797 ], [ 94.5135976, 27.9772577 ], [ 94.5134897, 27.9774108 ], [ 94.5137089, 27.9776651 ], [ 94.5137678, 27.9778385 ], [ 94.5137514, 27.977957 ], [ 94.5135584, 27.9779859 ], [ 94.5132443, 27.9779339 ], [ 94.5131036, 27.9779483 ], [ 94.5129923, 27.9779021 ], [ 94.5128582, 27.9777952 ], [ 94.5125375, 27.9776391 ], [ 94.5123543, 27.9776391 ], [ 94.5120663, 27.9776651 ], [ 94.5119355, 27.9777085 ], [ 94.5117653, 27.9777952 ], [ 94.5116901, 27.9779772 ], [ 94.5116541, 27.978113 ], [ 94.5115854, 27.9781997 ], [ 94.5111436, 27.9784135 ], [ 94.5107772, 27.9785551 ], [ 94.5106234, 27.9787429 ], [ 94.5105318, 27.9789279 ], [ 94.5102798, 27.9791562 ], [ 94.5099952, 27.9793584 ], [ 94.5098348, 27.9795347 ], [ 94.5097596, 27.9796734 ], [ 94.5096974, 27.9798901 ], [ 94.509596, 27.980023 ], [ 94.5094586, 27.9800924 ], [ 94.5085457, 27.9804593 ], [ 94.508369, 27.9805316 ], [ 94.5082741, 27.9805518 ], [ 94.5081792, 27.9805229 ], [ 94.5081007, 27.980364 ], [ 94.5083003, 27.9800606 ], [ 94.5084966, 27.9798612 ], [ 94.5086635, 27.979763 ], [ 94.5087518, 27.9796705 ], [ 94.50885, 27.9794047 ], [ 94.5089187, 27.9791822 ], [ 94.5089874, 27.978925 ], [ 94.5092197, 27.9785436 ], [ 94.5092459, 27.9783066 ], [ 94.5091804, 27.9781015 ], [ 94.5090136, 27.9779512 ], [ 94.5088042, 27.9778501 ], [ 94.5085391, 27.9777865 ], [ 94.5082676, 27.9777865 ], [ 94.5079076, 27.9778847 ], [ 94.5074692, 27.9780552 ], [ 94.5072434, 27.9780957 ], [ 94.50707, 27.9780783 ], [ 94.5068148, 27.9780234 ], [ 94.5067232, 27.9777229 ], [ 94.5067395, 27.9775698 ], [ 94.5067919, 27.9773964 ], [ 94.5068704, 27.9770236 ], [ 94.5068082, 27.9769225 ], [ 94.5066774, 27.976856 ], [ 94.5065465, 27.9769369 ], [ 94.5064123, 27.9770612 ], [ 94.5062716, 27.9772143 ], [ 94.5060949, 27.9773386 ], [ 94.5059248, 27.9774513 ], [ 94.5056205, 27.9775784 ], [ 94.5053718, 27.9776478 ], [ 94.5051493, 27.9777258 ], [ 94.5048385, 27.9778269 ], [ 94.5046716, 27.9779367 ], [ 94.5044819, 27.9780697 ], [ 94.5044164, 27.9782142 ], [ 94.504387, 27.97835 ], [ 94.504436, 27.9787314 ], [ 94.5044131, 27.9791677 ], [ 94.5044557, 27.9794018 ], [ 94.5043902, 27.9795809 ], [ 94.5041972, 27.9796358 ], [ 94.5040532, 27.9796445 ], [ 94.5038013, 27.9796416 ], [ 94.5036213, 27.9796214 ], [ 94.503461, 27.979656 ], [ 94.5031698, 27.9799392 ], [ 94.5028066, 27.9802628 ], [ 94.5025546, 27.9804015 ], [ 94.5023583, 27.9804449 ], [ 94.502198, 27.9804709 ], [ 94.5020737, 27.9805056 ], [ 94.5019624, 27.980572 ], [ 94.5018675, 27.9806905 ], [ 94.5017825, 27.9808581 ], [ 94.501681, 27.9809419 ], [ 94.5015632, 27.980913 ], [ 94.5014487, 27.9808205 ], [ 94.5012164, 27.9806096 ], [ 94.5010332, 27.980572 ], [ 94.5008303, 27.9805345 ], [ 94.5006536, 27.9805258 ], [ 94.5005326, 27.9806992 ], [ 94.5004573, 27.980861 ], [ 94.5003657, 27.9811615 ], [ 94.5002184, 27.9814418 ], [ 94.5001006, 27.9814851 ], [ 94.4999829, 27.9814187 ], [ 94.499816, 27.9813377 ], [ 94.4997113, 27.9813493 ], [ 94.4995869, 27.981488 ], [ 94.4994266, 27.9817827 ], [ 94.4991943, 27.9821641 ], [ 94.4988278, 27.9821699 ], [ 94.4986512, 27.9821092 ], [ 94.4985399, 27.9819792 ], [ 94.4985137, 27.9818954 ], [ 94.4984516, 27.9815198 ], [ 94.4983109, 27.9813666 ], [ 94.4979935, 27.9812915 ], [ 94.4976008, 27.9812626 ], [ 94.4974111, 27.9812742 ], [ 94.4972736, 27.9813377 ], [ 94.496773, 27.9816556 ], [ 94.4965636, 27.9817798 ], [ 94.4963935, 27.9817914 ], [ 94.4962626, 27.9817076 ], [ 94.4960892, 27.9815978 ], [ 94.4958863, 27.9815313 ], [ 94.4956409, 27.981488 ], [ 94.4950356, 27.9814591 ], [ 94.4946397, 27.9813926 ], [ 94.4942798, 27.9812308 ], [ 94.4938479, 27.9810372 ], [ 94.4938413, 27.9807916 ], [ 94.4939755, 27.9806645 ], [ 94.49409, 27.9805316 ], [ 94.4940409, 27.9803726 ], [ 94.4939395, 27.9801964 ], [ 94.4938021, 27.9798785 ], [ 94.4937039, 27.9796647 ], [ 94.4936941, 27.9794827 ], [ 94.4937726, 27.9793295 ], [ 94.4941685, 27.9790001 ], [ 94.4941391, 27.9787718 ], [ 94.4940638, 27.9786591 ], [ 94.4938773, 27.9781015 ], [ 94.4937301, 27.9780321 ], [ 94.493573, 27.9780466 ], [ 94.49338, 27.978113 ], [ 94.4929742, 27.9782257 ], [ 94.4925783, 27.9782517 ], [ 94.4922937, 27.9782286 ], [ 94.4920646, 27.9780639 ], [ 94.4920548, 27.9777807 ], [ 94.4919763, 27.9772721 ], [ 94.4918814, 27.9771681 ], [ 94.4917669, 27.9771537 ], [ 94.4915673, 27.9773444 ], [ 94.491407, 27.97759 ], [ 94.4912957, 27.9776738 ], [ 94.4909456, 27.9777692 ], [ 94.4906249, 27.977853 ], [ 94.4903534, 27.9779396 ], [ 94.4899738, 27.978139 ], [ 94.4897971, 27.9784078 ], [ 94.4897251, 27.9786216 ], [ 94.4896237, 27.9787632 ], [ 94.4894896, 27.9788296 ], [ 94.4892769, 27.978847 ], [ 94.4891231, 27.9788701 ], [ 94.4889693, 27.9788932 ], [ 94.4888221, 27.9789568 ], [ 94.4886258, 27.9790868 ], [ 94.4882855, 27.9793989 ], [ 94.4882135, 27.979604 ], [ 94.4882462, 27.979919 ], [ 94.48822, 27.9800375 ], [ 94.4880892, 27.9801241 ], [ 94.487847, 27.9802657 ], [ 94.4876703, 27.9804073 ], [ 94.4875329, 27.9805865 ], [ 94.4873693, 27.9806414 ], [ 94.4870977, 27.9806443 ], [ 94.4869374, 27.9807483 ], [ 94.4869243, 27.9808957 ], [ 94.4869309, 27.9810517 ], [ 94.4868523, 27.9811644 ], [ 94.4867313, 27.9812106 ], [ 94.4863026, 27.9813262 ], [ 94.4861826, 27.9812741 ], [ 94.4858448, 27.98127 ], [ 94.4857106, 27.981176 ], [ 94.4856504, 27.9809839 ], [ 94.4856504, 27.9808205 ], [ 94.4855255, 27.9807959 ], [ 94.485382, 27.9807919 ], [ 94.4852201, 27.9806815 ], [ 94.4850628, 27.9804609 ], [ 94.4848915, 27.9802484 ], [ 94.4847203, 27.9801503 ], [ 94.4845815, 27.9799991 ], [ 94.4842946, 27.9797049 ], [ 94.4840771, 27.9794515 ], [ 94.483781, 27.9790919 ], [ 94.4835357, 27.9788059 ], [ 94.4833321, 27.9785239 ], [ 94.4832118, 27.9783645 ], [ 94.4833553, 27.9781643 ], [ 94.4835357, 27.9778946 ], [ 94.4837301, 27.9776003 ], [ 94.4837625, 27.9774614 ], [ 94.4837255, 27.9773797 ], [ 94.4835728, 27.9772979 ], [ 94.4829157, 27.9770446 ], [ 94.4826658, 27.9768934 ], [ 94.4826936, 27.9766686 ], [ 94.4825316, 27.9764152 ], [ 94.4824483, 27.9762518 ], [ 94.48249, 27.9759535 ], [ 94.4826751, 27.9755489 ], [ 94.4825548, 27.975271 ], [ 94.4823558, 27.9750789 ], [ 94.4821476, 27.9749972 ], [ 94.4819254, 27.9749931 ], [ 94.4817265, 27.9749931 ], [ 94.4815368, 27.9749809 ], [ 94.4813563, 27.9749277 ], [ 94.4811619, 27.9749196 ], [ 94.4810185, 27.9749563 ], [ 94.4808195, 27.9751852 ], [ 94.4805835, 27.975602 ], [ 94.4803892, 27.9759289 ], [ 94.4800375, 27.976685 ], [ 94.4800421, 27.9768893 ], [ 94.4798015, 27.9772979 ], [ 94.4795146, 27.9775227 ], [ 94.479274, 27.9776044 ], [ 94.4790056, 27.977633 ], [ 94.4778118, 27.9777189 ], [ 94.4775249, 27.9776984 ], [ 94.4774277, 27.9778047 ], [ 94.4772704, 27.9779804 ], [ 94.4770807, 27.9780866 ], [ 94.4768586, 27.9781479 ], [ 94.4765485, 27.9782174 ], [ 94.4764976, 27.9782542 ], [ 94.4765161, 27.9783645 ], [ 94.4765809, 27.978908 ], [ 94.4767891, 27.9791777 ], [ 94.4769233, 27.9794229 ], [ 94.4770298, 27.9801503 ], [ 94.4768678, 27.9805753 ], [ 94.4767521, 27.9811065 ], [ 94.4769233, 27.9814498 ], [ 94.4769557, 27.9816663 ], [ 94.4769372, 27.9818829 ], [ 94.4770992, 27.982267 ], [ 94.4770066, 27.9824673 ], [ 94.4767429, 27.9825858 ], [ 94.4765115, 27.9826103 ], [ 94.4763172, 27.9825204 ], [ 94.4761413, 27.9823447 ], [ 94.4759516, 27.9821731 ], [ 94.4756323, 27.9819728 ], [ 94.4752344, 27.9816909 ], [ 94.4748503, 27.9814906 ], [ 94.4744847, 27.9813517 ], [ 94.4735454, 27.9811801 ], [ 94.4732631, 27.9811842 ], [ 94.473078, 27.9811964 ], [ 94.4728004, 27.9811147 ], [ 94.4725181, 27.980988 ], [ 94.4722868, 27.980988 ], [ 94.4719629, 27.9810697 ], [ 94.4714215, 27.9813844 ], [ 94.4712456, 27.9813721 ], [ 94.4710143, 27.9813926 ], [ 94.4709078, 27.9814702 ], [ 94.4705469, 27.9816786 ], [ 94.47026, 27.981744 ], [ 94.4700518, 27.9817195 ], [ 94.4699361, 27.98165 ], [ 94.4698297, 27.9815478 ], [ 94.469478, 27.9810902 ], [ 94.4692837, 27.9809758 ], [ 94.469043, 27.9810044 ], [ 94.468807, 27.9810575 ], [ 94.4682148, 27.9812291 ], [ 94.4676919, 27.9814253 ], [ 94.4677243, 27.9816541 ], [ 94.4676271, 27.9820872 ], [ 94.4675068, 27.982406 ], [ 94.4674096, 27.982643 ], [ 94.4673356, 27.9828677 ], [ 94.4674235, 27.9830353 ], [ 94.4676086, 27.983072 ], [ 94.467752, 27.9831293 ], [ 94.4678816, 27.9832845 ], [ 94.4678677, 27.9833949 ], [ 94.4676456, 27.9835175 ], [ 94.4673818, 27.9836605 ], [ 94.4671551, 27.9837667 ], [ 94.4666183, 27.9839506 ], [ 94.466387, 27.9838689 ], [ 94.4662158, 27.9838444 ], [ 94.4657715, 27.9840691 ], [ 94.4655911, 27.9843224 ], [ 94.4654384, 27.9844982 ], [ 94.4653736, 27.9846616 ], [ 94.4653782, 27.9851315 ], [ 94.4655063, 27.9854019 ], [ 94.4654997, 27.9856205 ], [ 94.4653505, 27.985724 ], [ 94.4650728, 27.9858834 ], [ 94.464499, 27.9860795 ], [ 94.4642399, 27.9862716 ], [ 94.464115, 27.986435 ], [ 94.4637818, 27.9869744 ], [ 94.4636291, 27.9874443 ], [ 94.4633704, 27.9877355 ], [ 94.4633369, 27.98792 ], [ 94.4636057, 27.9880171 ], [ 94.4641357, 27.9879504 ], [ 94.4645005, 27.9881067 ], [ 94.4648873, 27.9879881 ], [ 94.4655476, 27.9878944 ], [ 94.4659089, 27.9881029 ], [ 94.4661403, 27.9886075 ], [ 94.4665765, 27.9886468 ], [ 94.4668346, 27.9888696 ], [ 94.4667536, 27.9892389 ], [ 94.4670379, 27.9894521 ], [ 94.4674348, 27.9897315 ], [ 94.4676438, 27.9897114 ], [ 94.4678562, 27.9894945 ], [ 94.4680005, 27.9892793 ], [ 94.4683073, 27.9893168 ], [ 94.4684709, 27.9896751 ], [ 94.4686476, 27.9900276 ], [ 94.4689682, 27.9899756 ], [ 94.4693413, 27.9898542 ], [ 94.4695441, 27.9897791 ], [ 94.4702443, 27.989704 ], [ 94.4705192, 27.9901489 ], [ 94.4713045, 27.990172 ], [ 94.4714877, 27.9907672 ], [ 94.4717102, 27.9909637 ], [ 94.4719458, 27.9911544 ], [ 94.472358, 27.991322 ], [ 94.4731106, 27.9910562 ], [ 94.4731564, 27.9907152 ], [ 94.4732138, 27.9902543 ], [ 94.4733345, 27.9901169 ], [ 94.473466, 27.9900483 ], [ 94.4736537, 27.9900672 ], [ 94.473753, 27.9901714 ], [ 94.4737927, 27.9902667 ], [ 94.4738736, 27.9904601 ], [ 94.4740791, 27.9907846 ], [ 94.4741821, 27.990882 ], [ 94.4743081, 27.9911197 ], [ 94.474335, 27.991467 ], [ 94.474386, 27.9915463 ], [ 94.4744611, 27.9916067 ], [ 94.4746059, 27.9916434 ], [ 94.4747092, 27.9916245 ], [ 94.4748312, 27.9915333 ], [ 94.4750096, 27.9915202 ], [ 94.4751652, 27.9916174 ], [ 94.4752349, 27.9917251 ], [ 94.4752671, 27.9919217 ], [ 94.4752416, 27.9921124 ], [ 94.4751916, 27.9922292 ], [ 94.4749895, 27.9924072 ], [ 94.4749439, 27.9924996 ], [ 94.474956, 27.9925759 ], [ 94.4749814, 27.992637 ], [ 94.4753922, 27.9929439 ], [ 94.4756699, 27.9930869 ], [ 94.4765028, 27.9937815 ], [ 94.4766277, 27.9941084 ], [ 94.4766832, 27.9943862 ], [ 94.4767388, 27.9946273 ], [ 94.476947, 27.9948071 ], [ 94.4771922, 27.9949828 ], [ 94.4773172, 27.9951503 ], [ 94.477692, 27.9954077 ], [ 94.4777845, 27.9958081 ], [ 94.4775948, 27.9959021 ], [ 94.4771321, 27.9958571 ], [ 94.4768498, 27.9957795 ], [ 94.4766786, 27.995804 ], [ 94.4762113, 27.9955466 ], [ 94.4758966, 27.9953587 ], [ 94.4757578, 27.9951707 ], [ 94.4756791, 27.9949337 ], [ 94.4755496, 27.9945701 ], [ 94.4753182, 27.9943617 ], [ 94.4749665, 27.9941819 ], [ 94.4747398, 27.9939858 ], [ 94.4744066, 27.9937448 ], [ 94.4741197, 27.9936344 ], [ 94.4738652, 27.99352 ], [ 94.4737357, 27.9933484 ], [ 94.4737218, 27.993136 ], [ 94.4736662, 27.9929439 ], [ 94.4734117, 27.9926007 ], [ 94.473148, 27.9926456 ], [ 94.4730601, 27.992711 ], [ 94.4728472, 27.9931237 ], [ 94.4726714, 27.9933566 ], [ 94.4722595, 27.9935364 ], [ 94.4721544, 27.9936151 ], [ 94.47205, 27.9936693 ], [ 94.471963, 27.993652 ], [ 94.4718463, 27.9935825 ], [ 94.4718176, 27.993506 ], [ 94.4718217, 27.9934012 ], [ 94.4718709, 27.993283 ], [ 94.4720328, 27.9930665 ], [ 94.4722133, 27.9927069 ], [ 94.472167, 27.992613 ], [ 94.4720745, 27.9926048 ], [ 94.4718014, 27.9927968 ], [ 94.4715145, 27.9929276 ], [ 94.4712045, 27.9930542 ], [ 94.4709084, 27.9930338 ], [ 94.4708575, 27.9928172 ], [ 94.4706076, 27.9924168 ], [ 94.4702883, 27.9924373 ], [ 94.4700384, 27.9924659 ], [ 94.4696544, 27.9924005 ], [ 94.4692981, 27.9922942 ], [ 94.4690991, 27.9922166 ], [ 94.4688585, 27.9921553 ], [ 94.4685531, 27.9922207 ], [ 94.4683819, 27.9923596 ], [ 94.4683356, 27.9925312 ], [ 94.4683819, 27.992711 ], [ 94.4684189, 27.9930093 ], [ 94.4682847, 27.9931686 ], [ 94.4681089, 27.9932136 ], [ 94.4679654, 27.9931932 ], [ 94.4676831, 27.9930297 ], [ 94.4674425, 27.992805 ], [ 94.4672158, 27.9926211 ], [ 94.4669196, 27.9925557 ], [ 94.4666327, 27.9925231 ], [ 94.4663042, 27.9924577 ], [ 94.4661376, 27.9923882 ], [ 94.4660497, 27.9923147 ], [ 94.4658646, 27.9920246 ], [ 94.4656471, 27.9919306 ], [ 94.4654158, 27.9918857 ], [ 94.4648466, 27.9919796 ], [ 94.4646708, 27.9922044 ], [ 94.4644209, 27.9924985 ], [ 94.4643561, 27.992662 ], [ 94.4643284, 27.9931727 ], [ 94.4643469, 27.9934547 ], [ 94.4645088, 27.9937529 ], [ 94.4646338, 27.9940308 ], [ 94.46468, 27.9942351 ], [ 94.4645829, 27.9944026 ], [ 94.4644024, 27.9946028 ], [ 94.4641247, 27.9947499 ], [ 94.4636666, 27.9947335 ], [ 94.4633844, 27.9948234 ], [ 94.4631253, 27.9949174 ], [ 94.4629726, 27.9950359 ], [ 94.4625191, 27.9956529 ], [ 94.4624312, 27.9965967 ], [ 94.4626116, 27.9971605 ], [ 94.4627689, 27.9980063 ], [ 94.4629448, 27.9984966 ], [ 94.4632224, 27.9988275 ], [ 94.4633983, 27.9991053 ], [ 94.4636944, 27.9993791 ], [ 94.4642682, 27.9999225 ], [ 94.4644764, 28.0001227 ], [ 94.4644625, 28.000331 ], [ 94.4641571, 28.0003188 ], [ 94.4638749, 28.000233 ], [ 94.4636114, 28.0001143 ], [ 94.4631438, 27.9998775 ], [ 94.4626671, 27.9995098 ], [ 94.4624034, 27.9992892 ], [ 94.4621859, 27.9991543 ], [ 94.4619684, 27.9990563 ], [ 94.46139, 27.9988765 ], [ 94.4611216, 27.998803 ], [ 94.4609412, 27.9986682 ], [ 94.4609134, 27.9985864 ], [ 94.4607191, 27.9984761 ], [ 94.4605617, 27.9984394 ], [ 94.4602841, 27.9984802 ], [ 94.4600065, 27.9985006 ], [ 94.4597658, 27.9985292 ], [ 94.4595807, 27.9985619 ], [ 94.45928, 27.9987703 ], [ 94.4589792, 27.9987703 ], [ 94.4588126, 27.9986927 ], [ 94.458609, 27.9984312 ], [ 94.4584933, 27.9983495 ], [ 94.4582111, 27.9983168 ], [ 94.4580075, 27.9983413 ], [ 94.4578964, 27.9984353 ], [ 94.4578362, 27.9985987 ], [ 94.4578686, 27.9988357 ], [ 94.457864, 27.9989664 ], [ 94.457753, 27.9992279 ], [ 94.457554, 27.9993219 ], [ 94.4572902, 27.9992933 ], [ 94.4571792, 27.9991829 ], [ 94.4571514, 27.998995 ], [ 94.4571236, 27.9986845 ], [ 94.4571607, 27.9983985 ], [ 94.4572254, 27.9980921 ], [ 94.4573643, 27.9979736 ], [ 94.4576095, 27.9978755 ], [ 94.4581463, 27.9974996 ], [ 94.4584841, 27.9973117 ], [ 94.4586211, 27.9972393 ], [ 94.4586877, 27.9970706 ], [ 94.4585396, 27.9969767 ], [ 94.4583499, 27.9968745 ], [ 94.4580676, 27.9967192 ], [ 94.4578594, 27.9966089 ], [ 94.4577576, 27.9964864 ], [ 94.4576419, 27.9963515 ], [ 94.4574661, 27.9961922 ], [ 94.4573874, 27.9958939 ], [ 94.4574707, 27.9956529 ], [ 94.4576003, 27.9954731 ], [ 94.4581, 27.9952198 ], [ 94.4584054, 27.9950972 ], [ 94.458882, 27.9949787 ], [ 94.4592892, 27.9948643 ], [ 94.4594697, 27.9948153 ], [ 94.4597242, 27.9947008 ], [ 94.4597797, 27.9945497 ], [ 94.4597519, 27.9944312 ], [ 94.4596501, 27.9943004 ], [ 94.4595345, 27.9941493 ], [ 94.4593864, 27.9936835 ], [ 94.4594604, 27.9935282 ], [ 94.4594789, 27.9933362 ], [ 94.4593956, 27.9931686 ], [ 94.4593077, 27.9930665 ], [ 94.4587802, 27.992617 ], [ 94.4587016, 27.992474 ], [ 94.4585674, 27.9924495 ], [ 94.4583036, 27.9925026 ], [ 94.4581509, 27.9926416 ], [ 94.4580213, 27.9928867 ], [ 94.4578316, 27.9931033 ], [ 94.4576326, 27.9932953 ], [ 94.4573735, 27.9934097 ], [ 94.4566563, 27.9936712 ], [ 94.4557586, 27.9939613 ], [ 94.4551293, 27.9942146 ], [ 94.4547591, 27.9943862 ], [ 94.4546758, 27.9945578 ], [ 94.4544444, 27.9946968 ], [ 94.4541273, 27.9950304 ], [ 94.4539433, 27.995302 ], [ 94.4540356, 27.9956775 ], [ 94.4540828, 27.9958089 ], [ 94.4543242, 27.9960741 ], [ 94.4544208, 27.9962257 ], [ 94.4543081, 27.9964294 ], [ 94.4540938, 27.9966725 ], [ 94.4536299, 27.9968678 ], [ 94.4530279, 27.9972607 ], [ 94.4526614, 27.9970181 ], [ 94.4525567, 27.9966367 ], [ 94.4523866, 27.9965674 ], [ 94.4520594, 27.9968332 ], [ 94.451747, 27.9968904 ], [ 94.4514194, 27.9966946 ], [ 94.4510965, 27.9968281 ], [ 94.4508089, 27.9967578 ], [ 94.4505825, 27.9965904 ], [ 94.4505281, 27.9962785 ], [ 94.450227, 27.9961398 ], [ 94.4499391, 27.996186 ], [ 94.4499522, 27.9964287 ], [ 94.4498475, 27.9968101 ], [ 94.4493649, 27.9971172 ], [ 94.4488004, 27.997297 ], [ 94.4482914, 27.9972643 ], [ 94.4480508, 27.9971008 ], [ 94.4480508, 27.9965615 ], [ 94.447912, 27.9964798 ], [ 94.4472919, 27.9966923 ], [ 94.4467312, 27.9966413 ], [ 94.4464727, 27.9965315 ], [ 94.4462796, 27.9964651 ], [ 94.4461455, 27.996442 ], [ 94.4460375, 27.9964448 ], [ 94.445923, 27.9964997 ], [ 94.4459034, 27.9966095 ], [ 94.4459753, 27.9967829 ], [ 94.4460506, 27.9969418 ], [ 94.4460342, 27.9971324 ], [ 94.4458117, 27.9972365 ], [ 94.44555, 27.9972307 ], [ 94.4452261, 27.9972133 ], [ 94.4449872, 27.9971931 ], [ 94.4449316, 27.9970862 ], [ 94.4450428, 27.99704 ], [ 94.4452424, 27.997066 ], [ 94.4454453, 27.9970949 ], [ 94.4456666, 27.9970493 ], [ 94.4457758, 27.9969215 ], [ 94.445694, 27.9968146 ], [ 94.4455434, 27.9966904 ], [ 94.4452882, 27.9964102 ], [ 94.445141, 27.9962484 ], [ 94.4449905, 27.9961415 ], [ 94.4447876, 27.9960866 ], [ 94.444624, 27.9960606 ], [ 94.4444571, 27.9960028 ], [ 94.444395, 27.9959248 ], [ 94.4444997, 27.9958439 ], [ 94.4447124, 27.9957081 ], [ 94.4448825, 27.9956157 ], [ 94.4450788, 27.9955521 ], [ 94.4452326, 27.9956388 ], [ 94.4456187, 27.9958699 ], [ 94.4460735, 27.9961126 ], [ 94.4462666, 27.9961357 ], [ 94.4465512, 27.9961068 ], [ 94.4465774, 27.9959132 ], [ 94.4466101, 27.9956792 ], [ 94.4465872, 27.9953643 ], [ 94.4467115, 27.9953412 ], [ 94.446898, 27.9953268 ], [ 94.4470289, 27.9952083 ], [ 94.4471533, 27.9949714 ], [ 94.4473856, 27.9949454 ], [ 94.4474118, 27.9947258 ], [ 94.4473888, 27.9944513 ], [ 94.447559, 27.994304 ], [ 94.4477651, 27.9943242 ], [ 94.4480629, 27.9943907 ], [ 94.4482919, 27.994356 ], [ 94.4484784, 27.9942029 ], [ 94.4487696, 27.9940469 ], [ 94.4489136, 27.9939891 ], [ 94.4491263, 27.9941711 ], [ 94.4493161, 27.9941364 ], [ 94.4495418, 27.9939862 ], [ 94.449712, 27.9939746 ], [ 94.4498527, 27.9940324 ], [ 94.4501439, 27.9940498 ], [ 94.4501602, 27.9938706 ], [ 94.4503009, 27.9935239 ], [ 94.4505038, 27.9935297 ], [ 94.4507721, 27.9936742 ], [ 94.4510303, 27.9937459 ], [ 94.4513381, 27.9938851 ], [ 94.4519042, 27.9940613 ], [ 94.4521098, 27.9939537 ], [ 94.4523216, 27.993815 ], [ 94.452539, 27.9936886 ], [ 94.4527255, 27.9936337 ], [ 94.4528825, 27.9934979 ], [ 94.4531148, 27.9933448 ], [ 94.4533635, 27.993157 ], [ 94.4537516, 27.9929002 ], [ 94.4537207, 27.9926637 ], [ 94.4536188, 27.9924979 ], [ 94.4537529, 27.9923795 ], [ 94.4541499, 27.9923558 ], [ 94.4545971, 27.9922122 ], [ 94.4548326, 27.9919262 ], [ 94.4547803, 27.9917528 ], [ 94.4546716, 27.9916956 ], [ 94.4541764, 27.9915843 ], [ 94.4538355, 27.9913709 ], [ 94.4538773, 27.9910415 ], [ 94.4539754, 27.9903891 ], [ 94.4539077, 27.9902143 ], [ 94.45355, 27.9903516 ], [ 94.4531803, 27.9904469 ], [ 94.4529087, 27.9905018 ], [ 94.4527582, 27.9904989 ], [ 94.4525586, 27.9905307 ], [ 94.4521267, 27.9907445 ], [ 94.4518748, 27.9906867 ], [ 94.4517079, 27.9907098 ], [ 94.4514788, 27.9907012 ], [ 94.4514134, 27.9906318 ], [ 94.4512269, 27.9904614 ], [ 94.4506118, 27.990262 ], [ 94.4503533, 27.9901002 ], [ 94.4502649, 27.9896292 ], [ 94.4502257, 27.9895252 ], [ 94.4499541, 27.9895223 ], [ 94.4495516, 27.9897217 ], [ 94.4493222, 27.9897089 ], [ 94.4492944, 27.9895087 ], [ 94.4492389, 27.9893616 ], [ 94.4490816, 27.9892431 ], [ 94.448952, 27.9892308 ], [ 94.4487762, 27.9893452 ], [ 94.4486466, 27.9894065 ], [ 94.4484291, 27.9894106 ], [ 94.4483134, 27.9893575 ], [ 94.4482024, 27.9892308 ], [ 94.4481098, 27.989051 ], [ 94.4479247, 27.9888345 ], [ 94.4480219, 27.9884749 ], [ 94.4480497, 27.9880867 ], [ 94.4474805, 27.9880704 ], [ 94.4471242, 27.9880418 ], [ 94.4468373, 27.9879723 ], [ 94.446245, 27.9879355 ], [ 94.4453381, 27.9878129 ], [ 94.4449216, 27.9880213 ], [ 94.4445422, 27.9881684 ], [ 94.443899, 27.9884545 ], [ 94.443663, 27.9885362 ], [ 94.4435288, 27.9885811 ], [ 94.4433992, 27.9886874 ], [ 94.4433113, 27.9888835 ], [ 94.4432558, 27.9890755 ], [ 94.4431771, 27.9894024 ], [ 94.4430429, 27.98957 ], [ 94.442682, 27.9899132 ], [ 94.4424506, 27.9902932 ], [ 94.4422748, 27.9903953 ], [ 94.4419185, 27.9904117 ], [ 94.4415067, 27.9905424 ], [ 94.4411134, 27.9907386 ], [ 94.4407987, 27.9906936 ], [ 94.4405303, 27.9905465 ], [ 94.4403267, 27.9903953 ], [ 94.440174, 27.9902728 ], [ 94.4397205, 27.989999 ], [ 94.4393735, 27.9900235 ], [ 94.4391653, 27.9901624 ], [ 94.4391051, 27.9902768 ], [ 94.4390959, 27.9904607 ], [ 94.4390912, 27.990808 ], [ 94.4390681, 27.9910859 ], [ 94.4390126, 27.9912003 ], [ 94.438883, 27.9913188 ], [ 94.4385082, 27.9915026 ], [ 94.4383138, 27.9915966 ], [ 94.4381611, 27.991662 ], [ 94.4379575, 27.9917968 ], [ 94.4378465, 27.9919398 ], [ 94.4378326, 27.9921074 ], [ 94.4377354, 27.9922218 ], [ 94.4375735, 27.9922749 ], [ 94.43743, 27.9922136 ], [ 94.4372218, 27.9922299 ], [ 94.4369812, 27.992234 ], [ 94.4368146, 27.9921482 ], [ 94.436537, 27.9919439 ], [ 94.4363472, 27.9919398 ], [ 94.435792, 27.9920134 ], [ 94.4356439, 27.9919725 ], [ 94.4354172, 27.9919276 ], [ 94.4352968, 27.9919521 ], [ 94.4351441, 27.9920706 ], [ 94.4350655, 27.9922299 ], [ 94.4351997, 27.9923648 ], [ 94.4353292, 27.9924056 ], [ 94.4352598, 27.9926508 ], [ 94.4352321, 27.9928224 ], [ 94.4353153, 27.9929818 ], [ 94.4354403, 27.9931656 ], [ 94.435431, 27.9933372 ], [ 94.4353015, 27.9934516 ], [ 94.4351025, 27.9937254 ], [ 94.4349128, 27.9938357 ], [ 94.4346975, 27.9939656 ], [ 94.4345993, 27.9940137 ], [ 94.4345235, 27.9940116 ], [ 94.4344868, 27.993976 ], [ 94.4345518, 27.993848 ], [ 94.4346351, 27.9936478 ], [ 94.4346629, 27.9934598 ], [ 94.4345796, 27.9932923 ], [ 94.4344639, 27.9932147 ], [ 94.4343251, 27.9931656 ], [ 94.4342927, 27.9930798 ], [ 94.4341817, 27.992802 ], [ 94.4339179, 27.9926631 ], [ 94.4336958, 27.9924996 ], [ 94.4334598, 27.9923689 ], [ 94.4332238, 27.9922586 ], [ 94.433011, 27.9921564 ], [ 94.4328629, 27.9921074 ], [ 94.4327056, 27.9921768 ], [ 94.4325899, 27.9923239 ], [ 94.4324696, 27.9924751 ], [ 94.4324742, 27.9927325 ], [ 94.4322428, 27.9928592 ], [ 94.4320901, 27.9929164 ], [ 94.4319189, 27.9930431 ], [ 94.4316922, 27.9930921 ], [ 94.4314701, 27.9931329 ], [ 94.431285, 27.9931738 ], [ 94.4308963, 27.9933536 ] ] } },
{ "type": "Feature", "properties": { "asset_name": "OSM Way 467673085", "asset_type": "road", "osm_id": 467673085 }, "geometry": { "type": "LineString", "coordinates": [ [ 94.6886427, 27.9831192 ], [ 94.6884066, 27.9832424 ], [ 94.6881813, 27.9833845 ], [ 94.688029, 27.9835252 ], [ 94.6879324, 27.9836958 ], [ 94.6878487, 27.9838014 ], [ 94.6878549, 27.9839232 ], [ 94.6879217, 27.9840653 ], [ 94.6882007, 27.9842358 ], [ 94.6883401, 27.9844916 ], [ 94.688308, 27.9848943 ], [ 94.6881362, 27.9853301 ], [ 94.6880633, 27.9855121 ], [ 94.6879539, 27.9857849 ], [ 94.6878005, 27.9862174 ], [ 94.6877023, 27.9866058 ], [ 94.6875998, 27.9870118 ], [ 94.6875376, 27.9875153 ], [ 94.6875281, 27.9875684 ], [ 94.6874866, 27.9878 ], [ 94.6874496, 27.9880066 ], [ 94.687205, 27.9886333 ], [ 94.6870527, 27.988954 ], [ 94.6870262, 27.9889911 ], [ 94.6869726, 27.989066 ], [ 94.6868649, 27.9892168 ], [ 94.6866316, 27.9895271 ], [ 94.6864197, 27.9897877 ], [ 94.686218, 27.9899501 ], [ 94.685894, 27.990195 ], [ 94.6854755, 27.9904698 ], [ 94.6852395, 27.9906687 ], [ 94.6850571, 27.9909245 ], [ 94.6848318, 27.9915403 ], [ 94.6846923, 27.9919382 ], [ 94.6846923, 27.9922035 ], [ 94.6847674, 27.9925351 ], [ 94.6849069, 27.9930466 ], [ 94.6849391, 27.9933119 ], [ 94.6850142, 27.9935866 ], [ 94.6851429, 27.9939277 ], [ 94.6852953, 27.9940901 ], [ 94.6855184, 27.9941929 ], [ 94.6858403, 27.994354 ], [ 94.6860871, 27.9944203 ], [ 94.6863145, 27.994398 ], [ 94.6865935, 27.9944028 ], [ 94.6867844, 27.9945435 ], [ 94.6869132, 27.994695 ], [ 94.6870548, 27.995028 ], [ 94.6870419, 27.9955855 ], [ 94.6869475, 27.9960038 ], [ 94.686851, 27.9963448 ], [ 94.6867437, 27.9967616 ], [ 94.6866772, 27.9970255 ], [ 94.686572, 27.9974058 ], [ 94.6866128, 27.9976602 ], [ 94.6867437, 27.99787 ], [ 94.6869239, 27.9983801 ], [ 94.686999, 27.9986738 ], [ 94.6869722, 27.998887 ], [ 94.6869368, 27.9991299 ], [ 94.6869401, 27.9994837 ], [ 94.686999, 27.9996401 ], [ 94.6872029, 27.9997537 ], [ 94.6874496, 27.9998295 ], [ 94.6875247, 27.9999621 ], [ 94.6875247, 28.000199 ], [ 94.6874604, 28.0004642 ], [ 94.6873906, 28.0009094 ], [ 94.6872136, 28.0015631 ], [ 94.6872243, 28.0020272 ], [ 94.6872351, 28.002283 ], [ 94.6873745, 28.0025577 ], [ 94.6873209, 28.0028514 ], [ 94.6872136, 28.0030929 ], [ 94.6869529, 28.0033312 ], [ 94.6868381, 28.0033629 ], [ 94.686645, 28.003344 ], [ 94.6864647, 28.0033643 ], [ 94.6862716, 28.0034685 ], [ 94.6859497, 28.0036106 ], [ 94.6856365, 28.0039028 ], [ 94.685542, 28.0040558 ], [ 94.6854863, 28.0042628 ], [ 94.6854544, 28.0044902 ], [ 94.685379, 28.0046891 ], [ 94.6851644, 28.0048501 ], [ 94.6849713, 28.0050017 ], [ 94.6848265, 28.0051627 ], [ 94.6847245, 28.0053521 ], [ 94.6846494, 28.0055321 ], [ 94.6845314, 28.0058068 ], [ 94.6844241, 28.0059679 ], [ 94.684349, 28.0061005 ], [ 94.6842417, 28.0063089 ], [ 94.684231, 28.0065741 ] ] } },
{ "type": "Feature", "properties": { "asset_name": "OSM Way 669395921", "asset_type": "road", "osm_id": 669395921 }, "geometry": { "type": "LineString", "coordinates": [ [ 94.6857682, 27.9733729 ], [ 94.6854812, 27.973643 ], [ 94.6853444, 27.9738325 ], [ 94.6852666, 27.973958 ], [ 94.6851942, 27.9741239 ], [ 94.6850467, 27.9742849 ], [ 94.6846792, 27.9744839 ], [ 94.6846148, 27.9744934 ], [ 94.6844995, 27.9744887 ], [ 94.6842125, 27.9743513 ], [ 94.683499, 27.9739675 ], [ 94.6834239, 27.9738988 ], [ 94.6833032, 27.9737141 ], [ 94.6831906, 27.9736383 ], [ 94.6830082, 27.9735672 ], [ 94.6828392, 27.9735151 ], [ 94.68274, 27.9734487 ], [ 94.6824262, 27.973129 ], [ 94.6823859, 27.9730626 ], [ 94.6823698, 27.973001 ], [ 94.6823859, 27.972956 ], [ 94.6824986, 27.9727381 ], [ 94.6825013, 27.9726741 ], [ 94.6824717, 27.972622 ], [ 94.682107, 27.9724562 ], [ 94.6818146, 27.9724396 ], [ 94.681702, 27.9724207 ], [ 94.6816188, 27.9723804 ], [ 94.6815813, 27.9723354 ], [ 94.6815678, 27.9722809 ], [ 94.6815893, 27.972134 ], [ 94.6818307, 27.9719351 ], [ 94.681997, 27.9717455 ], [ 94.6821365, 27.9715395 ], [ 94.6822572, 27.9714873 ], [ 94.6831423, 27.9712244 ], [ 94.6832174, 27.9711841 ], [ 94.6832737, 27.9711083 ], [ 94.6832871, 27.971042 ], [ 94.6832898, 27.9709472 ], [ 94.6830028, 27.9705682 ], [ 94.6829089, 27.9704237 ], [ 94.6828848, 27.9703361 ], [ 94.6828875, 27.9702626 ], [ 94.6829438, 27.9702034 ], [ 94.6833381, 27.9699594 ], [ 94.6834749, 27.9698125 ], [ 94.683609, 27.9697344 ], [ 94.6838048, 27.9697272 ], [ 94.6840838, 27.969758 ], [ 94.6845022, 27.9698125 ], [ 94.6847329, 27.969822 ], [ 94.6848509, 27.9697794 ], [ 94.684926, 27.9697178 ], [ 94.684993, 27.9696278 ], [ 94.6850333, 27.9694998 ], [ 94.6850547, 27.9692108 ], [ 94.685103, 27.9689597 ], [ 94.6851432, 27.9688863 ], [ 94.6852344, 27.9687584 ], [ 94.6852693, 27.9683959 ], [ 94.6852103, 27.968024 ], [ 94.6850869, 27.9677587 ], [ 94.6849287, 27.9675834 ], [ 94.6848991, 27.9675573 ], [ 94.6848294, 27.9674957 ], [ 94.6846577, 27.9671877 ], [ 94.6845719, 27.9669769 ], [ 94.6845505, 27.9668774 ], [ 94.6845558, 27.9667945 ], [ 94.6848589, 27.9660198 ], [ 94.6850038, 27.9656953 ], [ 94.6853659, 27.9651623 ], [ 94.6854329, 27.964814 ], [ 94.685457, 27.9642668 ], [ 94.6854973, 27.9640749 ], [ 94.6855885, 27.9639493 ], [ 94.6857065, 27.9638901 ], [ 94.6857923, 27.9638569 ], [ 94.6858165, 27.9638166 ], [ 94.6858138, 27.9637764 ], [ 94.6858084, 27.9637148 ], [ 94.685728, 27.9636176 ], [ 94.6851459, 27.963267 ], [ 94.6850118, 27.9631486 ], [ 94.6848991, 27.9630135 ], [ 94.684867, 27.9629259 ], [ 94.6847731, 27.9626463 ], [ 94.6845531, 27.9622554 ], [ 94.6845531, 27.9621583 ], [ 94.6846068, 27.962028 ], [ 94.6847168, 27.9618574 ], [ 94.6849045, 27.9617769 ], [ 94.6852854, 27.9617248 ], [ 94.685398, 27.961694 ], [ 94.685449, 27.9616418 ], [ 94.6854812, 27.96154 ], [ 94.6854705, 27.9614807 ], [ 94.6853122, 27.9613173 ], [ 94.6853122, 27.9612415 ], [ 94.685339, 27.9611443 ], [ 94.6855053, 27.960988 ], [ 94.6855429, 27.9608956 ], [ 94.6855536, 27.9606184 ], [ 94.6856877, 27.9602488 ], [ 94.685913, 27.9600877 ], [ 94.6860659, 27.9597608 ], [ 94.6859989, 27.9595286 ], [ 94.6858728, 27.9591685 ], [ 94.6858808, 27.95887 ], [ 94.6860659, 27.9578583 ], [ 94.6861249, 27.9573892 ], [ 94.6860847, 27.9570836 ], [ 94.6860981, 27.9564652 ], [ 94.686082, 27.9561667 ], [ 94.6860257, 27.9558137 ], [ 94.6858728, 27.9554654 ], [ 94.6858728, 27.955392 ], [ 94.6858808, 27.9551337 ], [ 94.6858272, 27.9549324 ], [ 94.6857843, 27.9548092 ], [ 94.6857709, 27.9546101 ], [ 94.686082, 27.9540415 ], [ 94.6862, 27.9538946 ], [ 94.6862832, 27.9538401 ], [ 94.6863797, 27.9537809 ], [ 94.686377, 27.9536624 ], [ 94.6863583, 27.9535961 ], [ 94.6862671, 27.9535274 ], [ 94.6862483, 27.9534089 ], [ 94.6862912, 27.9532834 ], [ 94.6863046, 27.9530914 ], [ 94.6863314, 27.9529185 ], [ 94.6864173, 27.9528095 ], [ 94.686833, 27.9526081 ], [ 94.6870556, 27.9524849 ], [ 94.6872729, 27.9522219 ], [ 94.6873158, 27.9519139 ], [ 94.6874177, 27.9518428 ], [ 94.6875036, 27.9517907 ], [ 94.6875223, 27.9516533 ], [ 94.6874365, 27.9515277 ], [ 94.687399, 27.9514211 ], [ 94.6873319, 27.9512647 ], [ 94.6873587, 27.9511889 ], [ 94.6874499, 27.9511131 ], [ 94.6879461, 27.9509212 ], [ 94.6883056, 27.95067 ], [ 94.6884236, 27.9506392 ], [ 94.6885443, 27.950689 ], [ 94.6887535, 27.9509046 ], [ 94.6888259, 27.9509851 ], [ 94.6889815, 27.951087 ], [ 94.6890593, 27.9512505 ], [ 94.6891344, 27.9513263 ], [ 94.6893141, 27.9513737 ], [ 94.6895635, 27.9513382 ], [ 94.6896306, 27.9512576 ], [ 94.689703, 27.9511297 ], [ 94.6898022, 27.9510704 ], [ 94.6900195, 27.951061 ], [ 94.6902367, 27.9510657 ], [ 94.6908161, 27.9509828 ], [ 94.6911219, 27.9510159 ], [ 94.6912909, 27.9509994 ], [ 94.6919668, 27.950843 ], [ 94.6920714, 27.9507553 ], [ 94.6921062, 27.950644 ], [ 94.6921223, 27.9504781 ], [ 94.6923208, 27.9501298 ], [ 94.6923369, 27.9500303 ], [ 94.6922672, 27.9499758 ], [ 94.692117, 27.9499805 ], [ 94.6919587, 27.95008 ], [ 94.6917576, 27.950189 ], [ 94.6916342, 27.9501796 ], [ 94.6915403, 27.9501227 ], [ 94.6914384, 27.9499166 ], [ 94.6913472, 27.9498194 ], [ 94.6911272, 27.9497365 ], [ 94.6909717, 27.9496915 ], [ 94.6908778, 27.9496062 ], [ 94.6907839, 27.949438 ], [ 94.6907142, 27.9490233 ], [ 94.6906391, 27.9489404 ], [ 94.6905559, 27.9489143 ], [ 94.6903789, 27.948938 ], [ 94.6902207, 27.9489451 ], [ 94.6901563, 27.9489191 ], [ 94.6900275, 27.9485329 ], [ 94.6900302, 27.9483315 ], [ 94.6901295, 27.9480613 ], [ 94.6900785, 27.9477983 ], [ 94.6901348, 27.9476633 ], [ 94.6903414, 27.9473505 ], [ 94.6904781, 27.946706 ], [ 94.6908778, 27.9460118 ], [ 94.6910575, 27.9454431 ], [ 94.6912318, 27.9451635 ], [ 94.6912748, 27.9450569 ], [ 94.691264, 27.9448792 ], [ 94.691897, 27.9443698 ], [ 94.692125, 27.944365 ], [ 94.6922994, 27.9444385 ], [ 94.6924522, 27.9444337 ], [ 94.6926025, 27.944384 ], [ 94.6927258, 27.9441636 ], [ 94.6928734, 27.9440404 ], [ 94.693104, 27.9439764 ], [ 94.6933106, 27.9438295 ], [ 94.6944022, 27.94305 ], [ 94.6944424, 27.9429102 ], [ 94.6945471, 27.9425145 ], [ 94.6946517, 27.9423225 ], [ 94.694767, 27.9422491 ], [ 94.6950406, 27.9421993 ], [ 94.6952525, 27.9421993 ], [ 94.6958801, 27.9421661 ], [ 94.695982, 27.9421401 ], [ 94.6960679, 27.9420429 ], [ 94.6961108, 27.9418984 ], [ 94.6960598, 27.9417894 ], [ 94.6957648, 27.9417136 ], [ 94.6955261, 27.9416875 ], [ 94.6953544, 27.9415738 ], [ 94.6953008, 27.9414458 ], [ 94.695349, 27.9412254 ], [ 94.6960893, 27.9404222 ], [ 94.6961457, 27.9403297 ], [ 94.6960598, 27.9402207 ], [ 94.6959713, 27.9401141 ], [ 94.6959686, 27.9400027 ], [ 94.6962878, 27.9397847 ], [ 94.6965641, 27.9397042 ], [ 94.6967599, 27.9396592 ], [ 94.6969986, 27.9394886 ], [ 94.6972454, 27.9394743 ], [ 94.6977282, 27.9394601 ], [ 94.6985704, 27.9389696 ], [ 94.698616, 27.9388559 ], [ 94.6986133, 27.9387492 ], [ 94.698675, 27.938626 ], [ 94.6990934, 27.9384886 ], [ 94.699426, 27.9383464 ], [ 94.6999678, 27.9382161 ], [ 94.7003406, 27.9380099 ], [ 94.7014698, 27.9378275 ], [ 94.7016603, 27.9379578 ], [ 94.7017327, 27.9380194 ], [ 94.7018373, 27.9380407 ], [ 94.7019285, 27.938017 ], [ 94.7021994, 27.9377161 ], [ 94.7023094, 27.9376711 ], [ 94.7024515, 27.9376924 ], [ 94.702583, 27.9376308 ], [ 94.7027653, 27.9375123 ], [ 94.7029102, 27.9374933 ], [ 94.7030926, 27.937472 ], [ 94.7031328, 27.9373962 ], [ 94.703055, 27.9371379 ], [ 94.703055, 27.9370194 ], [ 94.702937, 27.9369341 ], [ 94.7025132, 27.9368299 ], [ 94.7021833, 27.9366948 ], [ 94.7021028, 27.9365242 ], [ 94.7020519, 27.9358085 ], [ 94.7021136, 27.9354934 ], [ 94.7025856, 27.9349934 ], [ 94.7032696, 27.9344365 ], [ 94.703452, 27.9344365 ], [ 94.7036961, 27.9345479 ], [ 94.703849, 27.9345905 ], [ 94.7039562, 27.9345502 ], [ 94.7039455, 27.9344223 ], [ 94.7039965, 27.9343133 ], [ 94.7041118, 27.9341924 ], [ 94.7041199, 27.9340834 ], [ 94.704026, 27.9339554 ], [ 94.7035807, 27.9337753 ], [ 94.7034493, 27.9336237 ], [ 94.7034305, 27.9335289 ], [ 94.7034788, 27.9332042 ], [ 94.7034869, 27.9329175 ], [ 94.7033206, 27.9322208 ], [ 94.7033232, 27.9320431 ], [ 94.7034171, 27.9319009 ], [ 94.7041252, 27.9313108 ], [ 94.7043505, 27.9312326 ], [ 94.7047019, 27.9312255 ], [ 94.7048341, 27.931252 ], [ 94.7049031, 27.9312658 ], [ 94.705182, 27.9314767 ], [ 94.7053188, 27.9315383 ], [ 94.7054476, 27.9315383 ], [ 94.705697, 27.9311686 ], [ 94.7058606, 27.9310549 ], [ 94.7059679, 27.9310383 ], [ 94.70622, 27.9311686 ], [ 94.7065955, 27.931453 ], [ 94.7070917, 27.9314672 ], [ 94.707647, 27.931389 ], [ 94.7080037, 27.9312445 ], [ 94.7081217, 27.9312421 ], [ 94.7081888, 27.9313037 ], [ 94.7081888, 27.9313819 ], [ 94.7079983, 27.9317184 ], [ 94.7079957, 27.9318962 ], [ 94.7079554, 27.9320194 ], [ 94.7076657, 27.9324602 ], [ 94.7076631, 27.9325763 ], [ 94.7076818, 27.9326331 ], [ 94.707773, 27.9326426 ], [ 94.7078589, 27.9326284 ], [ 94.708178, 27.9323677 ], [ 94.7084892, 27.9321568 ], [ 94.7091168, 27.9308392 ], [ 94.7091275, 27.9307208 ], [ 94.7090256, 27.9306117 ], [ 94.708693, 27.9303842 ], [ 94.7085482, 27.9299624 ], [ 94.7086286, 27.9295833 ], [ 94.7088003, 27.9294363 ], [ 94.7097498, 27.9290856 ], [ 94.7103399, 27.9290572 ], [ 94.7116274, 27.9289766 ], [ 94.7129524, 27.9287586 ], [ 94.7130597, 27.9287823 ], [ 94.7132045, 27.9289055 ], [ 94.7134083, 27.9289719 ], [ 94.7137409, 27.9289339 ], [ 94.7139609, 27.9288723 ], [ 94.7141594, 27.9288913 ], [ 94.7146207, 27.9290738 ], [ 94.7146583, 27.9291709 ], [ 94.7145992, 27.929261 ], [ 94.7146368, 27.9293629 ], [ 94.7147602, 27.929396 ], [ 94.7150901, 27.9293629 ], [ 94.7152269, 27.929261 ], [ 94.71531, 27.9292159 ], [ 94.7154334, 27.9291283 ], [ 94.7154522, 27.9287372 ], [ 94.7155943, 27.9285453 ], [ 94.7155997, 27.9284363 ], [ 94.7155407, 27.9283557 ], [ 94.7150096, 27.928159 ], [ 94.7149211, 27.9280832 ], [ 94.7148916, 27.9280144 ], [ 94.7149131, 27.9276945 ], [ 94.7150847, 27.9274599 ], [ 94.7152081, 27.9273011 ], [ 94.7153583, 27.926858 ], [ 94.7153664, 27.9265973 ], [ 94.7154173, 27.9263958 ], [ 94.7156078, 27.9261043 ], [ 94.715538, 27.9260356 ], [ 94.7153342, 27.9260404 ], [ 94.715066, 27.9262536 ], [ 94.714905, 27.9266518 ], [ 94.7147897, 27.92673 ], [ 94.7146583, 27.9267324 ], [ 94.7144812, 27.9266779 ], [ 94.7142345, 27.9265167 ], [ 94.714036, 27.9264669 ], [ 94.7137731, 27.9264575 ], [ 94.7133091, 27.9263413 ], [ 94.7131053, 27.9262347 ], [ 94.7130167, 27.9261328 ], [ 94.7129899, 27.9260901 ], [ 94.7129872, 27.926038 ], [ 94.7130516, 27.9259361 ], [ 94.7133547, 27.9256541 ], [ 94.7134298, 27.9255356 ], [ 94.7134298, 27.9253412 ], [ 94.7134513, 27.9251754 ], [ 94.713521, 27.9250521 ], [ 94.7135317, 27.9249668 ], [ 94.7134405, 27.9247582 ], [ 94.7133708, 27.9246398 ], [ 94.7134244, 27.9242132 ], [ 94.7135049, 27.9238624 ], [ 94.7133011, 27.9238956 ], [ 94.7122496, 27.924507 ], [ 94.7119117, 27.924507 ], [ 94.7112304, 27.9241421 ], [ 94.7111124, 27.9239857 ], [ 94.7113055, 27.9234169 ], [ 94.7109944, 27.9231751 ], [ 94.7108763, 27.9229761 ], [ 94.7109622, 27.9225163 ], [ 94.7109836, 27.9223457 ], [ 94.7106188, 27.9218906 ], [ 94.7109085, 27.921227 ], [ 94.7106403, 27.9208004 ], [ 94.7091651, 27.9207388 ], [ 94.7089666, 27.9206677 ], [ 94.7087628, 27.9203975 ], [ 94.7092617, 27.9198714 ], [ 94.709605, 27.9196486 ], [ 94.7101924, 27.9196131 ], [ 94.7103909, 27.919523 ], [ 94.7104901, 27.9191912 ], [ 94.7106054, 27.9191272 ], [ 94.7108066, 27.9191154 ], [ 94.7109273, 27.9190703 ], [ 94.7109675, 27.9190135 ], [ 94.7110775, 27.9187172 ], [ 94.7112304, 27.9186082 ], [ 94.7114557, 27.9186011 ], [ 94.7115925, 27.9186105 ], [ 94.7117132, 27.9185347 ], [ 94.7118258, 27.9181271 ], [ 94.7120082, 27.9179351 ], [ 94.712255, 27.9179351 ], [ 94.7128451, 27.9180062 ], [ 94.7134647, 27.9177929 ], [ 94.713521, 27.9177218 ], [ 94.7135022, 27.9176459 ], [ 94.713285, 27.9171032 ], [ 94.7133091, 27.9170013 ], [ 94.7133842, 27.9169325 ], [ 94.7137892, 27.9166505 ], [ 94.7139528, 27.9163163 ], [ 94.714146, 27.9162903 ], [ 94.7148058, 27.9163519 ], [ 94.714964, 27.9163448 ], [ 94.7150633, 27.9163045 ], [ 94.7152966, 27.9156551 ], [ 94.7154683, 27.9152403 ], [ 94.7155461, 27.9151597 ], [ 94.7163454, 27.9150128 ], [ 94.716627, 27.9150483 ], [ 94.7177428, 27.9148018 ], [ 94.7179037, 27.9148587 ], [ 94.7180325, 27.9148919 ], [ 94.7181317, 27.9148492 ], [ 94.7183436, 27.9147497 ], [ 94.7184563, 27.91479 ], [ 94.7185528, 27.9148872 ], [ 94.7186092, 27.914918 ], [ 94.7187325, 27.9149488 ], [ 94.7188371, 27.9148421 ], [ 94.7189149, 27.914771 ], [ 94.7192636, 27.9146999 ], [ 94.7194165, 27.9146383 ], [ 94.7195104, 27.9145672 ], [ 94.7196659, 27.9142212 ], [ 94.7197974, 27.9141406 ], [ 94.72002, 27.9140932 ], [ 94.7201943, 27.9141145 ], [ 94.7206771, 27.9144392 ], [ 94.7207791, 27.9147426 ], [ 94.7209454, 27.9148516 ], [ 94.7211599, 27.9149037 ], [ 94.7214174, 27.9148232 ], [ 94.7215649, 27.9148018 ], [ 94.7216561, 27.9147402 ], [ 94.7217178, 27.9146359 ], [ 94.7218546, 27.9142164 ], [ 94.7220987, 27.9140078 ], [ 94.7231448, 27.9135907 ], [ 94.7234854, 27.913586 ], [ 94.7236544, 27.9136191 ], [ 94.7237778, 27.9135907 ], [ 94.7241077, 27.9132067 ], [ 94.724097, 27.913093 ], [ 94.7240835, 27.912946 ], [ 94.7241452, 27.9128062 ], [ 94.7246173, 27.9126426 ], [ 94.7248775, 27.9126403 ], [ 94.7250545, 27.9127137 ], [ 94.7255588, 27.9131285 ], [ 94.7256339, 27.9133252 ], [ 94.7257331, 27.9134888 ], [ 94.7258833, 27.9135457 ], [ 94.7259745, 27.9135101 ], [ 94.7261918, 27.9132873 ], [ 94.7264117, 27.9131735 ], [ 94.7265646, 27.9130242 ], [ 94.7267953, 27.9128109 ], [ 94.7268623, 27.9124791 ], [ 94.7267979, 27.9122563 ], [ 94.7271413, 27.9115049 ], [ 94.7272754, 27.9114007 ], [ 94.7274443, 27.9114054 ], [ 94.7275543, 27.9114007 ], [ 94.7276482, 27.9113604 ], [ 94.727793, 27.911166 ], [ 94.727793, 27.9110333 ], [ 94.7278494, 27.9109053 ], [ 94.7281095, 27.9107868 ], [ 94.7283429, 27.9107654 ], [ 94.7288096, 27.9103981 ], [ 94.7289813, 27.9103886 ], [ 94.7290778, 27.9103838 ], [ 94.7294587, 27.9101231 ], [ 94.7296867, 27.9100947 ], [ 94.7298261, 27.9100591 ], [ 94.7305262, 27.9095258 ], [ 94.7309259, 27.90913 ], [ 94.7310546, 27.9091015 ], [ 94.7312236, 27.9091584 ], [ 94.7314918, 27.9094144 ], [ 94.7317091, 27.9094263 ], [ 94.7318727, 27.9094049 ], [ 94.7320282, 27.9093125 ], [ 94.7321328, 27.9090375 ], [ 94.7323179, 27.908957 ], [ 94.7328007, 27.9089119 ], [ 94.7330797, 27.9089475 ], [ 94.7331923, 27.9089119 ], [ 94.7340506, 27.9086536 ], [ 94.7345468, 27.9084402 ], [ 94.7347721, 27.9084474 ], [ 94.7351155, 27.9084047 ], [ 94.7354695, 27.9084331 ], [ 94.7358209, 27.9084663 ], [ 94.7361454, 27.9085279 ], [ 94.7364297, 27.9086417 ], [ 94.7365049, 27.9087176 ], [ 94.7365236, 27.9090186 ], [ 94.7363439, 27.9092011 ], [ 94.7361293, 27.9093078 ], [ 94.7361079, 27.9093883 ], [ 94.7361267, 27.9096846 ], [ 94.7359255, 27.9102061 ], [ 94.7357807, 27.9104739 ], [ 94.7356278, 27.9105071 ], [ 94.7356036, 27.9106351 ], [ 94.73566, 27.910718 ], [ 94.7357056, 27.9107868 ], [ 94.7356626, 27.9109693 ], [ 94.7355017, 27.9110641 ], [ 94.7353354, 27.9111091 ], [ 94.7352549, 27.9112134 ], [ 94.7352871, 27.9112845 ], [ 94.7354829, 27.9113627 ], [ 94.7355956, 27.9114338 ], [ 94.7356492, 27.9115286 ], [ 94.7356251, 27.91164 ], [ 94.735491, 27.9118083 ], [ 94.7347587, 27.912562 ], [ 94.7346917, 27.9126474 ], [ 94.7347185, 27.9127706 ], [ 94.7348231, 27.9128346 ], [ 94.7350082, 27.9128014 ], [ 94.7352469, 27.9126284 ], [ 94.7353488, 27.9125573 ], [ 94.7354588, 27.9126047 ], [ 94.7355098, 27.9126995 ], [ 94.735491, 27.9129128 ], [ 94.7354481, 27.9130693 ], [ 94.7354427, 27.9131878 ], [ 94.7349411, 27.9137945 ], [ 94.7349438, 27.9139083 ], [ 94.7353113, 27.9142069 ], [ 94.7355795, 27.9143989 ], [ 94.7358102, 27.9144676 ], [ 94.7360757, 27.9145222 ], [ 94.7362447, 27.9145079 ], [ 94.7363386, 27.9144392 ] ] } },
{ "type": "Feature", "properties": { "asset_name": "OSM Way 669395928", "asset_type": "road", "osm_id": 669395928 }, "geometry": { "type": "LineString", "coordinates": [ [ 94.686664, 27.9723164 ], [ 94.6874625, 27.9725547 ] ] } },
{ "type": "Feature", "properties": { "asset_name": "OSM Way 669395929", "asset_type": "road", "osm_id": 669395929 }, "geometry": { "type": "LineString", "coordinates": [ [ 94.6857682, 27.9733729 ], [ 94.6858513, 27.9733208 ], [ 94.6859264, 27.9732474 ], [ 94.6860042, 27.9731455 ], [ 94.6864119, 27.9724396 ], [ 94.6864763, 27.9723401 ], [ 94.6865431, 27.9722998 ], [ 94.686664, 27.9723164 ] ] } },
{ "type": "Feature", "properties": { "asset_name": "OSM Way 669395930", "asset_type": "road", "osm_id": 669395930 }, "geometry": { "type": "LineString", "coordinates": [ [ 94.6892923, 27.9828383 ], [ 94.6886427, 27.9831192 ] ] } },
{ "type": "Feature", "properties": { "asset_name": "OSM Way 669395931", "asset_type": "road", "osm_id": 669395931 }, "geometry": { "type": "LineString", "coordinates": [ [ 94.6874625, 27.9725547 ], [ 94.6875814, 27.9726599 ], [ 94.6875784, 27.972828 ], [ 94.6875462, 27.973046 ], [ 94.6875545, 27.9731882 ], [ 94.6876186, 27.9732521 ], [ 94.6878037, 27.973406 ], [ 94.6879453, 27.9735212 ], [ 94.6879968, 27.9736619 ], [ 94.6880304, 27.9738003 ], [ 94.6880612, 27.9739272 ], [ 94.6880612, 27.974183 ], [ 94.6880934, 27.9743631 ], [ 94.6881041, 27.9744862 ], [ 94.6880263, 27.974761 ], [ 94.6879324, 27.9750168 ], [ 94.6878895, 27.9752253 ], [ 94.6878573, 27.9754432 ], [ 94.6878573, 27.9757749 ], [ 94.6879703, 27.9759549 ], [ 94.6880934, 27.9760402 ], [ 94.6883852, 27.9762216 ], [ 94.6887049, 27.9763907 ], [ 94.6888658, 27.9765613 ], [ 94.6888229, 27.9768171 ], [ 94.6886963, 27.9770838 ], [ 94.6886834, 27.977253 ], [ 94.6887151, 27.9773965 ], [ 94.6886995, 27.9776461 ], [ 94.6886427, 27.9778039 ], [ 94.688589, 27.9780408 ], [ 94.6885837, 27.9782943 ], [ 94.6886513, 27.9784942 ], [ 94.6887693, 27.9786932 ], [ 94.6888068, 27.9788708 ], [ 94.6887293, 27.9790888 ], [ 94.6886378, 27.9792901 ], [ 94.6884796, 27.9794796 ], [ 94.6883428, 27.9796075 ], [ 94.6882921, 27.9797118 ], [ 94.6883155, 27.9798221 ], [ 94.6883509, 27.9799154 ], [ 94.6885332, 27.980112 ], [ 94.6886593, 27.9804034 ], [ 94.6886861, 27.9805644 ], [ 94.6888095, 27.9807468 ], [ 94.6889946, 27.9809387 ], [ 94.6891395, 27.981076 ], [ 94.6892816, 27.9812087 ], [ 94.6894533, 27.9813366 ], [ 94.6895042, 27.9814645 ], [ 94.6894774, 27.9816777 ], [ 94.6893567, 27.9818245 ], [ 94.6892226, 27.981969 ], [ 94.6891341, 27.9822177 ], [ 94.6890968, 27.9823576 ], [ 94.6891233, 27.9824641 ], [ 94.6892172, 27.9824878 ], [ 94.6894774, 27.9824072 ], [ 94.6897304, 27.9823222 ], [ 94.6898658, 27.9823044 ], [ 94.6900052, 27.9823613 ], [ 94.6900235, 27.9824191 ], [ 94.6900138, 27.9824925 ], [ 94.6898529, 27.9826441 ], [ 94.6894768, 27.9827805 ], [ 94.6892923, 27.9828383 ] ] } },
{ "type": "Feature", "properties": { "asset_name": "OSM Way 669395932", "asset_type": "road", "osm_id": 669395932 }, "geometry": { "type": "LineString", "coordinates": [ [ 94.6833086, 28.0123238 ], [ 94.6836144, 28.0122859 ], [ 94.6842554, 28.0121107 ], [ 94.6844834, 28.012023 ], [ 94.6846926, 28.0119165 ], [ 94.6853471, 28.0111492 ], [ 94.6853793, 28.011019 ], [ 94.6853229, 28.010633 ], [ 94.6853068, 28.0103773 ], [ 94.6853498, 28.010041 ], [ 94.6852934, 28.0099676 ], [ 94.6851164, 28.0099297 ], [ 94.684926, 28.0098492 ], [ 94.684867, 28.0097687 ], [ 94.684867, 28.0097095 ], [ 94.6849072, 28.0096313 ], [ 94.6853095, 28.009404 ], [ 94.6853256, 28.0093306 ], [ 94.6851969, 28.0089446 ], [ 94.6851593, 28.0088262 ], [ 94.6851432, 28.0085989 ], [ 94.6851137, 28.0076185 ], [ 94.6850252, 28.0071401 ], [ 94.6849367, 28.0070052 ], [ 94.6848911, 28.0069673 ], [ 94.6845719, 28.0069862 ], [ 94.6844646, 28.0069862 ], [ 94.6843868, 28.0069554 ], [ 94.6842742, 28.0068204 ], [ 94.6842232, 28.0066689 ], [ 94.684231, 28.0065741 ] ] } },
{ "type": "Feature", "properties": { "asset_name": "OSM Way 669395933", "asset_type": "road", "osm_id": 669395933 }, "geometry": { "type": "LineString", "coordinates": [ [ 94.6828687, 28.012338 ], [ 94.6833086, 28.0123238 ] ] } },
{ "type": "Feature", "properties": { "asset_name": "OSM Way 899349075", "asset_type": "road", "osm_id": 899349075 }, "geometry": { "type": "LineString", "coordinates": [ [ 94.6766374, 28.258748 ], [ 94.6766505, 28.2585614 ], [ 94.6767174, 28.2583963 ], [ 94.6768896, 28.258229 ], [ 94.676949, 28.2581713 ], [ 94.6772257, 28.2579613 ], [ 94.677449, 28.2578196 ], [ 94.6777357, 28.2577063 ], [ 94.6778266, 28.257677 ], [ 94.6781607, 28.2575696 ], [ 94.678317, 28.2575429 ], [ 94.678454, 28.257553 ], [ 94.6786657, 28.2576913 ], [ 94.6788004, 28.2577627 ], [ 94.678959, 28.257803 ], [ 94.6791547, 28.2577764 ], [ 94.6793307, 28.2577163 ], [ 94.6796157, 28.257488 ], [ 94.679749, 28.2573463 ], [ 94.6798874, 28.2572013 ], [ 94.6800574, 28.2570596 ], [ 94.680244, 28.2569196 ], [ 94.6804274, 28.256768 ], [ 94.6807924, 28.2564796 ], [ 94.681179, 28.2561296 ], [ 94.6813007, 28.2559513 ], [ 94.6814174, 28.2557713 ], [ 94.6815857, 28.2555246 ], [ 94.6817607, 28.255163 ], [ 94.6818474, 28.2549746 ], [ 94.6819207, 28.2547763 ], [ 94.681984, 28.2545746 ], [ 94.6820474, 28.2543763 ], [ 94.6821074, 28.2541746 ], [ 94.682159, 28.2539696 ], [ 94.6822207, 28.2537563 ], [ 94.6822824, 28.2535396 ], [ 94.682339, 28.2533313 ], [ 94.6823957, 28.253118 ], [ 94.6824457, 28.252893 ], [ 94.6824907, 28.2526713 ], [ 94.6825324, 28.252453 ], [ 94.6825757, 28.252223 ], [ 94.6826274, 28.2519963 ], [ 94.682704, 28.2517796 ], [ 94.6828074, 28.251558 ], [ 94.6829207, 28.2513346 ], [ 94.6830374, 28.2511163 ], [ 94.6831324, 28.2509013 ], [ 94.6832074, 28.2506863 ], [ 94.6833007, 28.250468 ], [ 94.6835157, 28.2500413 ], [ 94.683619, 28.249833 ], [ 94.6838274, 28.2493996 ], [ 94.6839224, 28.2491813 ], [ 94.684019, 28.248963 ], [ 94.684119, 28.2487513 ], [ 94.6842207, 28.2485446 ], [ 94.6843874, 28.248138 ], [ 94.6844457, 28.2479346 ], [ 94.6845424, 28.2477563 ], [ 94.684689, 28.247588 ], [ 94.6848574, 28.2474246 ], [ 94.685019, 28.2472596 ], [ 94.685164, 28.2470963 ], [ 94.6852707, 28.2469363 ], [ 94.6853207, 28.2467563 ], [ 94.685354, 28.2465562 ], [ 94.685389, 28.2463462 ], [ 94.6854157, 28.2461395 ], [ 94.6854274, 28.2459312 ], [ 94.6854174, 28.2457229 ], [ 94.6854007, 28.2455179 ], [ 94.685394, 28.2453129 ], [ 94.6853807, 28.2450995 ], [ 94.6853607, 28.2448829 ], [ 94.685344, 28.2446662 ], [ 94.6853157, 28.2443429 ], [ 94.6852724, 28.2440079 ], [ 94.6852424, 28.2437862 ], [ 94.6852174, 28.2435662 ], [ 94.6851957, 28.2433429 ], [ 94.6851824, 28.2431195 ], [ 94.685169, 28.2429029 ], [ 94.685159, 28.2426912 ], [ 94.6851757, 28.2424779 ], [ 94.6852157, 28.2422679 ], [ 94.6852724, 28.2420595 ], [ 94.6853574, 28.2418662 ], [ 94.685424, 28.2416695 ], [ 94.6854524, 28.2414629 ], [ 94.6855157, 28.2411779 ], [ 94.6856324, 28.2409445 ], [ 94.685594, 28.2405995 ], [ 94.685554, 28.2403979 ], [ 94.685539, 28.2401912 ], [ 94.6855224, 28.2399812 ], [ 94.685504, 28.2397579 ], [ 94.6854924, 28.2395379 ], [ 94.6855024, 28.2393195 ], [ 94.6854957, 28.2391045 ], [ 94.6854607, 28.2388845 ], [ 94.6853974, 28.2386662 ], [ 94.6853224, 28.2384512 ], [ 94.685289, 28.2382379 ], [ 94.6852774, 28.2378979 ], [ 94.685269, 28.2376679 ], [ 94.685324, 28.2372062 ], [ 94.6853724, 28.2369729 ], [ 94.6854124, 28.2366262 ], [ 94.6854107, 28.2364162 ], [ 94.6854057, 28.2362279 ], [ 94.6853724, 28.2358495 ], [ 94.6853407, 28.2355512 ], [ 94.6853357, 28.2352212 ], [ 94.6854257, 28.2348545 ], [ 94.685499, 28.2346579 ], [ 94.685584, 28.2343562 ], [ 94.6856857, 28.2339445 ], [ 94.685734, 28.2337279 ], [ 94.6857857, 28.2335162 ], [ 94.6858357, 28.2331912 ], [ 94.685854, 28.2329679 ], [ 94.685874, 28.2326195 ], [ 94.685924, 28.2321245 ], [ 94.6859707, 28.2318679 ], [ 94.686024, 28.2316162 ], [ 94.6860857, 28.2313812 ], [ 94.686139, 28.2311679 ], [ 94.6862324, 28.2308262 ], [ 94.6863574, 28.2303295 ], [ 94.6864074, 28.2299245 ], [ 94.686434, 28.2293795 ], [ 94.6864807, 28.2289979 ], [ 94.6866324, 28.2284712 ], [ 94.6867207, 28.2281595 ], [ 94.6867874, 28.2279045 ], [ 94.6868574, 28.2274862 ], [ 94.6868507, 28.2269412 ], [ 94.6868274, 28.2266962 ], [ 94.6868307, 28.2263595 ], [ 94.686909, 28.2261462 ], [ 94.6870474, 28.2259479 ], [ 94.6872224, 28.2257629 ], [ 94.6874007, 28.2255845 ], [ 94.6876357, 28.2252879 ], [ 94.6877807, 28.2250829 ], [ 94.688039, 28.2247912 ], [ 94.6882407, 28.2246195 ], [ 94.6884574, 28.2244779 ], [ 94.6886624, 28.2243362 ], [ 94.6888524, 28.2241662 ], [ 94.6890407, 28.2239795 ], [ 94.6893074, 28.2236779 ], [ 94.689729, 28.2232545 ], [ 94.690034, 28.2230945 ], [ 94.6903624, 28.2229345 ], [ 94.6905557, 28.2228429 ], [ 94.6907757, 28.2226745 ], [ 94.6909774, 28.2224945 ], [ 94.6912157, 28.2222362 ], [ 94.691524, 28.2220645 ], [ 94.6917557, 28.2218345 ], [ 94.692164, 28.2216595 ], [ 94.692499, 28.2214445 ], [ 94.692764, 28.2212529 ], [ 94.6930724, 28.2210795 ], [ 94.693369, 28.2209045 ], [ 94.693544, 28.2208029 ], [ 94.693839, 28.2207279 ], [ 94.6941324, 28.2206479 ], [ 94.694384, 28.2204979 ], [ 94.6946174, 28.2204462 ], [ 94.694934, 28.2203879 ], [ 94.6952824, 28.2202579 ], [ 94.695539, 28.2200762 ], [ 94.695704, 28.2199262 ], [ 94.6959707, 28.2197429 ], [ 94.6961924, 28.2195562 ], [ 94.6963407, 28.2193479 ], [ 94.6965324, 28.2190979 ], [ 94.696594, 28.2186912 ], [ 94.6967024, 28.2183512 ], [ 94.6967424, 28.2181729 ], [ 94.6968057, 28.2178895 ], [ 94.6968957, 28.2177129 ], [ 94.697044, 28.2175729 ], [ 94.697209, 28.2173495 ], [ 94.697349, 28.2169895 ], [ 94.697334, 28.2165929 ], [ 94.6971357, 28.2163029 ], [ 94.6971007, 28.2161229 ], [ 94.6971157, 28.2158295 ], [ 94.6971524, 28.2156112 ], [ 94.6972057, 28.2153862 ], [ 94.6972857, 28.2151595 ], [ 94.6974274, 28.2148279 ], [ 94.697514, 28.2146279 ], [ 94.6975506, 28.2145122 ], [ 94.6975484, 28.2144513 ], [ 94.6975324, 28.2143912 ], [ 94.6973474, 28.2142179 ], [ 94.6971474, 28.2140379 ], [ 94.6970457, 28.2138729 ], [ 94.6969307, 28.2136945 ], [ 94.6966357, 28.2132129 ], [ 94.6965207, 28.2128562 ], [ 94.6965436, 28.2127629 ], [ 94.696614, 28.2126662 ], [ 94.6968674, 28.2125529 ], [ 94.697174, 28.2124445 ], [ 94.6974007, 28.2122929 ], [ 94.6974258, 28.2121602 ], [ 94.6974157, 28.2119979 ], [ 94.6973307, 28.2118179 ], [ 94.697159, 28.2115212 ], [ 94.697014, 28.2113329 ], [ 94.6968557, 28.2111545 ], [ 94.6965907, 28.2108879 ], [ 94.6964207, 28.2107212 ], [ 94.6962707, 28.2105395 ], [ 94.6960024, 28.2101079 ], [ 94.6958724, 28.2098762 ], [ 94.6956907, 28.2095162 ], [ 94.6955807, 28.2092895 ], [ 94.6954824, 28.2090895 ], [ 94.695374, 28.2088095 ], [ 94.6952924, 28.2086295 ], [ 94.6951607, 28.2084545 ], [ 94.6949307, 28.2082012 ], [ 94.694814, 28.2080229 ], [ 94.694684, 28.2076095 ], [ 94.694669, 28.2073962 ], [ 94.6946857, 28.2070845 ], [ 94.6947457, 28.2067162 ], [ 94.6947224, 28.2064845 ], [ 94.694714, 28.2061529 ], [ 94.6949157, 28.2058629 ], [ 94.6949907, 28.2056379 ], [ 94.6951157, 28.2052862 ], [ 94.695214, 28.2050662 ], [ 94.695324, 28.2048829 ], [ 94.6955257, 28.2046745 ], [ 94.6956674, 28.2045395 ], [ 94.695819, 28.2043979 ], [ 94.6960607, 28.2041762 ], [ 94.6962924, 28.2037879 ], [ 94.696409, 28.2034462 ], [ 94.6965557, 28.2031095 ], [ 94.696644, 28.2028695 ], [ 94.6967607, 28.2024945 ], [ 94.696819, 28.2022395 ], [ 94.6968607, 28.2019745 ], [ 94.6969674, 28.2016095 ], [ 94.6970924, 28.2013762 ], [ 94.6972307, 28.2011529 ], [ 94.6973757, 28.2009379 ], [ 94.6976274, 28.2006745 ], [ 94.6978957, 28.2004862 ], [ 94.697985, 28.2003801 ], [ 94.6980507, 28.2002479 ], [ 94.6981757, 28.1999529 ], [ 94.6983124, 28.1997662 ], [ 94.6984974, 28.1996045 ], [ 94.6988207, 28.1993595 ], [ 94.699154, 28.1991029 ], [ 94.6994807, 28.1988545 ], [ 94.7000474, 28.1984595 ], [ 94.700679, 28.1981245 ], [ 94.7011624, 28.1978645 ], [ 94.701364, 28.1977145 ], [ 94.7014495, 28.1976292 ], [ 94.7014807, 28.1975545 ], [ 94.7014357, 28.1971962 ], [ 94.701344, 28.1968895 ], [ 94.701294, 28.1966795 ], [ 94.7012807, 28.1964812 ], [ 94.7013207, 28.1961945 ], [ 94.7013324, 28.1958812 ], [ 94.7013768, 28.1956798 ], [ 94.7014651, 28.1956107 ], [ 94.7015907, 28.1955962 ], [ 94.7017413, 28.1955871 ], [ 94.701894, 28.1956129 ], [ 94.7021795, 28.19591 ], [ 94.7023957, 28.1960638 ], [ 94.7027105, 28.1961808 ], [ 94.7030026, 28.1961875 ], [ 94.703196, 28.1961708 ], [ 94.703583, 28.1960504 ], [ 94.7039257, 28.1958595 ], [ 94.704224, 28.1956645 ], [ 94.7044707, 28.1954179 ], [ 94.7046974, 28.1951945 ], [ 94.7048604, 28.1951336 ], [ 94.7050601, 28.1951349 ], [ 94.7052857, 28.1952445 ], [ 94.7055757, 28.1953945 ], [ 94.705736, 28.1954065 ], [ 94.7058957, 28.1953762 ], [ 94.7061324, 28.1952995 ], [ 94.7062328, 28.1952455 ], [ 94.7063074, 28.1951545 ], [ 94.7064435, 28.1949077 ], [ 94.7065269, 28.1948567 ], [ 94.7066234, 28.1948573 ], [ 94.7067252, 28.1948783 ], [ 94.7067508, 28.1949146 ], [ 94.7067586, 28.1949686 ], [ 94.706774, 28.1951095 ], [ 94.706839, 28.1953095 ], [ 94.7069613, 28.1953751 ], [ 94.7071174, 28.1953729 ], [ 94.707271, 28.1953221 ], [ 94.7073356, 28.1952789 ], [ 94.7073807, 28.1952012 ], [ 94.707399, 28.1950045 ], [ 94.707393, 28.1948382 ], [ 94.707469, 28.1946479 ], [ 94.7075317, 28.1945543 ], [ 94.707629, 28.1944729 ], [ 94.7077077, 28.1944453 ], [ 94.7077969, 28.1944314 ], [ 94.7078848, 28.1944365 ], [ 94.7079734, 28.1944632 ], [ 94.7081024, 28.1946045 ], [ 94.7081778, 28.1947114 ], [ 94.7082307, 28.1948195 ], [ 94.7082224, 28.1950329 ], [ 94.7082207, 28.1952629 ], [ 94.708274, 28.1955562 ], [ 94.7083538, 28.1956991 ], [ 94.708474, 28.1957679 ], [ 94.7088057, 28.1957962 ], [ 94.7089642, 28.1958483 ], [ 94.7091124, 28.1959212 ], [ 94.7093957, 28.1961562 ], [ 94.7095747, 28.1962037 ], [ 94.7097107, 28.1961629 ], [ 94.7098042, 28.1960839 ], [ 94.7098179, 28.1959858 ], [ 94.709744, 28.1957829 ], [ 94.7096374, 28.1955579 ], [ 94.7096057, 28.1953679 ], [ 94.7096107, 28.1951812 ], [ 94.7096705, 28.1950393 ], [ 94.7097724, 28.1949012 ], [ 94.7098665, 28.1948253 ], [ 94.7099857, 28.1947612 ], [ 94.7101027, 28.1947193 ], [ 94.7102307, 28.1947079 ], [ 94.7105807, 28.1947862 ], [ 94.7110757, 28.1948795 ], [ 94.7114724, 28.1949795 ], [ 94.7118507, 28.1950195 ], [ 94.7120499, 28.1950629 ], [ 94.7121702, 28.1950806 ], [ 94.7122607, 28.1950545 ], [ 94.7124857, 28.1949145 ], [ 94.7125891, 28.1948862 ], [ 94.7127074, 28.1948762 ], [ 94.7130074, 28.1949912 ], [ 94.7131839, 28.195 ], [ 94.7133557, 28.1949829 ], [ 94.713527, 28.1949431 ], [ 94.7136774, 28.1948695 ], [ 94.7138424, 28.1946762 ], [ 94.7139374, 28.1945162 ], [ 94.7140257, 28.1943512 ], [ 94.7141324, 28.1940179 ], [ 94.7141464, 28.1938533 ], [ 94.714129, 28.1936829 ], [ 94.7140807, 28.1934229 ], [ 94.7140707, 28.1932395 ], [ 94.7141024, 28.1929679 ], [ 94.7141824, 28.1927029 ], [ 94.714249, 28.1924412 ], [ 94.7142674, 28.1922245 ], [ 94.7143268, 28.1921469 ], [ 94.7144274, 28.1921095 ], [ 94.7145741, 28.1921195 ], [ 94.714729, 28.1921445 ], [ 94.7147947, 28.1922196 ], [ 94.7148124, 28.1923129 ], [ 94.7147074, 28.1926445 ], [ 94.7146724, 28.1929029 ], [ 94.7147224, 28.1932279 ], [ 94.7148107, 28.1936395 ], [ 94.7148674, 28.1938895 ], [ 94.714909, 28.1941379 ], [ 94.7149417, 28.1942735 ], [ 94.7149707, 28.1943462 ], [ 94.7149963, 28.1943845 ], [ 94.7150441, 28.1944034 ], [ 94.71514, 28.194407 ], [ 94.7152439, 28.1943325 ], [ 94.7153974, 28.1939129 ], [ 94.715424, 28.1935762 ], [ 94.7154574, 28.1931579 ], [ 94.7154809, 28.1930777 ], [ 94.7155321, 28.1929893 ], [ 94.7155923, 28.1929226 ], [ 94.7156335, 28.1929059 ], [ 94.7156818, 28.1928999 ], [ 94.7157419, 28.1929186 ], [ 94.7158452, 28.1929854 ], [ 94.7158956, 28.1930694 ], [ 94.7159488, 28.1933094 ], [ 94.715944, 28.1935395 ], [ 94.7159124, 28.1937579 ], [ 94.7158724, 28.1939762 ], [ 94.7158307, 28.1941879 ], [ 94.7156579, 28.1946827 ], [ 94.7155591, 28.1948563 ], [ 94.715474, 28.1951145 ], [ 94.7153574, 28.1954545 ], [ 94.7152757, 28.1956312 ], [ 94.715174, 28.1959979 ], [ 94.7151657, 28.1961895 ], [ 94.7151846, 28.1963745 ], [ 94.7152924, 28.1965395 ], [ 94.7154274, 28.1966962 ], [ 94.7155974, 28.1968229 ], [ 94.7157371, 28.1968831 ], [ 94.715904, 28.1969245 ], [ 94.7160262, 28.1969215 ], [ 94.7161107, 28.1969195 ], [ 94.716529, 28.1969212 ], [ 94.716854, 28.1969745 ], [ 94.7170115, 28.1969911 ], [ 94.717154, 28.1969662 ], [ 94.7172655, 28.1969106 ], [ 94.7173507, 28.1968295 ], [ 94.717524, 28.1966129 ], [ 94.7177088, 28.1965061 ], [ 94.7179174, 28.1964045 ], [ 94.7181157, 28.1962579 ] ] } },
{ "type": "Feature", "properties": { "asset_name": "Along Main Road", "asset_type": "road", "osm_id": 1239185805 }, "geometry": { "type": "LineString", "coordinates": [ [ 94.7398778, 28.0561112 ], [ 94.7393072, 28.0557233 ], [ 94.7385011, 28.055493 ], [ 94.7383629, 28.0554049 ], [ 94.7384013, 28.0552288 ], [ 94.7384781, 28.0551339 ], [ 94.7386611, 28.0548423 ], [ 94.7386908, 28.0547287 ], [ 94.7386472, 28.0546448 ], [ 94.7385878, 28.0545382 ], [ 94.7384888, 28.0544806 ], [ 94.7383938, 28.0544649 ], [ 94.738269, 28.0544806 ], [ 94.738075, 28.0545138 ], [ 94.7379998, 28.0545138 ], [ 94.7379503, 28.0544718 ], [ 94.7379384, 28.0544194 ], [ 94.7379998, 28.0542185 ], [ 94.7379899, 28.0541399 ], [ 94.7379146, 28.0540752 ], [ 94.7375998, 28.0539354 ], [ 94.7373128, 28.0538323 ], [ 94.7371425, 28.0536384 ], [ 94.7370217, 28.0536157 ], [ 94.7369069, 28.0536594 ], [ 94.7367406, 28.0537432 ], [ 94.7364317, 28.0539162 ], [ 94.7361208, 28.0539005 ], [ 94.7358714, 28.0538516 ], [ 94.7354952, 28.0537922 ], [ 94.735216, 28.053745 ], [ 94.7348458, 28.0536506 ], [ 94.7345389, 28.0535475 ], [ 94.734428, 28.0534095 ], [ 94.7343389, 28.053268 ], [ 94.7343409, 28.053088 ], [ 94.734525, 28.0528102 ], [ 94.734432, 28.0525533 ], [ 94.7343508, 28.0524328 ], [ 94.7342558, 28.0523716 ], [ 94.7341251, 28.0523734 ], [ 94.7339548, 28.052438 ], [ 94.733842, 28.052611 ], [ 94.7336341, 28.0528014 ], [ 94.7334599, 28.0528207 ], [ 94.7332143, 28.0528311 ], [ 94.7329886, 28.0528102 ], [ 94.732658, 28.0526634 ], [ 94.7324739, 28.0525935 ], [ 94.732365, 28.052576 ], [ 94.7322145, 28.0526127 ], [ 94.7320521, 28.0527281 ], [ 94.7318482, 28.0530094 ], [ 94.7316601, 28.0530268 ], [ 94.7314067, 28.0529482 ], [ 94.7312127, 28.05295 ], [ 94.7310741, 28.0529639 ], [ 94.73088, 28.0530111 ], [ 94.7305316, 28.0531911 ], [ 94.730296, 28.0533274 ], [ 94.7301277, 28.053282 ], [ 94.7300326, 28.0531858 ], [ 94.7299495, 28.0529517 ], [ 94.7298643, 28.0528871 ], [ 94.729801, 28.0528731 ], [ 94.729506, 28.0528539 ], [ 94.7289556, 28.0527281 ], [ 94.7288487, 28.0526459 ], [ 94.7288467, 28.0525638 ], [ 94.7288724, 28.0524398 ], [ 94.728918, 28.0520414 ], [ 94.7288328, 28.0519156 ], [ 94.7287378, 28.0518247 ], [ 94.7283636, 28.0516832 ], [ 94.7281794, 28.0515521 ], [ 94.7280547, 28.0514752 ], [ 94.7278231, 28.0514717 ], [ 94.727536, 28.0515207 ], [ 94.7273756, 28.051498 ], [ 94.7270311, 28.0514281 ], [ 94.726645, 28.051304 ], [ 94.7264807, 28.0512673 ], [ 94.7263144, 28.051311 ], [ 94.7260134, 28.0514211 ], [ 94.7257263, 28.0515713 ], [ 94.7256056, 28.0517024 ], [ 94.7255858, 28.0518177 ], [ 94.7255323, 28.051968 ], [ 94.7254551, 28.0520553 ], [ 94.725366, 28.0521462 ], [ 94.7253343, 28.0523139 ], [ 94.7252611, 28.05259 ], [ 94.725166, 28.0526459 ], [ 94.7250849, 28.0526302 ], [ 94.7250175, 28.0525848 ], [ 94.7248572, 28.0524642 ], [ 94.7246988, 28.0523838 ], [ 94.724574, 28.0523559 ], [ 94.7243543, 28.0523227 ], [ 94.7239563, 28.0523244 ], [ 94.7237247, 28.0523437 ], [ 94.7235999, 28.0523314 ], [ 94.7235009, 28.0522755 ], [ 94.7234217, 28.0521829 ], [ 94.7233089, 28.0520553 ], [ 94.723198, 28.0519732 ], [ 94.7230713, 28.0519278 ], [ 94.7228495, 28.0518824 ], [ 94.7226258, 28.0518736 ], [ 94.72241, 28.0519523 ], [ 94.7223367, 28.052106 ], [ 94.722309, 28.0522056 ], [ 94.7223249, 28.0524293 ], [ 94.7223546, 28.0525883 ], [ 94.7222892, 28.0528539 ], [ 94.7221942, 28.0528975 ], [ 94.7221051, 28.0528941 ], [ 94.7220239, 28.0528137 ], [ 94.7218556, 28.0525691 ], [ 94.7216893, 28.0524135 ], [ 94.7215626, 28.0523192 ], [ 94.7214418, 28.0522563 ], [ 94.7212399, 28.0522266 ], [ 94.721034, 28.0522423 ], [ 94.7209112, 28.0522563 ], [ 94.7203588, 28.0523594 ], [ 94.7199034, 28.0523611 ], [ 94.7196282, 28.0523559 ], [ 94.7195748, 28.0524293 ], [ 94.7195827, 28.0524834 ], [ 94.7197035, 28.0525219 ], [ 94.7199054, 28.0525656 ], [ 94.7200658, 28.0525725 ], [ 94.7203014, 28.0525341 ], [ 94.7207706, 28.0524712 ], [ 94.7209666, 28.052466 ], [ 94.7212478, 28.0525254 ], [ 94.7214062, 28.052632 ], [ 94.7214596, 28.0527682 ], [ 94.721426, 28.0528486 ], [ 94.7213191, 28.0528818 ], [ 94.7211666, 28.0528329 ], [ 94.7210815, 28.052777 ], [ 94.7210161, 28.0527403 ], [ 94.7208221, 28.052777 ], [ 94.7207033, 28.0529115 ], [ 94.7205845, 28.052943 ], [ 94.7204598, 28.0529517 ], [ 94.7203509, 28.052936 ], [ 94.7201331, 28.0529622 ], [ 94.7199411, 28.0529762 ], [ 94.7196183, 28.0528399 ], [ 94.7194797, 28.0527752 ], [ 94.7193273, 28.0527018 ], [ 94.7191194, 28.0526442 ], [ 94.7189669, 28.0526931 ], [ 94.7189234, 28.052784 ], [ 94.718864, 28.0529709 ], [ 94.7186086, 28.0535161 ], [ 94.7185333, 28.0536698 ], [ 94.7184502, 28.0537065 ], [ 94.7183334, 28.0536786 ], [ 94.7182581, 28.0536594 ], [ 94.71807, 28.0536664 ], [ 94.7179908, 28.0537362 ], [ 94.717779, 28.053897 ], [ 94.7175751, 28.0539512 ], [ 94.717486, 28.0540158 ], [ 94.7172959, 28.0541259 ], [ 94.7172068, 28.0541119 ], [ 94.7171137, 28.0541014 ], [ 94.7165831, 28.0540088 ], [ 94.716203, 28.0540123 ], [ 94.7160189, 28.0539983 ], [ 94.7159001, 28.0540455 ], [ 94.7158209, 28.0540944 ], [ 94.7156664, 28.0541905 ], [ 94.7154467, 28.0545435 ], [ 94.7153041, 28.0547217 ], [ 94.7151002, 28.0548685 ], [ 94.7148547, 28.0548842 ], [ 94.7144686, 28.054879 ], [ 94.7141399, 28.0549017 ], [ 94.714039, 28.0550747 ], [ 94.7139796, 28.0554556 ], [ 94.714136, 28.0556879 ], [ 94.7144924, 28.055985 ], [ 94.714532, 28.0561055 ], [ 94.7145518, 28.0562296 ], [ 94.7144488, 28.0565668 ], [ 94.714425, 28.0566507 ], [ 94.7143479, 28.056683 ], [ 94.7142647, 28.0566909 ], [ 94.7139162, 28.0567101 ], [ 94.7136509, 28.0568289 ], [ 94.7134945, 28.0569337 ], [ 94.7133895, 28.0570158 ], [ 94.7133658, 28.0572395 ], [ 94.7133301, 28.0573863 ], [ 94.7132747, 28.0574998 ], [ 94.7132272, 28.0576501 ], [ 94.7132331, 28.0577759 ], [ 94.7132688, 28.0578632 ], [ 94.7134192, 28.0579751 ], [ 94.7134848, 28.0580711 ], [ 94.7135163, 28.0581725 ], [ 94.7134821, 28.0582599 ], [ 94.7134133, 28.058314 ], [ 94.7133836, 28.0583682 ], [ 94.7133796, 28.0585534 ], [ 94.7134153, 28.0588172 ], [ 94.7134608, 28.059088 ], [ 94.7134212, 28.0592959 ], [ 94.7131025, 28.0597747 ], [ 94.7130831, 28.0598262 ], [ 94.7130906, 28.059897 ], [ 94.7131935, 28.0600437 ], [ 94.7132925, 28.0602115 ], [ 94.7133123, 28.0603076 ], [ 94.7132411, 28.0604176 ], [ 94.7131698, 28.0607461 ], [ 94.7130747, 28.0609418 ], [ 94.7128336, 28.0611592 ], [ 94.7127065, 28.0613908 ], [ 94.7126491, 28.0616756 ], [ 94.7125877, 28.061873 ], [ 94.7125441, 28.0621596 ], [ 94.712455, 28.0622539 ], [ 94.7123204, 28.0623238 ], [ 94.7120274, 28.0623378 ], [ 94.7118828, 28.0623884 ], [ 94.7115027, 28.062509 ], [ 94.711277, 28.0625981 ], [ 94.7111344, 28.0626837 ], [ 94.7109958, 28.0627641 ], [ 94.7109899, 28.0629528 ], [ 94.7110671, 28.0631869 ], [ 94.7112374, 28.0635311 ], [ 94.7113879, 28.0637128 ], [ 94.7117078, 28.0639472 ], [ 94.7117487, 28.0643545 ], [ 94.7117303, 28.0645744 ], [ 94.7116897, 28.0646138 ], [ 94.7116384, 28.0646411 ], [ 94.711573, 28.0646609 ], [ 94.7112993, 28.0646826 ], [ 94.71114, 28.0646934 ], [ 94.7109562, 28.064706 ], [ 94.7107397, 28.064715 ], [ 94.7106682, 28.0647583 ], [ 94.7104968, 28.0648452 ], [ 94.7103577, 28.0649061 ], [ 94.7102658, 28.0649187 ], [ 94.7102145, 28.0649108 ], [ 94.7101739, 28.0648916 ], [ 94.7100992, 28.0648108 ], [ 94.7100411, 28.0646988 ], [ 94.70989, 28.0645888 ], [ 94.70951, 28.064232 ], [ 94.7094038, 28.0641659 ], [ 94.7092854, 28.0641166 ], [ 94.709178, 28.064125 ], [ 94.7090852, 28.0641707 ], [ 94.7090402, 28.0642157 ], [ 94.7089259, 28.0644302 ], [ 94.7088789, 28.0645672 ], [ 94.7087522, 28.0648844 ], [ 94.7085255, 28.0651404 ], [ 94.7084152, 28.0652071 ], [ 94.7083685, 28.0652206 ], [ 94.7083111, 28.0652125 ], [ 94.7082666, 28.0651889 ], [ 94.708221, 28.0651389 ], [ 94.7081436, 28.0650286 ], [ 94.7080905, 28.0649547 ], [ 94.7080238, 28.0649345 ], [ 94.7079597, 28.0649295 ], [ 94.7077922, 28.0649926 ], [ 94.70759, 28.0651151 ], [ 94.7075042, 28.0651836 ], [ 94.7074327, 28.0652864 ], [ 94.7073899, 28.065472 ], [ 94.7073674, 28.0656018 ], [ 94.7073176, 28.0656331 ], [ 94.7072489, 28.0656432 ], [ 94.7071223, 28.0655928 ], [ 94.7069956, 28.0655063 ], [ 94.706675, 28.0653278 ], [ 94.7065728, 28.0652125 ], [ 94.7064993, 28.0648952 ], [ 94.7062991, 28.0643617 ], [ 94.7059641, 28.0639814 ], [ 94.7057088, 28.0637904 ], [ 94.7054433, 28.0636354 ], [ 94.7052789, 28.0635638 ], [ 94.7051655, 28.0635489 ], [ 94.7051129, 28.0635697 ], [ 94.7050613, 28.0636101 ], [ 94.7047815, 28.0640679 ], [ 94.7046324, 28.0641761 ], [ 94.7044806, 28.0642049 ], [ 94.7042638, 28.0642111 ], [ 94.7041118, 28.0641895 ], [ 94.7039563, 28.0641238 ], [ 94.7037439, 28.0639652 ], [ 94.7035641, 28.063931 ], [ 94.7034702, 28.0638462 ], [ 94.7033313, 28.063785 ], [ 94.7031168, 28.0637705 ], [ 94.7026797, 28.0637597 ], [ 94.7024162, 28.0637958 ], [ 94.7021037, 28.0638517 ], [ 94.7019015, 28.0639526 ], [ 94.7017973, 28.0640463 ], [ 94.7017605, 28.0641995 ], [ 94.7017769, 28.0644681 ], [ 94.7018137, 28.0646285 ], [ 94.7018137, 28.0650737 ], [ 94.7018484, 28.0653693 ], [ 94.70183, 28.0656685 ], [ 94.7018422, 28.0660217 ], [ 94.7019158, 28.0663426 ], [ 94.702022, 28.066667 ], [ 94.7020199, 28.0668905 ], [ 94.7021425, 28.0671392 ], [ 94.7025265, 28.0681755 ], [ 94.7025326, 28.0684423 ], [ 94.7024693, 28.0686874 ], [ 94.7023835, 28.068837 ], [ 94.7022201, 28.0689812 ], [ 94.7021568, 28.0691903 ], [ 94.7023161, 28.069493 ], [ 94.7026388, 28.0698733 ], [ 94.7026889, 28.0699473 ], [ 94.7027022, 28.0700103 ], [ 94.702707, 28.0700621 ], [ 94.7026879, 28.0701022 ], [ 94.7026021, 28.0701563 ], [ 94.7023692, 28.070223 ], [ 94.7022303, 28.0703203 ], [ 94.7020935, 28.070542 ], [ 94.7019975, 28.0709079 ], [ 94.7018259, 28.0712647 ], [ 94.7017013, 28.0714287 ], [ 94.7016421, 28.0715801 ], [ 94.7016584, 28.0716756 ], [ 94.7018259, 28.0719189 ], [ 94.7023202, 28.0724164 ], [ 94.7023412, 28.0724871 ], [ 94.7023385, 28.0725697 ], [ 94.7023164, 28.0726373 ], [ 94.7022405, 28.0726939 ], [ 94.7021548, 28.0727642 ], [ 94.7020935, 28.0728561 ], [ 94.702069, 28.0729426 ], [ 94.7020567, 28.0730201 ], [ 94.7020342, 28.0732814 ], [ 94.7020106, 28.0733686 ], [ 94.7019799, 28.0734101 ], [ 94.7019178, 28.0734246 ], [ 94.7018576, 28.0734109 ], [ 94.7017646, 28.0733625 ], [ 94.701685, 28.0732526 ], [ 94.7014685, 28.0729588 ], [ 94.7012928, 28.0728849 ], [ 94.7011948, 28.0728633 ], [ 94.7008843, 28.0727786 ], [ 94.7007474, 28.0726092 ], [ 94.7006351, 28.0724848 ], [ 94.7005085, 28.0724182 ], [ 94.7003532, 28.0723785 ], [ 94.7002511, 28.0723713 ], [ 94.7000979, 28.0724686 ], [ 94.6999222, 28.0726002 ], [ 94.6998017, 28.0726633 ], [ 94.6996976, 28.0726633 ], [ 94.6996097, 28.072611 ], [ 94.6992788, 28.0723947 ], [ 94.6982718, 28.0716107 ], [ 94.6980615, 28.0713278 ], [ 94.6979512, 28.0712863 ], [ 94.6978858, 28.0712971 ], [ 94.6977571, 28.0714521 ], [ 94.6976893, 28.0715445 ], [ 94.6976086, 28.0715797 ], [ 94.6975002, 28.0715735 ], [ 94.6974038, 28.071526 ], [ 94.69732, 28.0713963 ], [ 94.696983, 28.0711854 ], [ 94.69684, 28.0710989 ], [ 94.6967215, 28.0709908 ], [ 94.6966807, 28.0708718 ], [ 94.6966705, 28.0705744 ], [ 94.6966582, 28.0700409 ], [ 94.6965643, 28.0694732 ], [ 94.6963396, 28.0692047 ], [ 94.6962803, 28.0691452 ], [ 94.6958616, 28.0690515 ], [ 94.6955797, 28.0689812 ], [ 94.6954572, 28.0689235 ], [ 94.6953755, 28.068819 ], [ 94.6953694, 28.0687541 ], [ 94.6953765, 28.068637 ], [ 94.6953653, 28.0685036 ], [ 94.695337, 28.0684619 ], [ 94.6952764, 28.0684223 ], [ 94.6951794, 28.0683954 ], [ 94.6950793, 28.0684297 ], [ 94.6950099, 28.0684783 ], [ 94.6947341, 28.0686081 ], [ 94.6945748, 28.0686387 ], [ 94.6944277, 28.0686568 ], [ 94.6942398, 28.0686135 ], [ 94.6940907, 28.0684333 ], [ 94.6939927, 28.0682098 ], [ 94.6934207, 28.0672636 ], [ 94.6933145, 28.0669878 ], [ 94.6931756, 28.0668779 ], [ 94.6929305, 28.06684 ], [ 94.6926344, 28.0668274 ], [ 94.692379, 28.0667445 ], [ 94.6922626, 28.0666526 ], [ 94.6921727, 28.0665534 ], [ 94.6919746, 28.0664759 ] ] } },
{ "type": "Feature", "properties": { "asset_name": "OSM Way 1345161472", "asset_type": "road", "osm_id": 1345161472 }, "geometry": { "type": "LineString", "coordinates": [ [ 94.5316225, 28.0042492 ], [ 94.5315722, 28.0042246 ] ] } },
{ "type": "Feature", "properties": { "asset_name": "OSM Way 1506350430", "asset_type": "road", "osm_id": 1506350430 }, "geometry": { "type": "LineString", "coordinates": [ [ 94.4175689, 27.9846249 ], [ 94.4174853, 27.9847084 ], [ 94.4174155, 27.9848028 ], [ 94.4173248, 27.9849364 ], [ 94.4172286, 27.9851232 ], [ 94.4171591, 27.9852738 ], [ 94.4171069, 27.9854307 ], [ 94.417073, 27.9855604 ], [ 94.4170505, 27.9857054 ], [ 94.4170347, 27.9858056 ], [ 94.4170021, 27.9858637 ], [ 94.4169273, 27.9858976 ], [ 94.4168123, 27.9859168 ], [ 94.4167045, 27.9859199 ], [ 94.4166002, 27.985903 ], [ 94.4165458, 27.9858817 ], [ 94.4164905, 27.9858542 ], [ 94.4164458, 27.9858231 ], [ 94.416287, 27.985694 ], [ 94.4162105, 27.9856438 ], [ 94.4161681, 27.9856159 ], [ 94.4160852, 27.9855803 ], [ 94.416017, 27.9855589 ], [ 94.4159255, 27.9855452 ], [ 94.4158113, 27.9855534 ], [ 94.4157005, 27.9855797 ], [ 94.415577, 27.9856272 ], [ 94.4154961, 27.9856786 ], [ 94.4154227, 27.985724 ], [ 94.4153656, 27.9857765 ], [ 94.4153251, 27.9858384 ], [ 94.4153069, 27.9859107 ], [ 94.4153083, 27.9859783 ], [ 94.4153129, 27.9860297 ], [ 94.4152999, 27.9860769 ], [ 94.4152592, 27.9861293 ], [ 94.4151979, 27.9861752 ], [ 94.4151053, 27.9862206 ], [ 94.4149655, 27.9862739 ], [ 94.4148019, 27.9863306 ], [ 94.414676, 27.9863819 ], [ 94.4145543, 27.9864244 ], [ 94.4144056, 27.986466 ], [ 94.4142387, 27.9864996 ], [ 94.4141252, 27.986526 ], [ 94.4140496, 27.9865628 ], [ 94.4140004, 27.9866114 ], [ 94.413959, 27.9866791 ], [ 94.4138829, 27.9867389 ], [ 94.4137767, 27.9867735 ], [ 94.4136503, 27.986773 ], [ 94.4135578, 27.9867486 ], [ 94.4134985, 27.9867139 ], [ 94.4134513, 27.9866338 ], [ 94.4134015, 27.986509 ], [ 94.4133496, 27.9863961 ], [ 94.4132996, 27.9862905 ], [ 94.4132184, 27.9862182 ], [ 94.4130846, 27.9861574 ], [ 94.4129487, 27.9861275 ], [ 94.4127793, 27.986103 ], [ 94.4125063, 27.986038 ], [ 94.4123123, 27.9859814 ], [ 94.4122402, 27.9859609 ], [ 94.4121779, 27.985965 ], [ 94.4121352, 27.985994 ], [ 94.4121192, 27.9860342 ], [ 94.4121336, 27.9861115 ], [ 94.4121919, 27.9862549 ], [ 94.4122615, 27.9863826 ], [ 94.4123225, 27.9864839 ], [ 94.4123632, 27.9865479 ], [ 94.4123819, 27.9865954 ], [ 94.4123738, 27.9866389 ], [ 94.4123307, 27.9866638 ], [ 94.4122703, 27.9866685 ], [ 94.4121827, 27.9866482 ], [ 94.4119649, 27.9865702 ], [ 94.4118381, 27.9865309 ], [ 94.4117524, 27.986534 ], [ 94.4116777, 27.9865541 ], [ 94.411644, 27.9865996 ], [ 94.4116321, 27.9866537 ], [ 94.41168, 27.9869817 ], [ 94.4116915, 27.9870517 ], [ 94.4116975, 27.9870885 ], [ 94.411701, 27.987158 ], [ 94.4116775, 27.9872012 ], [ 94.4116221, 27.9872214 ], [ 94.4115302, 27.9872193 ], [ 94.4113675, 27.9871803 ], [ 94.4112697, 27.9871376 ], [ 94.411198, 27.987088 ], [ 94.411133, 27.9870199 ], [ 94.4110542, 27.9869555 ], [ 94.410987, 27.9869124 ], [ 94.4109129, 27.9868969 ], [ 94.4108242, 27.986903 ], [ 94.4106346, 27.9869427 ], [ 94.4105222, 27.9869711 ], [ 94.4104419, 27.9870147 ], [ 94.4103905, 27.9870539 ], [ 94.410332, 27.9870998 ], [ 94.410234, 27.9871218 ], [ 94.4100859, 27.9871239 ], [ 94.4100111, 27.9871192 ], [ 94.4099616, 27.987108 ], [ 94.4099019, 27.9870817 ], [ 94.4098356, 27.987047 ], [ 94.40977, 27.9870301 ], [ 94.4097073, 27.987032 ], [ 94.4096395, 27.9870548 ], [ 94.4095397, 27.9871035 ], [ 94.4092037, 27.9872632 ], [ 94.4091254, 27.9872909 ], [ 94.4090416, 27.9873051 ], [ 94.4089318, 27.9872993 ], [ 94.4088288, 27.9872988 ], [ 94.4087392, 27.9873076 ], [ 94.4086496, 27.9873299 ], [ 94.4085531, 27.9873742 ], [ 94.4084653, 27.9874081 ], [ 94.4083907, 27.9874284 ], [ 94.4083169, 27.987437 ], [ 94.4082222, 27.9874361 ], [ 94.4081295, 27.987427 ], [ 94.4080219, 27.9874257 ], [ 94.4079426, 27.9874319 ], [ 94.4078437, 27.9874599 ], [ 94.4077287, 27.9875125 ], [ 94.407603, 27.9875859 ], [ 94.4073565, 27.9877628 ], [ 94.407264, 27.987822 ], [ 94.4071497, 27.987881 ], [ 94.4070228, 27.987923 ], [ 94.4069236, 27.9879513 ], [ 94.4068552, 27.9879708 ], [ 94.4067175, 27.9880229 ], [ 94.4066014, 27.9880753 ], [ 94.4065035, 27.9881368 ], [ 94.4064043, 27.9882167 ], [ 94.4063113, 27.988336 ], [ 94.4062204, 27.9884918 ], [ 94.4061342, 27.9886261 ], [ 94.4060493, 27.9887611 ], [ 94.4059757, 27.9888806 ], [ 94.4059401, 27.9889792 ], [ 94.4059321, 27.9890561 ], [ 94.4059398, 27.9891549 ], [ 94.4059441, 27.9892603 ], [ 94.4059172, 27.9893767 ], [ 94.4058485, 27.9895312 ], [ 94.405766, 27.9897159 ], [ 94.4056064, 27.9900542 ], [ 94.4055484, 27.9901334 ], [ 94.4054888, 27.9901892 ], [ 94.4054075, 27.990234 ], [ 94.405315, 27.9902386 ], [ 94.4051983, 27.9902183 ], [ 94.4050698, 27.9901428 ], [ 94.4049937, 27.9900593 ], [ 94.4049366, 27.9899596 ], [ 94.4049003, 27.9897932 ], [ 94.4048771, 27.9895637 ], [ 94.404853, 27.9894062 ], [ 94.4048114, 27.9891935 ], [ 94.4047988, 27.9889063 ], [ 94.4047772, 27.9887758 ], [ 94.4047393, 27.9886786 ], [ 94.4046856, 27.9885884 ], [ 94.4046226, 27.9885441 ], [ 94.4045463, 27.9885498 ], [ 94.4044794, 27.988577 ], [ 94.4044178, 27.9886306 ], [ 94.4043413, 27.9887065 ], [ 94.4042255, 27.988779 ], [ 94.4041018, 27.9888312 ], [ 94.4039906, 27.9888563 ], [ 94.4039087, 27.9888626 ], [ 94.4038386, 27.9888346 ], [ 94.4037887, 27.9887503 ], [ 94.4037226, 27.988614 ], [ 94.4036852, 27.9884754 ], [ 94.4036778, 27.9883332 ], [ 94.4036806, 27.9881989 ], [ 94.4036724, 27.9880872 ], [ 94.4036482, 27.9880018 ], [ 94.4036038, 27.9879202 ], [ 94.4034999, 27.9878334 ], [ 94.4032333, 27.9877044 ], [ 94.4028568, 27.9875466 ] ] } },
{ "type": "Feature", "properties": { "asset_name": "OSM Way 1506350435", "asset_type": "road", "osm_id": 1506350435 }, "geometry": { "type": "LineString", "coordinates": [ [ 94.4028568, 27.9875466 ], [ 94.4026439, 27.9874697 ], [ 94.4020932, 27.9873757 ], [ 94.4017464, 27.9873528 ], [ 94.4015406, 27.9873273 ], [ 94.4015424, 27.9871205 ], [ 94.401649, 27.986869 ], [ 94.4017462, 27.9867465 ], [ 94.401848, 27.9865994 ], [ 94.4019822, 27.986346 ], [ 94.4023107, 27.9861703 ], [ 94.4024495, 27.9858924 ], [ 94.4023015, 27.985729 ], [ 94.402084, 27.9855369 ], [ 94.4019961, 27.9852795 ], [ 94.4018989, 27.9850711 ], [ 94.4019729, 27.9848277 ], [ 94.4021257, 27.9844971 ], [ 94.4020032, 27.9844176 ], [ 94.402022, 27.9841921 ], [ 94.4022652, 27.9841276 ], [ 94.4024637, 27.9839333 ], [ 94.4024922, 27.9835518 ], [ 94.4023193, 27.9833524 ], [ 94.402441, 27.9832161 ], [ 94.4029105, 27.9831133 ], [ 94.4033038, 27.983195 ], [ 94.4035259, 27.9833625 ], [ 94.40391, 27.9832359 ], [ 94.4041228, 27.9830806 ], [ 94.4043311, 27.9831541 ], [ 94.4044745, 27.9832726 ], [ 94.4044791, 27.9835914 ], [ 94.4044838, 27.983812 ], [ 94.404692, 27.9840776 ], [ 94.4049881, 27.984286 ], [ 94.4052241, 27.9843719 ], [ 94.4053583, 27.9841594 ], [ 94.4053583, 27.9837834 ], [ 94.4053491, 27.983481 ], [ 94.4053352, 27.9832032 ], [ 94.405275, 27.9829376 ], [ 94.405201, 27.9827496 ], [ 94.4050668, 27.9825575 ], [ 94.4047984, 27.9821121 ], [ 94.4047501, 27.9820129 ], [ 94.4046674, 27.9817979 ], [ 94.4046168, 27.9816187 ], [ 94.4046291, 27.9813463 ], [ 94.4046329, 27.9811668 ], [ 94.4046841, 27.9809353 ], [ 94.4049073, 27.9807493 ], [ 94.4051969, 27.9807357 ], [ 94.4053632, 27.9808683 ], [ 94.4056206, 27.9810957 ], [ 94.4058459, 27.9810673 ], [ 94.4059465, 27.9809479 ], [ 94.4058138, 27.9805604 ], [ 94.4055711, 27.9801524 ], [ 94.4056285, 27.9797649 ], [ 94.4056452, 27.9794233 ], [ 94.4058026, 27.979223 ], [ 94.4057933, 27.9791045 ], [ 94.4056684, 27.9789574 ], [ 94.4055481, 27.9788226 ], [ 94.4054046, 27.9786428 ], [ 94.4054185, 27.9785406 ], [ 94.4055203, 27.9783199 ], [ 94.405784, 27.9779685 ], [ 94.4062144, 27.9780175 ], [ 94.4064272, 27.9780421 ], [ 94.4066216, 27.977756 ], [ 94.4065846, 27.9774699 ], [ 94.4064874, 27.9773147 ], [ 94.4063116, 27.977188 ], [ 94.4060478, 27.9771022 ], [ 94.4056822, 27.9771594 ], [ 94.4055897, 27.9772288 ], [ 94.4054509, 27.9773637 ], [ 94.4048586, 27.9776293 ], [ 94.4041923, 27.977662 ], [ 94.4037434, 27.9776538 ], [ 94.4034843, 27.977613 ], [ 94.4032992, 27.9776661 ], [ 94.4030632, 27.9776865 ], [ 94.4028179, 27.9776211 ], [ 94.4027208, 27.9774863 ], [ 94.4026699, 27.9773392 ], [ 94.402582, 27.9771921 ], [ 94.4023737, 27.9771226 ], [ 94.4021562, 27.9772002 ], [ 94.4021609, 27.9774086 ], [ 94.4022997, 27.9775272 ], [ 94.4024478, 27.9776457 ], [ 94.4026467, 27.9779481 ], [ 94.4028179, 27.9781279 ], [ 94.4028179, 27.9784384 ], [ 94.4025264, 27.9784589 ], [ 94.4023136, 27.9784098 ], [ 94.4021794, 27.978324 ], [ 94.4021053, 27.9781238 ], [ 94.4020498, 27.9779276 ], [ 94.4019156, 27.9777805 ], [ 94.4017999, 27.9777805 ], [ 94.4016796, 27.97785 ], [ 94.4015732, 27.9780298 ], [ 94.4015362, 27.9782872 ], [ 94.4014807, 27.9784875 ], [ 94.4014112, 27.9786101 ], [ 94.4012169, 27.9785937 ], [ 94.4010457, 27.978606 ], [ 94.4006709, 27.9786632 ], [ 94.4003701, 27.9786223 ], [ 94.4000601, 27.9784916 ], [ 94.3998472, 27.9783404 ], [ 94.3997639, 27.9781769 ], [ 94.3998565, 27.9780747 ], [ 94.3999953, 27.9781606 ], [ 94.4001387, 27.9782954 ], [ 94.4004164, 27.9784017 ], [ 94.4005552, 27.9784139 ], [ 94.4007588, 27.9783976 ], [ 94.4009485, 27.9783485 ], [ 94.4010503, 27.9781851 ], [ 94.401092, 27.9779685 ], [ 94.4010781, 27.9777969 ], [ 94.4010087, 27.9776375 ], [ 94.4009948, 27.9772207 ], [ 94.4009069, 27.9770286 ], [ 94.4009161, 27.9768856 ], [ 94.4010735, 27.9767752 ], [ 94.4010966, 27.9766486 ], [ 94.4007357, 27.9763829 ], [ 94.4005737, 27.9762481 ], [ 94.4003562, 27.9759865 ], [ 94.4003608, 27.9758149 ], [ 94.4004256, 27.9757495 ], [ 94.4006524, 27.9757659 ], [ 94.4011984, 27.9759171 ], [ 94.4019434, 27.9758435 ], [ 94.4022673, 27.9757699 ], [ 94.4024015, 27.975725 ], [ 94.4026375, 27.9759865 ], [ 94.4027115, 27.9762072 ], [ 94.403003, 27.9764034 ], [ 94.4032251, 27.9764851 ], [ 94.4035398, 27.9765586 ], [ 94.4035907, 27.9764565 ], [ 94.4035167, 27.9763707 ], [ 94.403401, 27.9763298 ], [ 94.403165, 27.9762154 ], [ 94.4030308, 27.9761541 ], [ 94.4028503, 27.9760642 ], [ 94.4028087, 27.9759947 ], [ 94.4026652, 27.9756882 ], [ 94.4025496, 27.9755901 ], [ 94.4022257, 27.9755125 ], [ 94.4017722, 27.9756473 ], [ 94.4015917, 27.9756678 ], [ 94.4011753, 27.9755493 ], [ 94.4009254, 27.975394 ], [ 94.4007033, 27.9753654 ], [ 94.400384, 27.9754308 ], [ 94.4001249, 27.9754634 ], [ 94.3998796, 27.9754021 ], [ 94.3996621, 27.975161 ], [ 94.3994354, 27.9752387 ], [ 94.3992457, 27.9753368 ], [ 94.3991531, 27.9755207 ], [ 94.3993151, 27.9756964 ], [ 94.3994632, 27.9758598 ], [ 94.3995233, 27.9759865 ], [ 94.3996945, 27.9763135 ], [ 94.3997223, 27.9765137 ], [ 94.3997408, 27.9766404 ], [ 94.3997732, 27.9768815 ], [ 94.3996436, 27.9769264 ], [ 94.3994955, 27.9769346 ], [ 94.3992086, 27.9767466 ], [ 94.3991161, 27.9767875 ], [ 94.3988616, 27.9769305 ], [ 94.3986904, 27.9769264 ], [ 94.3985793, 27.9768651 ], [ 94.3983017, 27.9767548 ], [ 94.3981027, 27.9767098 ], [ 94.3977603, 27.9762971 ], [ 94.3975891, 27.9760928 ], [ 94.3974642, 27.9760274 ], [ 94.39733, 27.9760029 ], [ 94.396733, 27.9760723 ], [ 94.3965109, 27.976011 ], [ 94.3960389, 27.9757495 ], [ 94.395678, 27.9755615 ], [ 94.3954328, 27.9752428 ], [ 94.3952662, 27.9751243 ], [ 94.3951181, 27.9750875 ], [ 94.3949423, 27.9751038 ], [ 94.3949006, 27.9752509 ], [ 94.3948544, 27.9754144 ], [ 94.394697, 27.9755002 ], [ 94.3945027, 27.9756555 ], [ 94.394424, 27.9758353 ], [ 94.3945212, 27.9759416 ], [ 94.394896, 27.9759743 ], [ 94.3952199, 27.9761173 ], [ 94.395331, 27.9762481 ], [ 94.3953449, 27.9763625 ], [ 94.3952616, 27.9766853 ], [ 94.3952569, 27.9769101 ], [ 94.3952477, 27.9771103 ], [ 94.3950857, 27.977331 ], [ 94.3949191, 27.9773228 ], [ 94.3947433, 27.9772942 ], [ 94.3942898, 27.9772738 ], [ 94.3939567, 27.9773882 ], [ 94.3936605, 27.9776579 ], [ 94.3935911, 27.9780135 ], [ 94.3933135, 27.9782341 ], [ 94.3928401, 27.9783237 ], [ 94.3922957, 27.9783601 ], [ 94.3921052, 27.9785209 ], [ 94.3919632, 27.9786486 ], [ 94.3917217, 27.9788226 ], [ 94.3914903, 27.9788634 ], [ 94.3912266, 27.9788348 ], [ 94.3909906, 27.9787613 ], [ 94.3908008, 27.9786673 ], [ 94.3906574, 27.9785079 ], [ 94.3905972, 27.9782709 ], [ 94.3906759, 27.9779644 ], [ 94.3907823, 27.9777478 ], [ 94.3906852, 27.977237 ], [ 94.3906805, 27.9769877 ], [ 94.3907546, 27.9767507 ], [ 94.3907546, 27.9759784 ], [ 94.390787, 27.9756719 ], [ 94.3907222, 27.9754553 ], [ 94.391023, 27.975067 ], [ 94.3910368, 27.9747565 ], [ 94.3909397, 27.9745644 ], [ 94.3907546, 27.9744541 ], [ 94.3905047, 27.9741598 ], [ 94.3904723, 27.9739841 ], [ 94.3904723, 27.9738778 ], [ 94.391023, 27.973179 ], [ 94.3910276, 27.9729093 ], [ 94.3909212, 27.9726845 ], [ 94.3907429, 27.9724786 ], [ 94.3904677, 27.9723903 ], [ 94.389683, 27.9723941 ], [ 94.3896184, 27.972241 ], [ 94.3897088, 27.9719734 ], [ 94.3898337, 27.9717323 ], [ 94.389954, 27.9712501 ], [ 94.3901299, 27.9711724 ], [ 94.3904307, 27.9711357 ], [ 94.3910553, 27.9712705 ], [ 94.3911895, 27.9711683 ], [ 94.3912219, 27.9709885 ], [ 94.3911757, 27.9707147 ], [ 94.3910507, 27.970445 ], [ 94.3908101, 27.970257 ], [ 94.3904908, 27.9701753 ], [ 94.3902918, 27.9701303 ], [ 94.3900188, 27.9699137 ], [ 94.3899587, 27.9697094 ], [ 94.3899772, 27.9694805 ], [ 94.3900466, 27.9691863 ], [ 94.3902085, 27.9688552 ], [ 94.3903936, 27.9687939 ], [ 94.3905232, 27.9688797 ], [ 94.3906713, 27.968986 ], [ 94.3908749, 27.9690882 ], [ 94.3912173, 27.9689737 ], [ 94.3912312, 27.9687326 ], [ 94.3912728, 27.9685569 ], [ 94.39137, 27.9682585 ], [ 94.3915551, 27.9680092 ], [ 94.3915875, 27.9677763 ], [ 94.3915366, 27.9676455 ], [ 94.3914024, 27.9676128 ], [ 94.3912219, 27.9676455 ], [ 94.3907268, 27.9676619 ], [ 94.3907129, 27.9674902 ], [ 94.3908008, 27.9672695 ], [ 94.3908147, 27.9669262 ], [ 94.3907129, 27.9668608 ], [ 94.3904214, 27.9669426 ], [ 94.3902085, 27.9669916 ], [ 94.3897828, 27.9673104 ], [ 94.3895515, 27.9674861 ], [ 94.389297, 27.96767 ], [ 94.3889499, 27.9675883 ], [ 94.3887556, 27.9675229 ], [ 94.3887186, 27.9672777 ], [ 94.3885982, 27.9670774 ], [ 94.3885705, 27.9668853 ], [ 94.3886399, 27.9666892 ], [ 94.3885982, 27.9664317 ], [ 94.3885057, 27.9662764 ], [ 94.388427, 27.9661374 ], [ 94.3884363, 27.966068 ], [ 94.3885566, 27.9658268 ], [ 94.3887047, 27.9657655 ], [ 94.3891304, 27.965553 ], [ 94.3890008, 27.9653854 ], [ 94.3888666, 27.9652914 ], [ 94.3884224, 27.9652914 ], [ 94.3881818, 27.9653446 ], [ 94.3879412, 27.965504 ], [ 94.38777, 27.9655693 ], [ 94.3875988, 27.965602 ], [ 94.3874322, 27.9658391 ], [ 94.3872332, 27.9660434 ], [ 94.387062, 27.9660557 ], [ 94.3868815, 27.9660516 ], [ 94.3865206, 27.9659453 ], [ 94.3865067, 27.9657819 ], [ 94.3864604, 27.9656552 ], [ 94.3864049, 27.9655407 ], [ 94.38628, 27.9655244 ], [ 94.386155, 27.965602 ], [ 94.3859422, 27.9657287 ], [ 94.3858959, 27.9658636 ], [ 94.3860486, 27.965978 ], [ 94.3861616, 27.9660535 ], [ 94.3862859, 27.9661863 ], [ 94.386514, 27.9664435 ], [ 94.3864975, 27.9665298 ], [ 94.3864188, 27.966681 ], [ 94.3863584, 27.9667833 ], [ 94.3863959, 27.9669302 ], [ 94.3866212, 27.9670723 ], [ 94.3868445, 27.967223 ], [ 94.3868214, 27.9673839 ], [ 94.3867196, 27.9675229 ], [ 94.3860671, 27.9676373 ], [ 94.3859607, 27.9677681 ], [ 94.3858265, 27.9680869 ], [ 94.3855257, 27.9684874 ], [ 94.3854517, 27.9687571 ], [ 94.3854518, 27.9689438 ], [ 94.3854081, 27.9690503 ], [ 94.3852667, 27.9690764 ], [ 94.3851632, 27.9690011 ], [ 94.3849539, 27.9687647 ], [ 94.3847622, 27.9686345 ], [ 94.3845666, 27.9685008 ], [ 94.3844082, 27.9684338 ], [ 94.3843272, 27.9685364 ], [ 94.3842532, 27.9686836 ], [ 94.3841643, 27.9689509 ], [ 94.3840152, 27.9690338 ], [ 94.3838734, 27.9690213 ], [ 94.3838022, 27.968894 ], [ 94.3837859, 27.9686754 ], [ 94.3836979, 27.9684792 ], [ 94.3835591, 27.9682095 ], [ 94.3833972, 27.967997 ], [ 94.3832861, 27.9677559 ], [ 94.3830871, 27.9675638 ], [ 94.3829067, 27.9673594 ], [ 94.3826198, 27.9672573 ], [ 94.3824208, 27.9672491 ], [ 94.38228, 27.9673338 ], [ 94.3821406, 27.9675508 ], [ 94.3819475, 27.9676314 ], [ 94.3818702, 27.9675556 ], [ 94.3817869, 27.9674779 ], [ 94.3817406, 27.9673104 ], [ 94.3816388, 27.9670774 ], [ 94.3815555, 27.9668976 ], [ 94.3813288, 27.9669753 ], [ 94.3812177, 27.9670284 ], [ 94.3809372, 27.967138 ], [ 94.3803148, 27.967254 ], [ 94.3798749, 27.967374 ], [ 94.3798017, 27.9672 ], [ 94.3798203, 27.9670693 ], [ 94.3799035, 27.9669058 ], [ 94.3799128, 27.9667464 ], [ 94.3797323, 27.966256 ], [ 94.3798434, 27.9660107 ], [ 94.3798064, 27.9658105 ], [ 94.3796583, 27.9657369 ], [ 94.3793945, 27.9657247 ], [ 94.3792233, 27.9657819 ], [ 94.3789226, 27.9660598 ], [ 94.3785755, 27.9663867 ], [ 94.3786218, 27.9666728 ], [ 94.3786403, 27.9669303 ], [ 94.378647, 27.9671078 ], [ 94.3784916, 27.9671555 ], [ 94.3782791, 27.9669917 ], [ 94.3780758, 27.9668526 ], [ 94.3778166, 27.9669017 ], [ 94.3775112, 27.967008 ], [ 94.3772521, 27.9671019 ], [ 94.3769374, 27.9674207 ], [ 94.3767153, 27.9675965 ], [ 94.376558, 27.9675842 ], [ 94.3761369, 27.9675924 ], [ 94.3758315, 27.9675842 ], [ 94.3755493, 27.9675842 ], [ 94.3754104, 27.96767 ], [ 94.3753225, 27.9680174 ], [ 94.3752115, 27.9680583 ], [ 94.3751143, 27.968046 ], [ 94.374721, 27.9680869 ], [ 94.374559, 27.9681768 ], [ 94.3743277, 27.968279 ], [ 94.374087, 27.9687367 ], [ 94.3739297, 27.9690269 ], [ 94.3735965, 27.9690023 ], [ 94.3728099, 27.9689574 ], [ 94.3725091, 27.9689533 ], [ 94.3722824, 27.9689778 ], [ 94.3719909, 27.9690146 ], [ 94.3717595, 27.9690146 ], [ 94.3715559, 27.9689043 ], [ 94.3714911, 27.9685487 ], [ 94.3716161, 27.9682994 ], [ 94.3718335, 27.9678499 ], [ 94.3716022, 27.9677232 ], [ 94.3712837, 27.9676361 ], [ 94.371275, 27.9675651 ], [ 94.3712849, 27.9675176 ], [ 94.3716055, 27.9673637 ], [ 94.3717987, 27.9673068 ], [ 94.3719048, 27.9669947 ], [ 94.3720642, 27.9668283 ], [ 94.372237, 27.9667365 ], [ 94.3724246, 27.9665786 ], [ 94.3725138, 27.9664726 ], [ 94.3727497, 27.9664235 ], [ 94.3729996, 27.9662968 ], [ 94.3732171, 27.9662069 ], [ 94.3732297, 27.9660291 ], [ 94.3731687, 27.9658628 ], [ 94.3729474, 27.9655565 ], [ 94.3727457, 27.9653605 ], [ 94.3722955, 27.9650429 ], [ 94.3722314, 27.9649311 ], [ 94.3722377, 27.9648372 ], [ 94.3723033, 27.9647751 ], [ 94.3724315, 27.9647198 ], [ 94.3725519, 27.9646674 ], [ 94.3725769, 27.9645666 ], [ 94.3725128, 27.9644934 ], [ 94.3723346, 27.9644023 ], [ 94.3721861, 27.9642228 ], [ 94.3720861, 27.9641289 ], [ 94.3719563, 27.9640695 ], [ 94.3718234, 27.9639563 ], [ 94.3718297, 27.9638735 ], [ 94.3719016, 27.9638362 ], [ 94.3720142, 27.9638031 ], [ 94.3721158, 27.963694 ], [ 94.3721533, 27.963538 ], [ 94.3721314, 27.9633295 ], [ 94.3721533, 27.9631445 ], [ 94.3722158, 27.9630741 ], [ 94.3722955, 27.9630934 ], [ 94.372444, 27.9631707 ], [ 94.372591, 27.9631969 ], [ 94.3727442, 27.9631528 ], [ 94.3728301, 27.9630561 ], [ 94.3728489, 27.9629318 ], [ 94.3727504, 27.9628283 ], [ 94.3725957, 27.9628103 ], [ 94.3724425, 27.9628421 ], [ 94.3722205, 27.9628587 ], [ 94.371725, 27.9628311 ], [ 94.3715983, 27.962791 ], [ 94.3714514, 27.9626971 ], [ 94.3713529, 27.9625811 ], [ 94.3712357, 27.9625301 ], [ 94.3708699, 27.9625314 ], [ 94.3706557, 27.9625687 ], [ 94.3705244, 27.9625784 ], [ 94.3704494, 27.9625328 ], [ 94.3703994, 27.9624362 ], [ 94.3703431, 27.9623437 ], [ 94.3702884, 27.962218 ], [ 94.3703197, 27.9621172 ], [ 94.3705135, 27.962022 ], [ 94.3706573, 27.9618673 ], [ 94.3707464, 27.961703 ], [ 94.3707292, 27.9615636 ], [ 94.3706917, 27.9614214 ], [ 94.370601, 27.9613385 ], [ 94.3704275, 27.9613081 ], [ 94.3699632, 27.9612902 ], [ 94.3698022, 27.9613233 ], [ 94.3694302, 27.9614338 ], [ 94.3693489, 27.9615291 ], [ 94.3693708, 27.9616602 ], [ 94.3694615, 27.9617652 ], [ 94.369474, 27.9618853 ], [ 94.3694021, 27.9619667 ], [ 94.3693364, 27.9620799 ], [ 94.3692501, 27.9623826 ], [ 94.3690932, 27.9625681 ], [ 94.3687505, 27.9627067 ], [ 94.3685715, 27.9626618 ], [ 94.3683835, 27.9625446 ], [ 94.3682659, 27.9624063 ], [ 94.3680623, 27.9621894 ], [ 94.3678772, 27.9620586 ], [ 94.3677106, 27.9621444 ], [ 94.3675255, 27.9622507 ], [ 94.3673636, 27.962312 ], [ 94.3672386, 27.9625654 ], [ 94.3671415, 27.962831 ], [ 94.3670165, 27.9629741 ], [ 94.3668083, 27.9630027 ], [ 94.3666695, 27.962827 ], [ 94.3666186, 27.9625041 ], [ 94.3665075, 27.9623692 ], [ 94.3662391, 27.9623733 ], [ 94.3660216, 27.9624387 ], [ 94.3657625, 27.9625531 ], [ 94.3655404, 27.9627043 ], [ 94.365309, 27.9627943 ], [ 94.3651517, 27.9628392 ], [ 94.3650873, 27.9628435 ], [ 94.3650319, 27.9628053 ], [ 94.3650114, 27.9627716 ], [ 94.365036, 27.9626144 ], [ 94.3650592, 27.9623978 ], [ 94.3649944, 27.9622589 ], [ 94.3648417, 27.9621403 ], [ 94.3647538, 27.9620341 ], [ 94.3647029, 27.9616785 ], [ 94.364652, 27.9612003 ], [ 94.3645455, 27.9609591 ], [ 94.3644391, 27.9607916 ], [ 94.3642725, 27.9607507 ], [ 94.3641198, 27.9607875 ], [ 94.3638707, 27.9610148 ], [ 94.363745, 27.9612248 ], [ 94.3638514, 27.9615681 ], [ 94.363866, 27.9616946 ], [ 94.36374, 27.9617704 ], [ 94.3635507, 27.9617602 ], [ 94.3633201, 27.9617919 ], [ 94.363037, 27.9618256 ], [ 94.3629167, 27.9620668 ], [ 94.3626866, 27.9624771 ], [ 94.362533, 27.9627228 ], [ 94.3623613, 27.9627417 ], [ 94.3622082, 27.9626367 ], [ 94.3621069, 27.962455 ], [ 94.3620653, 27.9622466 ], [ 94.3620838, 27.9620341 ], [ 94.362056, 27.9618052 ], [ 94.3619913, 27.9615804 ], [ 94.3619913, 27.9613801 ], [ 94.361879, 27.9610197 ], [ 94.3617645, 27.9608529 ], [ 94.3616693, 27.9607351 ], [ 94.3614638, 27.960575 ], [ 94.3613072, 27.9606333 ], [ 94.361187, 27.9607339 ], [ 94.3611306, 27.9609183 ], [ 94.3611028, 27.9610858 ], [ 94.3611516, 27.9612374 ], [ 94.3612787, 27.9613924 ], [ 94.3612831, 27.9614861 ], [ 94.3612201, 27.961563 ], [ 94.36107, 27.9616779 ], [ 94.3609397, 27.961787 ], [ 94.3607987, 27.9620439 ], [ 94.3607003, 27.9620366 ], [ 94.3606096, 27.9619718 ], [ 94.3605614, 27.9618706 ], [ 94.3603347, 27.9614455 ], [ 94.3601912, 27.9613025 ], [ 94.3598396, 27.9610491 ], [ 94.3595943, 27.9610532 ], [ 94.3592982, 27.9612575 ], [ 94.3590092, 27.961318 ], [ 94.3588439, 27.9613239 ], [ 94.358691, 27.9613597 ], [ 94.3585439, 27.96147 ], [ 94.3583378, 27.9616381 ], [ 94.3581692, 27.9617285 ], [ 94.3581021, 27.9618074 ], [ 94.358071, 27.9619344 ], [ 94.3580442, 27.9621812 ], [ 94.3580463, 27.9624171 ], [ 94.3579405, 27.9625401 ], [ 94.3578005, 27.9625119 ], [ 94.3576947, 27.962425 ], [ 94.3576263, 27.9622257 ], [ 94.3575464, 27.9620316 ], [ 94.3574488, 27.9616433 ], [ 94.3574739, 27.9614432 ], [ 94.3576231, 27.9612616 ], [ 94.3577342, 27.9610123 ], [ 94.3577619, 27.9607957 ], [ 94.3577203, 27.9605259 ], [ 94.3576218, 27.9604881 ], [ 94.357528, 27.9605497 ], [ 94.3574228, 27.9606135 ], [ 94.3573746, 27.9606617 ], [ 94.3572922, 27.9606673 ], [ 94.357064, 27.9606617 ], [ 94.3569461, 27.960674 ], [ 94.3567838, 27.9607266 ], [ 94.3566913, 27.9607837 ], [ 94.3565975, 27.9609159 ], [ 94.3564289, 27.9611208 ], [ 94.356368, 27.9611869 ], [ 94.3562932, 27.9612406 ], [ 94.3562045, 27.9612585 ], [ 94.3561246, 27.9612328 ], [ 94.3560359, 27.9611757 ], [ 94.3559547, 27.961151 ], [ 94.3557785, 27.9611611 ], [ 94.3556847, 27.9611745 ], [ 94.355513, 27.9612207 ], [ 94.3553716, 27.9613011 ], [ 94.3552575, 27.9613358 ], [ 94.3550432, 27.9613492 ], [ 94.3549469, 27.9613291 ], [ 94.3548556, 27.9613033 ], [ 94.3547161, 27.9612955 ], [ 94.3546642, 27.9613212 ], [ 94.3546211, 27.9613638 ], [ 94.3546388, 27.961506 ], [ 94.3546439, 27.9616919 ], [ 94.3545881, 27.9620099 ], [ 94.3545488, 27.9621039 ], [ 94.3544677, 27.9621532 ], [ 94.3544055, 27.9621577 ], [ 94.3543358, 27.9621308 ], [ 94.3542167, 27.9619931 ], [ 94.3541178, 27.9618889 ], [ 94.3540518, 27.9618106 ], [ 94.3539707, 27.961777 ], [ 94.3538122, 27.9617165 ], [ 94.3536728, 27.9616728 ], [ 94.3535485, 27.9615855 ], [ 94.3534306, 27.9614903 ], [ 94.3532963, 27.9614175 ], [ 94.3531543, 27.9613996 ], [ 94.3529819, 27.9613963 ], [ 94.3528576, 27.9613963 ], [ 94.3527321, 27.9614198 ], [ 94.3526725, 27.9614612 ], [ 94.3525192, 27.961703 ], [ 94.3524723, 27.961829 ], [ 94.3524293, 27.9620166 ], [ 94.3523845, 27.9621037 ], [ 94.3523271, 27.962194 ], [ 94.3520546, 27.9624394 ], [ 94.3518789, 27.9626105 ], [ 94.351791, 27.962677 ], [ 94.3517014, 27.9627957 ], [ 94.351638, 27.9629865 ], [ 94.3515518, 27.9630649 ], [ 94.3514808, 27.9630828 ], [ 94.3513464, 27.963084 ], [ 94.351283, 27.9630515 ], [ 94.3512361, 27.9630078 ], [ 94.3512146, 27.9629306 ], [ 94.351242, 27.9627861 ], [ 94.3513122, 27.962701 ], [ 94.3513566, 27.9626114 ], [ 94.351368, 27.9625465 ], [ 94.3513413, 27.9622218 ], [ 94.3513185, 27.96214 ], [ 94.3512298, 27.961962 ], [ 94.3510864, 27.9617245 ], [ 94.3510432, 27.9616574 ], [ 94.3510369, 27.96157 ], [ 94.3510483, 27.9614244 ], [ 94.3510509, 27.9613237 ], [ 94.3510293, 27.9612296 ], [ 94.3509786, 27.9611703 ], [ 94.3508975, 27.9610919 ], [ 94.35081, 27.9610247 ], [ 94.3506756, 27.9609911 ], [ 94.3505818, 27.9609743 ], [ 94.3505171, 27.9609407 ], [ 94.3504462, 27.9608529 ], [ 94.3503629, 27.9606117 ], [ 94.3502725, 27.9605062 ], [ 94.350166, 27.9604301 ], [ 94.3500204, 27.9603747 ], [ 94.3497197, 27.9603052 ], [ 94.349405, 27.9602398 ], [ 94.3492164, 27.9602433 ], [ 94.3490947, 27.9602612 ], [ 94.3489654, 27.9602892 ], [ 94.3488804, 27.9602914 ], [ 94.3488094, 27.96025 ], [ 94.3486877, 27.9601571 ], [ 94.3484874, 27.960082 ], [ 94.3482985, 27.9600899 ], [ 94.3481654, 27.9601291 ], [ 94.3480323, 27.9601358 ], [ 94.3479867, 27.9601011 ], [ 94.347955, 27.9600485 ], [ 94.3479727, 27.9599387 ], [ 94.3480412, 27.9598043 ], [ 94.3482112, 27.9596472 ], [ 94.3485635, 27.9594729 ], [ 94.3486434, 27.9593833 ], [ 94.348651, 27.9591918 ], [ 94.3485736, 27.9590496 ], [ 94.3484963, 27.9589399 ], [ 94.3483936, 27.9588055 ], [ 94.3483239, 27.9587562 ], [ 94.3482529, 27.9587473 ], [ 94.3481008, 27.9588324 ], [ 94.347832, 27.9589679 ], [ 94.3477445, 27.9590463 ], [ 94.3476469, 27.9591873 ], [ 94.3475594, 27.9592568 ], [ 94.3474504, 27.9593105 ], [ 94.3474301, 27.9593609 ], [ 94.3474098, 27.9594371 ], [ 94.3474707, 27.9595636 ], [ 94.347491, 27.9596577 ], [ 94.3474542, 27.959764 ], [ 94.3473731, 27.959895 ], [ 94.3472856, 27.9599544 ], [ 94.3471918, 27.9600216 ], [ 94.3471525, 27.9600843 ], [ 94.3471385, 27.9602052 ], [ 94.3471626, 27.9604337 ], [ 94.3471385, 27.9604919 ], [ 94.3470891, 27.9605356 ], [ 94.3470257, 27.9605445 ], [ 94.3469674, 27.9605255 ], [ 94.3468799, 27.9604538 ], [ 94.3467848, 27.9603564 ], [ 94.3466175, 27.9602063 ], [ 94.3465097, 27.9600843 ], [ 94.3464337, 27.960044 ], [ 94.3463386, 27.9600451 ], [ 94.3462574, 27.9600574 ], [ 94.3461852, 27.9600742 ], [ 94.3461117, 27.9600977 ], [ 94.3460343, 27.9601537 ], [ 94.3459912, 27.9602243 ], [ 94.345938, 27.9606251 ], [ 94.3458721, 27.960811 ], [ 94.345834, 27.9610708 ], [ 94.3458087, 27.961204 ], [ 94.3457681, 27.9612813 ], [ 94.3457212, 27.9613496 ], [ 94.3456489, 27.9614224 ], [ 94.3454537, 27.9615445 ], [ 94.3453802, 27.9616374 ], [ 94.3453104, 27.9618065 ], [ 94.3452356, 27.961961 ], [ 94.3452052, 27.9622499 ], [ 94.3452052, 27.9623988 ], [ 94.3451647, 27.9624761 ], [ 94.3451101, 27.9625366 ], [ 94.3450341, 27.9625869 ], [ 94.3449377, 27.9625825 ], [ 94.3448528, 27.9625511 ], [ 94.344797, 27.9624794 ], [ 94.3447222, 27.9623753 ], [ 94.3446664, 27.9621536 ], [ 94.3446221, 27.9620282 ], [ 94.3444813, 27.9617874 ], [ 94.3443685, 27.9615848 ], [ 94.344276, 27.9614806 ], [ 94.3441631, 27.9614067 ], [ 94.3440896, 27.9613205 ], [ 94.3440554, 27.9612287 ], [ 94.3440466, 27.9609959 ], [ 94.3439864, 27.9607875 ], [ 94.3439379, 27.9605121 ], [ 94.3439504, 27.9603981 ], [ 94.3438536, 27.9602936 ], [ 94.3437335, 27.9602049 ], [ 94.343599, 27.9601225 ], [ 94.3434843, 27.9600734 ], [ 94.3433767, 27.9600592 ], [ 94.3432763, 27.9600972 ], [ 94.343192, 27.9602033 ], [ 94.3431293, 27.9602888 ], [ 94.3430038, 27.9604567 ], [ 94.3429177, 27.9605311 ], [ 94.3427976, 27.9606055 ], [ 94.3426398, 27.9606847 ], [ 94.3424301, 27.9608035 ], [ 94.3423386, 27.9608209 ], [ 94.3422759, 27.9608098 ], [ 94.3422203, 27.9607322 ], [ 94.3422006, 27.9606499 ], [ 94.3422131, 27.9604899 ], [ 94.3422003, 27.9603869 ], [ 94.3422024, 27.9602223 ], [ 94.3421378, 27.960075 ], [ 94.3420589, 27.9599278 ], [ 94.3419424, 27.9597773 ], [ 94.3418868, 27.959649 ], [ 94.3418492, 27.9595034 ], [ 94.3417936, 27.9594463 ], [ 94.3416735, 27.9594273 ], [ 94.3414888, 27.95944 ], [ 94.341254, 27.9595224 ], [ 94.3406982, 27.959668 ], [ 94.3404938, 27.959714 ], [ 94.3403862, 27.9597108 ], [ 94.3402517, 27.959649 ], [ 94.3401101, 27.9595778 ], [ 94.33999, 27.9595762 ], [ 94.339895, 27.959611 ], [ 94.33973, 27.9597995 ], [ 94.3396404, 27.9598866 ], [ 94.3395118, 27.9599496 ], [ 94.3393428, 27.9599626 ], [ 94.3392352, 27.9599183 ], [ 94.3390722, 27.9599087 ], [ 94.3389519, 27.9599119 ], [ 94.3388474, 27.9599427 ], [ 94.3387488, 27.9599936 ], [ 94.3386491, 27.9600739 ], [ 94.3385838, 27.9601698 ], [ 94.3384597, 27.9604027 ], [ 94.3383688, 27.9605543 ], [ 94.3382714, 27.9606179 ], [ 94.3381728, 27.9606297 ], [ 94.3381085, 27.9605944 ], [ 94.3380753, 27.9605083 ], [ 94.3380875, 27.9604232 ], [ 94.338216, 27.9602706 ], [ 94.3383943, 27.9600876 ], [ 94.3384253, 27.959978 ], [ 94.3384874, 27.9598606 ], [ 94.3386339, 27.9597415 ], [ 94.3388409, 27.9596594 ], [ 94.3390067, 27.9595786 ], [ 94.339201, 27.9595735 ], [ 94.3394741, 27.9594986 ], [ 94.3399651, 27.9593591 ], [ 94.3401534, 27.9593069 ], [ 94.3401838, 27.9592261 ], [ 94.3401838, 27.9591643 ], [ 94.3401569, 27.9591057 ], [ 94.3400717, 27.9590423 ], [ 94.3399422, 27.9590627 ], [ 94.3395761, 27.959291 ], [ 94.3394524, 27.9593369 ], [ 94.3393627, 27.9593559 ], [ 94.3392677, 27.9593116 ], [ 94.3389751, 27.9591199 ], [ 94.3388039, 27.9590014 ], [ 94.3385956, 27.95903 ], [ 94.3379247, 27.9594469 ], [ 94.3376563, 27.9596513 ], [ 94.3376054, 27.9597371 ], [ 94.337536, 27.9601008 ], [ 94.3373555, 27.960248 ], [ 94.3371242, 27.960248 ], [ 94.3370547, 27.9602071 ], [ 94.3368604, 27.9599987 ], [ 94.3367447, 27.9598924 ], [ 94.3364717, 27.9594387 ], [ 94.3363468, 27.9592589 ], [ 94.3361524, 27.9592139 ], [ 94.3357637, 27.9591771 ], [ 94.335463, 27.959357 ], [ 94.3353334, 27.9595532 ], [ 94.3351807, 27.9597003 ], [ 94.335028, 27.9600559 ], [ 94.334866, 27.9599905 ], [ 94.3348244, 27.9597902 ], [ 94.3347966, 27.9595613 ], [ 94.3346948, 27.959357 ], [ 94.3344357, 27.9587235 ], [ 94.3342043, 27.9584741 ], [ 94.3340331, 27.9583556 ], [ 94.3338156, 27.9583597 ], [ 94.3336814, 27.9584455 ], [ 94.3335611, 27.9585763 ], [ 94.3334963, 27.9587357 ], [ 94.3334131, 27.9591158 ], [ 94.3330336, 27.9592344 ], [ 94.33283, 27.9592221 ], [ 94.332642, 27.9592585 ], [ 94.332591, 27.9592431 ], [ 94.3325561, 27.9592218 ], [ 94.3325226, 27.9591448 ], [ 94.3325219, 27.9591175 ], [ 94.332528, 27.9590938 ], [ 94.3325669, 27.9589849 ], [ 94.3325548, 27.958928 ], [ 94.3325159, 27.9588629 ], [ 94.3324421, 27.9588131 ], [ 94.3324032, 27.9587764 ], [ 94.332241, 27.9586781 ], [ 94.332194, 27.9585797 ], [ 94.3320943, 27.9581185 ], [ 94.3320505, 27.9579022 ], [ 94.3320318, 27.9578678 ], [ 94.3319714, 27.9578417 ], [ 94.3319218, 27.9578536 ], [ 94.3318561, 27.9579093 ], [ 94.3317997, 27.9579957 ], [ 94.3317515, 27.9580716 ], [ 94.3316589, 27.9582836 ], [ 94.3316174, 27.9584139 ], [ 94.3315704, 27.9584909 ], [ 94.3314645, 27.9585774 ], [ 94.3313354, 27.9586254 ], [ 94.3310439, 27.9586417 ], [ 94.3309066, 27.9586319 ], [ 94.3307725, 27.9586141 ], [ 94.3307269, 27.9585703 ], [ 94.3307121, 27.9585312 ], [ 94.3307385, 27.9584782 ], [ 94.3307725, 27.95844 ], [ 94.3308218, 27.9584128 ], [ 94.3310823, 27.9584447 ], [ 94.3312105, 27.9584496 ], [ 94.3312781, 27.9584364 ], [ 94.3313585, 27.9584032 ], [ 94.3314859, 27.9582741 ], [ 94.3315288, 27.9582232 ], [ 94.3315981, 27.9580872 ], [ 94.3317407, 27.9577268 ], [ 94.3317649, 27.9575847 ], [ 94.3317649, 27.957452 ], [ 94.3317823, 27.9573004 ], [ 94.3318011, 27.9571559 ], [ 94.3317729, 27.9569616 ], [ 94.3318158, 27.9568775 ], [ 94.3319285, 27.9568325 ], [ 94.332068, 27.9568052 ], [ 94.3321592, 27.9568147 ], [ 94.3322436, 27.9568881 ], [ 94.3322986, 27.9571381 ], [ 94.3325803, 27.9574508 ], [ 94.3328069, 27.957625 ], [ 94.3329196, 27.9577162 ], [ 94.3331838, 27.9578157 ], [ 94.3333313, 27.957837 ], [ 94.3334922, 27.9577754 ], [ 94.3336759, 27.9576747 ], [ 94.3338221, 27.9575977 ], [ 94.3339448, 27.9575006 ], [ 94.333967, 27.9574733 ], [ 94.333979, 27.957436 ], [ 94.3339844, 27.9573833 ], [ 94.3339482, 27.957333 ], [ 94.3339093, 27.957314 ], [ 94.3337092, 27.9572684 ], [ 94.3334177, 27.9571989 ], [ 94.3331724, 27.9570886 ], [ 94.3328346, 27.9566839 ], [ 94.3328902, 27.9562507 ], [ 94.3327375, 27.9560218 ], [ 94.3326403, 27.955985 ], [ 94.3324321, 27.9559564 ], [ 94.3322747, 27.9559605 ], [ 94.332085, 27.9560054 ], [ 94.331886, 27.9561239 ], [ 94.3316963, 27.9562016 ], [ 94.3314279, 27.9561526 ], [ 94.3312567, 27.9559932 ], [ 94.3310902, 27.9558705 ], [ 94.3308033, 27.9557765 ], [ 94.3306783, 27.9557888 ], [ 94.3304979, 27.9558583 ], [ 94.3303961, 27.9560299 ], [ 94.3303961, 27.9562425 ], [ 94.3304734, 27.9566524 ], [ 94.330484, 27.9567657 ], [ 94.3304734, 27.9568538 ], [ 94.3304211, 27.9569213 ], [ 94.3303286, 27.9569865 ], [ 94.3302454, 27.9569995 ], [ 94.3301368, 27.9569415 ], [ 94.3300979, 27.9568988 ], [ 94.3300416, 27.9568254 ], [ 94.3299758, 27.9567768 ], [ 94.3298699, 27.9567389 ], [ 94.329666, 27.9565932 ], [ 94.3295909, 27.9564818 ], [ 94.3295132, 27.9564262 ], [ 94.3294756, 27.956419 ], [ 94.3294126, 27.9564202 ], [ 94.3291859, 27.9564842 ], [ 94.3290451, 27.9564818 ], [ 94.328852, 27.9565648 ], [ 94.3287233, 27.9566418 ], [ 94.3286575, 27.9566654 ], [ 94.3285868, 27.9566553 ], [ 94.3284993, 27.9566062 ], [ 94.3283947, 27.9565292 ], [ 94.3282675, 27.9564101 ], [ 94.328087, 27.956034 ], [ 94.3279204, 27.9558951 ], [ 94.3277677, 27.9558787 ], [ 94.3275549, 27.9559073 ], [ 94.3267914, 27.9556662 ], [ 94.3264814, 27.9554659 ], [ 94.3264351, 27.9552656 ], [ 94.3263333, 27.9551512 ], [ 94.3261621, 27.955143 ], [ 94.3259862, 27.9551716 ], [ 94.325778, 27.9550858 ], [ 94.3256114, 27.9550081 ], [ 94.3253847, 27.954955 ], [ 94.3251441, 27.9549468 ], [ 94.3249636, 27.9549468 ], [ 94.32476, 27.955004 ], [ 94.32476, 27.9551634 ], [ 94.3247693, 27.9552779 ], [ 94.3249132, 27.9554634 ], [ 94.3249081, 27.9556335 ], [ 94.3248525, 27.9557111 ], [ 94.3246443, 27.9556907 ], [ 94.3244407, 27.9556743 ], [ 94.3243713, 27.9557929 ], [ 94.3242232, 27.9559686 ], [ 94.3241631, 27.9563896 ], [ 94.3240428, 27.9565531 ], [ 94.3238623, 27.9565 ], [ 94.323779, 27.9564141 ], [ 94.3238901, 27.9562956 ], [ 94.3240798, 27.9559237 ], [ 94.3240613, 27.9557234 ], [ 94.3239919, 27.9556335 ], [ 94.3236171, 27.9552574 ], [ 94.3235106, 27.9550367 ], [ 94.3234227, 27.9547792 ], [ 94.3234366, 27.9544931 ], [ 94.3235291, 27.9542765 ], [ 94.3235692, 27.954216 ], [ 94.3235594, 27.9541523 ], [ 94.3235111, 27.9541112 ], [ 94.3234505, 27.9541048 ], [ 94.3232746, 27.9542151 ], [ 94.3232099, 27.9542724 ], [ 94.3231497, 27.9544645 ], [ 94.3231173, 27.954628 ], [ 94.3230942, 27.9547956 ], [ 94.3229554, 27.9551307 ], [ 94.3228721, 27.9551634 ], [ 94.3224649, 27.9552002 ], [ 94.322326, 27.9552411 ], [ 94.3223075, 27.9555108 ], [ 94.3221919, 27.9556212 ], [ 94.3219697, 27.9556621 ], [ 94.3216828, 27.9556784 ], [ 94.3215857, 27.9556049 ], [ 94.3214885, 27.9553269 ], [ 94.3212386, 27.955331 ], [ 94.3210397, 27.9553106 ], [ 94.3207666, 27.9554945 ], [ 94.3206139, 27.9555844 ], [ 94.3204335, 27.9555027 ], [ 94.3203224, 27.9553065 ], [ 94.3201049, 27.9551552 ], [ 94.3198782, 27.9550367 ], [ 94.3196885, 27.955004 ], [ 94.3194108, 27.9550367 ], [ 94.3185178, 27.9552983 ], [ 94.3181661, 27.955564 ], [ 94.3180041, 27.9558419 ], [ 94.3179671, 27.9565122 ], [ 94.3180689, 27.956733 ], [ 94.3181198, 27.9569782 ], [ 94.3179579, 27.9570313 ], [ 94.3175692, 27.9572643 ], [ 94.3174951, 27.9573747 ], [ 94.3176247, 27.9576976 ], [ 94.3173841, 27.9578774 ], [ 94.3170463, 27.9580818 ], [ 94.3167039, 27.9583188 ], [ 94.3164309, 27.9584333 ], [ 94.3162041, 27.9584496 ], [ 94.3160237, 27.9583965 ], [ 94.3157368, 27.9583229 ], [ 94.3154915, 27.958233 ], [ 94.3152139, 27.9580981 ], [ 94.3148391, 27.9576976 ], [ 94.3144781, 27.9573052 ], [ 94.3140015, 27.9569291 ], [ 94.3137331, 27.9568351 ], [ 94.3134648, 27.9567779 ] ] } }
]
}
