{
"type": "FeatureCollection",
"name": "assam_osm",
"crs": { "type": "name", "properties": { "name": "urn:ogc:def:crs:OGC:1.3:CRS84" } },
"features": [
{ "type": "Feature", "properties": { "asset_name": "Haji Abdul Majid Memorial Hospital and Research Centre", "asset_type": "hospital", "osm_id": 6913038569 }, "geometry": { "type": "Point", "coordinates": [ 92.8684401, 26.0158947 ] } },
{ "type": "Feature", "properties": { "asset_name": "Kheroni Model Hospital", "asset_type": "hospital", "osm_id": 7150731769 }, "geometry": { "type": "Point", "coordinates": [ 92.8781343, 25.849921 ] } },
{ "type": "Feature", "properties": { "asset_name": "Kampur Hospital", "asset_type": "hospital", "osm_id": 7150731870 }, "geometry": { "type": "Point", "coordinates": [ 92.6537353, 26.1671521 ] } },
{ "type": "Feature", "properties": { "asset_name": "State Dispensary, Kapash Bari", "asset_type": "clinic", "osm_id": 7150731906 }, "geometry": { "type": "Point", "coordinates": [ 92.930448, 26.029995 ] } },
{ "type": "Feature", "properties": { "asset_name": "State Dispensary, Bagalajan", "asset_type": "clinic", "osm_id": 7153255086 }, "geometry": { "type": "Point", "coordinates": [ 92.5918737, 26.1938618 ] } },
{ "type": "Feature", "properties": { "asset_name": "Hojai Civil Hospital", "asset_type": "hospital", "osm_id": 7537159748 }, "geometry": { "type": "Point", "coordinates": [ 92.8481676, 26.0017261 ] } },
{ "type": "Feature", "properties": { "asset_name": "Obal Pain & Palliative Clinic and Global Diagnostics", "asset_type": "clinic", "osm_id": 7537159779 }, "geometry": { "type": "Point", "coordinates": [ 92.8491137, 26.0012091 ] } },
{ "type": "Feature", "properties": { "asset_name": "Eye Hospital", "asset_type": "hospital", "osm_id": 7537159783 }, "geometry": { "type": "Point", "coordinates": [ 92.845938, 26.0057065 ] } },
{ "type": "Feature", "properties": { "asset_name": "Dr. S. Bagchi's Memorial Clinic", "asset_type": "clinic", "osm_id": 7537159797 }, "geometry": { "type": "Point", "coordinates": [ 92.8508784, 26.0007017 ] } },
{ "type": "Feature", "properties": { "asset_name": "Medimax Health Clinic", "asset_type": "clinic", "osm_id": 7537159834 }, "geometry": { "type": "Point", "coordinates": [ 92.8578361, 26.0064026 ] } },
{ "type": "Feature", "properties": { "asset_name": "Apollo Information Centre", "asset_type": "clinic", "osm_id": 7537159835 }, "geometry": { "type": "Point", "coordinates": [ 92.8641138, 26.0071138 ] } },
{ "type": "Feature", "properties": { "asset_name": "OSM Way 136295996", "asset_type": "road", "osm_id": 136295996 }, "geometry": { "type": "LineString", "coordinates": [ [ 92.7601245, 26.0046576 ], [ 92.7606588, 26.0042066 ], [ 92.7632445, 26.000957 ], [ 92.7636082, 26.0006932 ], [ 92.7661949, 26.0005809 ], [ 92.769906, 26.0011754 ], [ 92.7734369, 26.002037 ], [ 92.7751986, 26.0017929 ], [ 92.7777689, 26.0015041 ], [ 92.7800638, 26.0014629 ], [ 92.7824964, 26.0017929 ], [ 92.7835637, 26.0019904 ], [ 92.7840569, 26.0020817 ], [ 92.785801, 26.0023704 ], [ 92.7874075, 26.0023292 ], [ 92.7877398, 26.0022777 ], [ 92.7887385, 26.0021229 ], [ 92.7918137, 26.0014216 ], [ 92.7924103, 26.0014629 ], [ 92.7936496, 26.0020404 ], [ 92.7942004, 26.0022467 ], [ 92.7971837, 26.0014629 ], [ 92.7975968, 26.0010916 ], [ 92.7981935, 25.9999365 ], [ 92.7988361, 25.9995653 ], [ 92.7999835, 25.9992352 ], [ 92.8019571, 25.9990702 ], [ 92.8053536, 25.9983277 ], [ 92.8088259, 25.9980439 ], [ 92.8093926, 25.9979976 ], [ 92.8109264, 25.997959 ], [ 92.8156866, 25.9980531 ], [ 92.8158693, 25.9980554 ], [ 92.8173335, 25.9980734 ], [ 92.8178837, 25.9980802 ], [ 92.8194599, 25.9982105 ], [ 92.8218768, 25.9984102 ], [ 92.8225653, 25.9984927 ], [ 92.8238254, 25.9987192 ], [ 92.8241462, 25.9987769 ], [ 92.824955, 25.9989223 ], [ 92.8254986, 25.99902 ], [ 92.8262419, 25.9991536 ], [ 92.827273, 25.999339 ], [ 92.8276141, 25.9994003 ], [ 92.8283005, 25.9994528 ], [ 92.8289261, 25.9995114 ], [ 92.8291746, 25.9995347 ], [ 92.8294324, 25.9995589 ], [ 92.8296047, 25.9995764 ], [ 92.8299099, 25.9996073 ], [ 92.830148, 25.9996315 ], [ 92.830495, 25.9996667 ], [ 92.8307567, 25.9996932 ], [ 92.830811, 25.9996987 ], [ 92.8310416, 25.9997174 ], [ 92.8313345, 25.9997412 ], [ 92.8315389, 25.9997578 ], [ 92.8317015, 25.999771 ], [ 92.8318235, 25.9997829 ], [ 92.8323645, 25.9998357 ], [ 92.8326051, 25.9998592 ], [ 92.832887, 25.9998867 ], [ 92.8329595, 25.9998951 ], [ 92.833611, 25.9999704 ], [ 92.8337935, 25.9999915 ], [ 92.8343407, 26.0000547 ], [ 92.8345233, 26.0000758 ], [ 92.8349738, 26.0001278 ], [ 92.8356744, 26.0002172 ], [ 92.8360282, 26.0002623 ], [ 92.8361082, 26.0002725 ], [ 92.8365123, 26.0003241 ], [ 92.8369104, 26.0003748 ], [ 92.8374307, 26.0004412 ], [ 92.8375162, 26.000453 ], [ 92.8378491, 26.0004991 ], [ 92.8379106, 26.0005066 ], [ 92.8379755, 26.0005145 ], [ 92.8386348, 26.0005952 ], [ 92.8390009, 26.0006401 ], [ 92.8392646, 26.0006723 ], [ 92.8393458, 26.0006823 ], [ 92.8398318, 26.0007454 ], [ 92.8406462, 26.0008512 ], [ 92.8410555, 26.0009043 ], [ 92.8411348, 26.0009146 ], [ 92.8412019, 26.0009234 ], [ 92.8414629, 26.0009897 ] ] } },
{ "type": "Feature", "properties": { "asset_name": "Doboka Howraghat RD", "asset_type": "road", "osm_id": 136295997 }, "geometry": { "type": "LineString", "coordinates": [ [ 92.8750072, 26.10513 ], [ 92.8751627, 26.1050902 ], [ 92.8768086, 26.1048443 ], [ 92.877506, 26.104536 ], [ 92.8780317, 26.104271 ], [ 92.879582, 26.1042806 ], [ 92.8809929, 26.1042084 ], [ 92.8817064, 26.1039193 ], [ 92.8867972, 26.1033702 ], [ 92.8869474, 26.1033702 ], [ 92.8876126, 26.1037074 ], [ 92.8881651, 26.1038856 ], [ 92.8887445, 26.1038856 ], [ 92.8919148, 26.1038471 ], [ 92.8935993, 26.1040012 ], [ 92.895627, 26.1042325 ], [ 92.9017425, 26.1042517 ], [ 92.9046392, 26.10456 ], [ 92.9101968, 26.1043095 ], [ 92.9166341, 26.1037893 ], [ 92.9221058, 26.1034954 ], [ 92.923345, 26.1035629 ], [ 92.9246705, 26.1038419 ], [ 92.9249007, 26.1038904 ], [ 92.9282963, 26.1039001 ], [ 92.9318959, 26.1037218 ], [ 92.9320621, 26.1041843 ], [ 92.9322553, 26.1044541 ], [ 92.9324806, 26.104536 ], [ 92.9338592, 26.1045263 ], [ 92.9437727, 26.1053693 ], [ 92.9439658, 26.1053404 ], [ 92.9440516, 26.1052344 ], [ 92.944116, 26.103216 ], [ 92.9449314, 26.1031486 ], [ 92.9470691, 26.1027584 ], [ 92.9493222, 26.1019202 ], [ 92.9523584, 26.1017612 ], [ 92.9546973, 26.1014481 ], [ 92.9562101, 26.1017708 ], [ 92.958038, 26.1016635 ], [ 92.9634306, 26.1013469 ], [ 92.9697606, 26.1007688 ], [ 92.9736849, 26.100065 ], [ 92.9742868, 26.0999571 ], [ 92.9744656, 26.099925 ], [ 92.9753143, 26.0997671 ], [ 92.9759983, 26.0996378 ], [ 92.9762447, 26.0996111 ], [ 92.976362, 26.0996132 ], [ 92.976433, 26.0996313 ], [ 92.9764584, 26.0996644 ], [ 92.9764748, 26.0997116 ], [ 92.9764853, 26.0997627 ], [ 92.976515, 26.0999864 ], [ 92.9765314, 26.1002034 ], [ 92.9765402, 26.1003529 ], [ 92.9765448, 26.1004311 ], [ 92.9765784, 26.1008925 ], [ 92.9765907, 26.100962 ], [ 92.9766027, 26.1009867 ], [ 92.9766269, 26.1010154 ], [ 92.9766723, 26.1010633 ], [ 92.976728, 26.101108 ], [ 92.9767927, 26.101158 ], [ 92.976916, 26.1012635 ] ] } },
{ "type": "Feature", "properties": { "asset_name": "OSM Way 197997754", "asset_type": "road", "osm_id": 197997754 }, "geometry": { "type": "LineString", "coordinates": [ [ 92.8850482, 25.8486843 ], [ 92.8844009, 25.8485811 ], [ 92.8833655, 25.8484732 ] ] } },
{ "type": "Feature", "properties": { "asset_name": "OSM Way 229795708", "asset_type": "road", "osm_id": 229795708 }, "geometry": { "type": "LineString", "coordinates": [ [ 92.5289573, 26.2091546 ], [ 92.5293016, 26.2093343 ], [ 92.5294545, 26.2094053 ], [ 92.5295457, 26.2094426 ], [ 92.5296423, 26.2094726 ], [ 92.529765, 26.2095075 ], [ 92.5298582, 26.2095238 ], [ 92.5299776, 26.2095394 ], [ 92.5301304, 26.2095484 ], [ 92.530227, 26.2095448 ], [ 92.5303276, 26.2095328 ], [ 92.5304295, 26.2095063 ], [ 92.5305462, 26.2094642 ], [ 92.5306508, 26.2094161 ], [ 92.530738, 26.2093644 ], [ 92.5308439, 26.2092982 ], [ 92.5309418, 26.2092224 ], [ 92.5310625, 26.2091213 ], [ 92.5312234, 26.2089697 ], [ 92.5313683, 26.2088265 ], [ 92.532519, 26.2077388 ], [ 92.532763, 26.2075114 ], [ 92.5331486, 26.2071516 ], [ 92.5333343, 26.2069711 ], [ 92.5335178, 26.2067979 ], [ 92.5335523, 26.2067654 ], [ 92.5337595, 26.2065536 ], [ 92.5339419, 26.2063599 ], [ 92.5341672, 26.2061264 ], [ 92.5342718, 26.2060061 ], [ 92.5343657, 26.2058846 ], [ 92.5345038, 26.2056848 ], [ 92.5346084, 26.2055248 ], [ 92.5347479, 26.2053154 ], [ 92.5349598, 26.2049942 ], [ 92.5351301, 26.2047415 ], [ 92.5352629, 26.204549 ], [ 92.535342, 26.2044503 ], [ 92.5354063, 26.2043877 ], [ 92.5354855, 26.204342 ], [ 92.5355659, 26.2043155 ], [ 92.5356799, 26.2042987 ], [ 92.5356999, 26.204299 ], [ 92.5358275, 26.2043011 ], [ 92.5359549, 26.2043107 ], [ 92.5361533, 26.20433 ], [ 92.5364001, 26.2043528 ], [ 92.5368749, 26.2044106 ], [ 92.537422, 26.2044756 ], [ 92.537764, 26.2045093 ], [ 92.5381543, 26.2045502 ], [ 92.5385365, 26.2045983 ], [ 92.5388972, 26.2046488 ], [ 92.5393116, 26.2047006 ], [ 92.5396952, 26.2047451 ], [ 92.5399487, 26.2047728 ], [ 92.5401659, 26.2047932 ], [ 92.5404315, 26.2048137 ], [ 92.5410631, 26.2048402 ], [ 92.5412831, 26.2048426 ], [ 92.5413991, 26.2048341 ], [ 92.5414775, 26.2048179 ], [ 92.5415439, 26.2047956 ], [ 92.5415895, 26.204774 ], [ 92.5416438, 26.2047379 ], [ 92.5417082, 26.2046753 ], [ 92.5417605, 26.2045983 ], [ 92.5418329, 26.204478 ], [ 92.5418839, 26.2043637 ], [ 92.5419083, 26.2042902 ], [ 92.5419372, 26.2042034 ], [ 92.5419762, 26.2040681 ], [ 92.5420274, 26.2039353 ], [ 92.5420931, 26.2037837 ], [ 92.5421682, 26.2036405 ], [ 92.5422741, 26.2034624 ], [ 92.5424042, 26.2032542 ], [ 92.5424753, 26.2031315 ], [ 92.5425598, 26.2029775 ], [ 92.5426027, 26.2028812 ], [ 92.5426483, 26.2027549 ], [ 92.5427033, 26.2025792 ], [ 92.5427717, 26.2023554 ], [ 92.542832, 26.2021316 ], [ 92.542875, 26.2019751 ], [ 92.5429071, 26.2018079 ], [ 92.5429299, 26.2016611 ], [ 92.5429501, 26.2015022 ], [ 92.5429729, 26.2013013 ], [ 92.542993, 26.2010486 ], [ 92.5430493, 26.2005889 ], [ 92.5430828, 26.2003916 ], [ 92.5431164, 26.2003025 ], [ 92.5431539, 26.2002388 ], [ 92.5431941, 26.2001876 ], [ 92.5432411, 26.2001443 ], [ 92.5433128, 26.2000962 ], [ 92.5434181, 26.200039 ], [ 92.5441691, 26.1997033 ], [ 92.5446385, 26.1994819 ], [ 92.5452527, 26.1991979 ], [ 92.5453842, 26.1991558 ], [ 92.5455008, 26.1991293 ], [ 92.5456282, 26.1991125 ], [ 92.5457677, 26.1991028 ], [ 92.5459099, 26.199104 ], [ 92.5460869, 26.1991113 ], [ 92.5466421, 26.1991365 ], [ 92.5471544, 26.1991642 ], [ 92.547601, 26.1991859 ], [ 92.5479966, 26.1991919 ], [ 92.5483252, 26.1991919 ], [ 92.5485304, 26.1991895 ], [ 92.5486712, 26.1991774 ], [ 92.5487919, 26.1991606 ], [ 92.5489958, 26.1991052 ], [ 92.5505018, 26.1985204 ], [ 92.551116, 26.1982388 ], [ 92.5516766, 26.1979934 ], [ 92.5519073, 26.1979055 ], [ 92.5521353, 26.1978273 ], [ 92.5523485, 26.1977599 ], [ 92.5526583, 26.1976697 ], [ 92.5534549, 26.1974507 ], [ 92.5536507, 26.1973989 ], [ 92.5538345, 26.1973556 ], [ 92.5540061, 26.1973255 ], [ 92.5542516, 26.1972906 ], [ 92.5545828, 26.1972449 ], [ 92.5548175, 26.1972124 ], [ 92.5551246, 26.1971703 ], [ 92.5554652, 26.1971318 ], [ 92.5557469, 26.1971041 ], [ 92.5562672, 26.1970632 ], [ 92.5565234, 26.1970451 ], [ 92.5567313, 26.1970343 ], [ 92.5568292, 26.1970427 ], [ 92.5569177, 26.1970668 ], [ 92.5570142, 26.1971125 ], [ 92.5571215, 26.1971763 ], [ 92.5573696, 26.1973436 ], [ 92.5576727, 26.197571 ], [ 92.5578403, 26.1977118 ], [ 92.5579973, 26.1978429 ], [ 92.5581247, 26.1979693 ], [ 92.5582507, 26.1981089 ], [ 92.5583687, 26.19824 ], [ 92.5584921, 26.1983712 ], [ 92.5586262, 26.198506 ], [ 92.5587791, 26.1986432 ], [ 92.5590514, 26.198873 ], [ 92.5594899, 26.1992328 ], [ 92.5598681, 26.1995216 ], [ 92.5602651, 26.1998152 ], [ 92.5605386, 26.2000005 ], [ 92.5606768, 26.2000823 ], [ 92.5607827, 26.2001305 ], [ 92.5608645, 26.2001606 ], [ 92.5609584, 26.200181 ], [ 92.561051, 26.2001906 ], [ 92.5611971, 26.2001822 ], [ 92.5614211, 26.2001581 ], [ 92.5616048, 26.2001305 ], [ 92.5618556, 26.2000811 ], [ 92.5620957, 26.2000282 ], [ 92.5623639, 26.1999608 ], [ 92.5625932, 26.1998874 ], [ 92.5628252, 26.199802 ], [ 92.5630894, 26.1996985 ], [ 92.5633724, 26.1995854 ], [ 92.5637117, 26.1994578 ], [ 92.5638887, 26.1993796 ], [ 92.5640818, 26.1992845 ], [ 92.5641838, 26.1992328 ], [ 92.5642776, 26.1991786 ], [ 92.5644238, 26.1990908 ], [ 92.5645767, 26.1989957 ], [ 92.5648101, 26.1988598 ], [ 92.5650622, 26.1987093 ], [ 92.5653318, 26.1985469 ], [ 92.5655799, 26.1983953 ], [ 92.5659688, 26.1981594 ], [ 92.5663979, 26.1979091 ], [ 92.5669353, 26.1976214 ], [ 92.56698, 26.1975975 ], [ 92.5673877, 26.1973989 ], [ 92.5682151, 26.1969777 ], [ 92.5685289, 26.1968213 ], [ 92.5688803, 26.1966601 ], [ 92.5690842, 26.1965818 ], [ 92.5693806, 26.1964723 ], [ 92.569681, 26.1963652 ], [ 92.570035, 26.1962401 ], [ 92.5704414, 26.1960957 ], [ 92.5707874, 26.1959717 ], [ 92.5711106, 26.1958598 ], [ 92.5713225, 26.1958057 ], [ 92.5714727, 26.1957756 ], [ 92.5716108, 26.1957624 ], [ 92.5717986, 26.1957551 ], [ 92.5719823, 26.1957624 ], [ 92.5721768, 26.195784 ], [ 92.5723162, 26.1958021 ], [ 92.5724329, 26.1958105 ], [ 92.5725321, 26.1958069 ], [ 92.5726314, 26.195796 ], [ 92.572744, 26.195772 ], [ 92.5728808, 26.1957347 ], [ 92.5732563, 26.1956276 ], [ 92.5735863, 26.1955433 ], [ 92.5737458, 26.1955036 ], [ 92.5738531, 26.1954808 ], [ 92.5739872, 26.1954663 ], [ 92.5741254, 26.1954591 ], [ 92.5743574, 26.1954603 ], [ 92.5745505, 26.1954555 ], [ 92.5746819, 26.1954471 ], [ 92.5748911, 26.195417 ], [ 92.575036, 26.1953845 ], [ 92.5752318, 26.1953316 ], [ 92.5753887, 26.1952894 ], [ 92.5756127, 26.195216 ], [ 92.5761491, 26.19505 ], [ 92.5767177, 26.1948779 ], [ 92.5768726, 26.1948267 ], [ 92.5771563, 26.1947407 ], [ 92.5774862, 26.194636 ], [ 92.5779341, 26.1944868 ], [ 92.5785658, 26.1942882 ], [ 92.5789909, 26.1941547 ], [ 92.5792135, 26.1940824 ], [ 92.5794375, 26.1940042 ], [ 92.5798063, 26.1938634 ], [ 92.5803414, 26.1936456 ], [ 92.5807478, 26.1934916 ], [ 92.581193, 26.1933171 ], [ 92.5817563, 26.1931137 ], [ 92.5821438, 26.1929802 ], [ 92.582408, 26.1928959 ], [ 92.5826709, 26.1928321 ], [ 92.5828144, 26.192802 ], [ 92.5830263, 26.1927623 ], [ 92.5832409, 26.192731 ], [ 92.5834782, 26.1927034 ], [ 92.5838497, 26.1926709 ], [ 92.5842346, 26.1926384 ], [ 92.5845391, 26.1926155 ], [ 92.5848381, 26.1925951 ], [ 92.585168, 26.1925674 ], [ 92.5855784, 26.1925397 ], [ 92.5860679, 26.1925108 ], [ 92.5864059, 26.1924964 ], [ 92.5868256, 26.1924976 ], [ 92.587004, 26.1925012 ], [ 92.5871408, 26.192512 ], [ 92.5872816, 26.1925337 ], [ 92.5872913, 26.1925356 ], [ 92.5874828, 26.1925722 ], [ 92.5876637, 26.1926219 ], [ 92.5879776, 26.1927238 ], [ 92.5885463, 26.1929248 ], [ 92.5890559, 26.1930981 ], [ 92.5895682, 26.1932858 ], [ 92.5905311, 26.1936324 ], [ 92.59114, 26.1938755 ], [ 92.5915477, 26.1940488 ], [ 92.5917891, 26.1941691 ], [ 92.5921351, 26.19434 ], [ 92.5924596, 26.1945181 ], [ 92.5928056, 26.1946962 ], [ 92.5932401, 26.1949176 ], [ 92.5934681, 26.1950476 ], [ 92.5936934, 26.1951992 ], [ 92.5938624, 26.1953364 ], [ 92.5940824, 26.1955409 ], [ 92.5942942, 26.1957696 ], [ 92.5945035, 26.1960078 ], [ 92.5947422, 26.1962654 ], [ 92.595005, 26.1965421 ], [ 92.5952075, 26.1967407 ], [ 92.5953323, 26.1968658 ], [ 92.5954449, 26.1969681 ], [ 92.5955696, 26.1970608 ], [ 92.5957239, 26.1971643 ], [ 92.5959103, 26.1972774 ], [ 92.5964159, 26.1975842 ], [ 92.5966801, 26.1977419 ], [ 92.5969671, 26.19792 ], [ 92.5973935, 26.1981823 ], [ 92.5975437, 26.1982725 ], [ 92.5977074, 26.1983628 ], [ 92.5978602, 26.1984458 ], [ 92.5980467, 26.1985385 ], [ 92.5982156, 26.1986239 ], [ 92.5983953, 26.1987069 ], [ 92.5987561, 26.198879 ], [ 92.59909, 26.1990451 ], [ 92.5992885, 26.1991425 ], [ 92.5994776, 26.19924 ], [ 92.5997794, 26.1994061 ], [ 92.5999242, 26.1994807 ], [ 92.6000905, 26.1995661 ], [ 92.6002876, 26.1996576 ], [ 92.600572, 26.1997827 ], [ 92.6007852, 26.1998681 ], [ 92.6010065, 26.1999512 ], [ 92.6013967, 26.2000751 ], [ 92.6018608, 26.2002291 ], [ 92.6022336, 26.2003423 ], [ 92.6028532, 26.2005203 ], [ 92.6031402, 26.2006094 ], [ 92.6033521, 26.2006744 ], [ 92.6035345, 26.2007225 ], [ 92.6037034, 26.2007454 ], [ 92.6038241, 26.200755 ], [ 92.6039368, 26.2007598 ], [ 92.6040615, 26.2007586 ], [ 92.6043163, 26.2007502 ], [ 92.60461, 26.2007237 ], [ 92.6049694, 26.2006407 ], [ 92.6052618, 26.2005613 ], [ 92.605581, 26.2004722 ], [ 92.6058385, 26.2003976 ], [ 92.6060356, 26.2003194 ], [ 92.6061724, 26.2002616 ], [ 92.6063307, 26.200181 ], [ 92.6064326, 26.2001148 ], [ 92.6065613, 26.2000186 ], [ 92.6067008, 26.1999018 ], [ 92.6068027, 26.1998068 ], [ 92.6068912, 26.1996973 ], [ 92.606961, 26.1995866 ], [ 92.6070106, 26.1994831 ], [ 92.6070817, 26.1993098 ], [ 92.6071635, 26.1990547 ], [ 92.6072252, 26.1988694 ], [ 92.6073137, 26.198601 ], [ 92.6074062, 26.1983315 ], [ 92.6074719, 26.1981173 ], [ 92.6074988, 26.1980066 ], [ 92.6075175, 26.1979404 ], [ 92.607531, 26.1978478 ], [ 92.607543, 26.1977587 ], [ 92.6075524, 26.1975939 ], [ 92.6075551, 26.1974434 ], [ 92.6075484, 26.1972449 ], [ 92.6075377, 26.1969946 ], [ 92.6075014, 26.1966348 ], [ 92.6074585, 26.1962365 ], [ 92.607429, 26.1959056 ], [ 92.6074049, 26.1955951 ], [ 92.6073781, 26.1952762 ], [ 92.6073432, 26.1947792 ], [ 92.6073137, 26.1944386 ], [ 92.6072453, 26.1938598 ], [ 92.6071434, 26.1929898 ], [ 92.6071139, 26.1927347 ], [ 92.6070803, 26.1924182 ], [ 92.6070455, 26.1921522 ], [ 92.6069677, 26.1913941 ], [ 92.6069288, 26.1910294 ], [ 92.6068738, 26.1905709 ], [ 92.6068148, 26.1900499 ], [ 92.6067826, 26.1897285 ], [ 92.606733, 26.1892448 ], [ 92.6066995, 26.1889259 ], [ 92.6066753, 26.1885359 ], [ 92.6066673, 26.1884144 ], [ 92.6066659, 26.1882519 ], [ 92.6066726, 26.1881099 ], [ 92.6066941, 26.1880112 ], [ 92.6067169, 26.1879102 ], [ 92.6067531, 26.1878235 ], [ 92.6068148, 26.187714 ], [ 92.6069073, 26.18759 ], [ 92.6070321, 26.1874396 ], [ 92.6071689, 26.1872988 ], [ 92.607362, 26.1871147 ], [ 92.6075739, 26.1869149 ], [ 92.607775, 26.186732 ], [ 92.6079668, 26.1865671 ], [ 92.6082095, 26.1863734 ], [ 92.6083812, 26.1862422 ] ] } },
{ "type": "Feature", "properties": { "asset_name": "OSM Way 239068593", "asset_type": "road", "osm_id": 239068593 }, "geometry": { "type": "LineString", "coordinates": [ [ 92.8755672, 26.1159674 ], [ 92.8761748, 26.1159986 ], [ 92.8781739, 26.1161729 ], [ 92.8787979, 26.1163503 ], [ 92.879687, 26.116872 ], [ 92.8805056, 26.117528 ], [ 92.8817864, 26.1191404 ], [ 92.8826359, 26.1197678 ], [ 92.883481, 26.1202904 ], [ 92.8847002, 26.1211361 ], [ 92.8849643, 26.121476 ], [ 92.8852239, 26.1219581 ], [ 92.8855408, 26.1228868 ], [ 92.885959, 26.1240249 ], [ 92.8866984, 26.1263011 ], [ 92.8867864, 26.1268622 ], [ 92.8869449, 26.1284627 ], [ 92.8867492, 26.129547 ], [ 92.8865168, 26.1307066 ], [ 92.886475, 26.1314013 ], [ 92.8866201, 26.131849 ], [ 92.8867646, 26.1321318 ], [ 92.8868981, 26.1323647 ], [ 92.8872168, 26.1326808 ], [ 92.8875096, 26.1329004 ], [ 92.8878787, 26.133107 ], [ 92.8895033, 26.13377 ], [ 92.8912179, 26.1347904 ], [ 92.89275, 26.1354821 ], [ 92.8937942, 26.1361719 ] ] } },
{ "type": "Feature", "properties": { "asset_name": "OSM Way 239068595", "asset_type": "road", "osm_id": 239068595 }, "geometry": { "type": "LineString", "coordinates": [ [ 92.8757569, 26.1144182 ], [ 92.8760134, 26.1140095 ], [ 92.8763538, 26.1134674 ], [ 92.876734, 26.1126231 ], [ 92.8769874, 26.1118338 ], [ 92.8770692, 26.1111731 ], [ 92.8770651, 26.1104279 ], [ 92.8769302, 26.1094881 ], [ 92.8765377, 26.1078141 ], [ 92.8763129, 26.1070578 ], [ 92.8758836, 26.1062318 ], [ 92.8756056, 26.1057582 ], [ 92.8752132, 26.1051855 ], [ 92.8751627, 26.1050902 ], [ 92.8749679, 26.104723 ], [ 92.8747226, 26.1040732 ], [ 92.8740766, 26.1022119 ], [ 92.8737986, 26.1016502 ], [ 92.8730791, 26.1002991 ], [ 92.8728583, 26.0996089 ], [ 92.8728011, 26.0991206 ], [ 92.872797, 26.0987442 ], [ 92.8728338, 26.0984488 ], [ 92.8729156, 26.0980486 ], [ 92.8731691, 26.0973657 ], [ 92.8738027, 26.0965506 ], [ 92.875254, 26.0950453 ], [ 92.8770569, 26.0932169 ], [ 92.8782418, 26.0921342 ], [ 92.8784633, 26.0919319 ], [ 92.879052, 26.0913701 ], [ 92.8803312, 26.090157 ] ] } },
{ "type": "Feature", "properties": { "asset_name": "OSM Way 239068597", "asset_type": "road", "osm_id": 239068597 }, "geometry": { "type": "LineString", "coordinates": [ [ 92.8756316, 26.1143229 ], [ 92.8751931, 26.1149685 ] ] } },
{ "type": "Feature", "properties": { "asset_name": "OSM Way 239068598", "asset_type": "road", "osm_id": 239068598 }, "geometry": { "type": "LineString", "coordinates": [ [ 92.8753379, 26.1150386 ], [ 92.8757569, 26.1144182 ] ] } },
{ "type": "Feature", "properties": { "asset_name": "OSM Way 239068599", "asset_type": "road", "osm_id": 239068599 }, "geometry": { "type": "LineString", "coordinates": [ [ 92.8751931, 26.1149685 ], [ 92.8749322, 26.1153571 ], [ 92.8748351, 26.1154559 ], [ 92.8747527, 26.1155169 ] ] } },
{ "type": "Feature", "properties": { "asset_name": "OSM Way 242241335", "asset_type": "road", "osm_id": 242241335 }, "geometry": { "type": "LineString", "coordinates": [ [ 92.8447361, 26.1273589 ], [ 92.8427312, 26.1285882 ], [ 92.8412881, 26.1294744 ], [ 92.8389023, 26.1309265 ], [ 92.8380319, 26.1314731 ], [ 92.8375035, 26.1317838 ], [ 92.8371683, 26.1319632 ], [ 92.8368916, 26.1321113 ], [ 92.8367928, 26.1321642 ], [ 92.8358164, 26.1326266 ], [ 92.8347838, 26.1331395 ], [ 92.8338987, 26.1335777 ], [ 92.8337412, 26.1336524 ], [ 92.8334266, 26.1338017 ], [ 92.8330672, 26.1339365 ], [ 92.8327292, 26.1340328 ], [ 92.8323752, 26.1341123 ], [ 92.8321015, 26.1341531 ], [ 92.8316621, 26.1341791 ], [ 92.8309988, 26.1341816 ], [ 92.830275, 26.1342014 ], [ 92.8298575, 26.1342112 ], [ 92.8297654, 26.1342134 ], [ 92.8292531, 26.1342423 ], [ 92.8287649, 26.1342809 ], [ 92.8281748, 26.1343387 ], [ 92.8279727, 26.1343653 ], [ 92.8274614, 26.1344326 ], [ 92.8260881, 26.1345939 ], [ 92.8256106, 26.1346613 ], [ 92.8252593, 26.1347191 ], [ 92.8251078, 26.1347584 ], [ 92.8249347, 26.1348034 ], [ 92.8247003, 26.1348723 ], [ 92.8246397, 26.1348901 ], [ 92.8241408, 26.1350683 ], [ 92.8234649, 26.1353572 ], [ 92.8223276, 26.1358581 ], [ 92.8220681, 26.1359793 ], [ 92.8212091, 26.1363806 ], [ 92.8207398, 26.1365881 ], [ 92.820316, 26.1367755 ], [ 92.819809, 26.1370019 ], [ 92.8194308, 26.1371632 ], [ 92.8190929, 26.137286 ], [ 92.8188488, 26.1373655 ], [ 92.8185162, 26.1374546 ], [ 92.818256, 26.1375148 ], [ 92.8179556, 26.1375725 ], [ 92.8176765, 26.1376105 ] ] } },
{ "type": "Feature", "properties": { "asset_name": "OSM Way 242241338", "asset_type": "road", "osm_id": 242241338 }, "geometry": { "type": "LineString", "coordinates": [ [ 92.8749454, 26.1156292 ], [ 92.8750568, 26.1154384 ], [ 92.8753379, 26.1150386 ] ] } },
{ "type": "Feature", "properties": { "asset_name": "OSM Way 289052019", "asset_type": "road", "osm_id": 289052019 }, "geometry": { "type": "LineString", "coordinates": [ [ 92.8176472, 26.1377315 ], [ 92.8180683, 26.1376592 ], [ 92.8184384, 26.137587 ], [ 92.8188005, 26.1375003 ], [ 92.8190044, 26.1374353 ], [ 92.8193128, 26.1373269 ], [ 92.8201862, 26.136952 ], [ 92.8204796, 26.1368261 ], [ 92.8208928, 26.1366398 ], [ 92.8217456, 26.1362554 ], [ 92.8231028, 26.1356534 ], [ 92.8240979, 26.13522 ], [ 92.8245378, 26.135049 ], [ 92.8249213, 26.134931 ], [ 92.8251922, 26.1348684 ], [ 92.8255382, 26.1347986 ], [ 92.8262544, 26.1347047 ], [ 92.8271073, 26.1345891 ], [ 92.8273889, 26.1345506 ], [ 92.8288293, 26.1343844 ], [ 92.8296125, 26.1343363 ], [ 92.8306532, 26.1342881 ], [ 92.8309937, 26.1342828 ], [ 92.8317074, 26.1342718 ], [ 92.832166, 26.1342447 ], [ 92.8324583, 26.1342086 ], [ 92.8327131, 26.1341484 ], [ 92.8330564, 26.1340545 ], [ 92.8335392, 26.1338667 ], [ 92.8341293, 26.1335874 ], [ 92.8347704, 26.1332743 ], [ 92.8355429, 26.1328866 ], [ 92.8364012, 26.1324821 ], [ 92.8370583, 26.1321546 ], [ 92.837643, 26.1318415 ], [ 92.8380051, 26.131632 ], [ 92.838563, 26.1312997 ], [ 92.8389853, 26.1310325 ], [ 92.840226, 26.1302474 ], [ 92.8418756, 26.1292505 ], [ 92.8428894, 26.128634 ], [ 92.8448032, 26.1274444 ] ] } },
{ "type": "Feature", "properties": { "asset_name": "OSM Way 366125860", "asset_type": "road", "osm_id": 366125860 }, "geometry": { "type": "LineString", "coordinates": [ [ 92.5993864, 25.8734016 ], [ 92.5996882, 25.8734728 ], [ 92.6001307, 25.873579 ], [ 92.6003842, 25.8736357 ], [ 92.6005854, 25.8737226 ], [ 92.6007396, 25.8737889 ], [ 92.6008697, 25.8738167 ], [ 92.6010413, 25.8738215 ], [ 92.6012036, 25.873801 ], [ 92.6013438, 25.8737902 ], [ 92.6014913, 25.8737835 ], [ 92.6015852, 25.8737992 ], [ 92.6016837, 25.8738324 ], [ 92.6017461, 25.8738867 ], [ 92.601793, 25.8739337 ], [ 92.6018346, 25.8740176 ], [ 92.6018608, 25.8741196 ], [ 92.6018634, 25.87423 ], [ 92.6018453, 25.8743525 ], [ 92.6018447, 25.8744496 ], [ 92.6018594, 25.8745142 ], [ 92.6019104, 25.8745998 ], [ 92.6020163, 25.8747175 ], [ 92.6021317, 25.8748526 ], [ 92.6022564, 25.8750125 ], [ 92.602306, 25.8751114 ], [ 92.6023114, 25.8752249 ], [ 92.6022913, 25.8753624 ], [ 92.6022443, 25.8755 ], [ 92.602188, 25.8756701 ], [ 92.6021478, 25.875821 ], [ 92.6021478, 25.8759404 ], [ 92.6022242, 25.8761045 ], [ 92.6023227, 25.876256 ], [ 92.6026641, 25.8766704 ], [ 92.6027848, 25.8768406 ], [ 92.6028746, 25.876983 ], [ 92.6029149, 25.8770964 ], [ 92.6029444, 25.8772725 ], [ 92.6029685, 25.8774379 ], [ 92.6029645, 25.8775501 ], [ 92.6029585, 25.8776237 ], [ 92.6029169, 25.8777305 ], [ 92.6028492, 25.877833 ], [ 92.6027486, 25.8779766 ], [ 92.6026943, 25.8780677 ], [ 92.6026654, 25.8781492 ], [ 92.602658, 25.8782131 ], [ 92.6026762, 25.8782891 ], [ 92.6027258, 25.8783724 ], [ 92.6028055, 25.8784472 ], [ 92.6028766, 25.8785467 ], [ 92.6029263, 25.8786547 ], [ 92.6029591, 25.8788225 ], [ 92.6029886, 25.8789051 ], [ 92.6030302, 25.8789793 ], [ 92.6030832, 25.8790185 ], [ 92.6031918, 25.8790698 ], [ 92.60334, 25.8790988 ], [ 92.6034419, 25.8791428 ], [ 92.603505, 25.8792013 ], [ 92.6035801, 25.8793316 ], [ 92.6036505, 25.8794596 ], [ 92.6037142, 25.8795344 ], [ 92.6038141, 25.8796092 ], [ 92.6039676, 25.8796834 ], [ 92.6041031, 25.8797401 ], [ 92.6042452, 25.8798089 ], [ 92.6045711, 25.8800067 ], [ 92.6047106, 25.8801021 ], [ 92.6048005, 25.8801926 ], [ 92.6048756, 25.880312 ], [ 92.6049453, 25.880522 ], [ 92.6050164, 25.8806957 ], [ 92.6051518, 25.8808707 ], [ 92.6052685, 25.8810529 ], [ 92.6053222, 25.8811771 ], [ 92.6053637, 25.8812785 ], [ 92.6054133, 25.8813593 ], [ 92.605463, 25.8814136 ], [ 92.6055421, 25.8814595 ], [ 92.6057258, 25.8815065 ], [ 92.6059739, 25.8815657 ], [ 92.6061644, 25.8816139 ], [ 92.6062609, 25.881661 ], [ 92.6063521, 25.8817286 ], [ 92.6064755, 25.8819204 ], [ 92.6065694, 25.8820495 ], [ 92.606784, 25.8822727 ], [ 92.6068524, 25.8823813 ], [ 92.6068899, 25.8825128 ], [ 92.6069355, 25.8826516 ], [ 92.6070039, 25.8827662 ], [ 92.6071554, 25.8829605 ], [ 92.6073284, 25.8832657 ], [ 92.6074706, 25.8835131 ], [ 92.6075833, 25.8836543 ], [ 92.6076168, 25.8837375 ], [ 92.6076289, 25.8838171 ], [ 92.6076128, 25.8839113 ], [ 92.6075913, 25.8840042 ], [ 92.6075792, 25.8841103 ], [ 92.6075846, 25.8841936 ], [ 92.6076208, 25.8842636 ], [ 92.6077388, 25.8844096 ], [ 92.60783, 25.8845145 ], [ 92.607877, 25.8845845 ], [ 92.6079011, 25.8846617 ], [ 92.6079038, 25.8847643 ], [ 92.6078837, 25.8848813 ], [ 92.6079011, 25.8849803 ], [ 92.6079494, 25.8850949 ], [ 92.6080044, 25.8851962 ], [ 92.6080661, 25.885253 ], [ 92.6081358, 25.8852843 ], [ 92.6082163, 25.8852952 ], [ 92.6083222, 25.8852674 ], [ 92.6084268, 25.8852143 ], [ 92.6084845, 25.8851866 ], [ 92.6085515, 25.8851649 ], [ 92.6086052, 25.8851649 ], [ 92.6086682, 25.8851854 ], [ 92.6087071, 25.8852207 ], [ 92.6087346, 25.8852668 ], [ 92.6087567, 25.8853205 ], [ 92.6087876, 25.8854351 ], [ 92.6088291, 25.8855196 ], [ 92.6089203, 25.8856065 ], [ 92.6090839, 25.8857295 ], [ 92.6092033, 25.8857983 ], [ 92.6093079, 25.8858212 ], [ 92.6094266, 25.8858267 ], [ 92.6095104, 25.8858055 ], [ 92.6095701, 25.8857681 ], [ 92.6096184, 25.8856982 ], [ 92.6096512, 25.8855516 ], [ 92.6096861, 25.8853983 ], [ 92.6097351, 25.885259 ], [ 92.6097974, 25.8851552 ], [ 92.6098658, 25.8850834 ], [ 92.6099463, 25.8850436 ], [ 92.6100388, 25.8850315 ], [ 92.6101159, 25.8850376 ], [ 92.6101877, 25.8850816 ], [ 92.6102118, 25.8851154 ], [ 92.6102286, 25.8851769 ], [ 92.6102407, 25.8852674 ], [ 92.6102702, 25.8853694 ], [ 92.6103077, 25.8854321 ], [ 92.6103728, 25.8854961 ], [ 92.6104512, 25.8855383 ], [ 92.6105471, 25.8855679 ], [ 92.6106108, 25.8855679 ], [ 92.6106986, 25.8855455 ], [ 92.6107489, 25.885516 ], [ 92.6107925, 25.8854719 ], [ 92.6108535, 25.8853688 ], [ 92.6109172, 25.8852198 ], [ 92.6109756, 25.8850864 ], [ 92.6110212, 25.8850002 ], [ 92.6110802, 25.8849453 ], [ 92.6111439, 25.8849193 ], [ 92.6112136, 25.8849085 ], [ 92.6112793, 25.8849224 ], [ 92.6114161, 25.8850243 ], [ 92.6115925, 25.8851944 ], [ 92.6116522, 25.8852837 ], [ 92.6116864, 25.8853881 ], [ 92.6117179, 25.8854677 ], [ 92.6117682, 25.8855371 ], [ 92.6118728, 25.8855962 ], [ 92.6120505, 25.885665 ], [ 92.6122469, 25.8857494 ], [ 92.6123415, 25.8857923 ], [ 92.6124119, 25.8858321 ], [ 92.6124434, 25.8858641 ], [ 92.6124662, 25.8858948 ], [ 92.6124723, 25.8859515 ], [ 92.6124441, 25.8860089 ], [ 92.6123844, 25.8860559 ], [ 92.6123039, 25.8861144 ], [ 92.612249, 25.8861796 ], [ 92.6122288, 25.8862484 ], [ 92.6122154, 25.8863666 ], [ 92.612194, 25.8865138 ], [ 92.6121658, 25.8865789 ], [ 92.6120746, 25.8866924 ], [ 92.6119935, 25.8867979 ], [ 92.6119485, 25.8868782 ], [ 92.6119271, 25.8869602 ], [ 92.6119345, 25.8870296 ], [ 92.6119693, 25.8871092 ], [ 92.6120418, 25.8871617 ], [ 92.6121209, 25.8871907 ], [ 92.6122456, 25.8872082 ], [ 92.612371, 25.8872486 ], [ 92.612489, 25.8872974 ], [ 92.6125862, 25.8873173 ], [ 92.6126801, 25.8873306 ], [ 92.6127485, 25.8873167 ], [ 92.612835, 25.8872649 ], [ 92.6129175, 25.8872039 ], [ 92.6130523, 25.8870923 ], [ 92.613228, 25.8869892 ], [ 92.6135378, 25.8868305 ], [ 92.6137315, 25.8867424 ], [ 92.6139294, 25.8866924 ], [ 92.6140668, 25.886655 ], [ 92.6141641, 25.8866091 ], [ 92.6142734, 25.886515 ], [ 92.6143733, 25.8864185 ], [ 92.6144397, 25.8863726 ], [ 92.6145235, 25.8863491 ], [ 92.6146173, 25.8863563 ], [ 92.6146938, 25.8863889 ], [ 92.614779, 25.8864577 ], [ 92.614895, 25.8865621 ], [ 92.6149969, 25.8866531 ], [ 92.6151243, 25.8867436 ], [ 92.6151967, 25.8868064 ], [ 92.615251, 25.8868685 ], [ 92.6152973, 25.8869481 ], [ 92.6153375, 25.8870459 ], [ 92.615357, 25.8871804 ], [ 92.6154093, 25.8873427 ], [ 92.6154676, 25.8874706 ], [ 92.6155239, 25.8875478 ], [ 92.6156218, 25.8876256 ], [ 92.6158874, 25.8878072 ], [ 92.615988, 25.8878965 ], [ 92.616061, 25.8879858 ], [ 92.6160899, 25.8880485 ], [ 92.6161073, 25.8881547 ], [ 92.6161234, 25.8882898 ], [ 92.6161502, 25.8883749 ], [ 92.6162072, 25.8884539 ], [ 92.6163715, 25.8885794 ], [ 92.6165633, 25.8887362 ], [ 92.6167256, 25.8888822 ], [ 92.6169187, 25.8889751 ], [ 92.6170246, 25.8890415 ], [ 92.617093, 25.8891139 ], [ 92.6171856, 25.889261 ], [ 92.6172607, 25.8893564 ], [ 92.617439, 25.8895301 ], [ 92.6175329, 25.8896278 ], [ 92.617578, 25.8897276 ], [ 92.6176308, 25.8899138 ], [ 92.6176979, 25.8901539 ], [ 92.61774, 25.8902619 ], [ 92.6177824, 25.8903264 ], [ 92.6178266, 25.8903747 ], [ 92.6179393, 25.8904193 ], [ 92.6181445, 25.890447 ], [ 92.6183349, 25.8904579 ], [ 92.6184824, 25.8904555 ], [ 92.6185843, 25.8904446 ], [ 92.6186541, 25.8904205 ], [ 92.6187453, 25.8903674 ], [ 92.6188391, 25.8902818 ], [ 92.618874, 25.8902069 ], [ 92.6189263, 25.8900332 ], [ 92.6189612, 25.889886 ], [ 92.6190148, 25.8897497 ], [ 92.6191355, 25.8895772 ], [ 92.6194909, 25.8891862 ], [ 92.6196639, 25.889021 ], [ 92.6198316, 25.8888605 ], [ 92.6199737, 25.8887579 ], [ 92.6201293, 25.8887133 ], [ 92.6202728, 25.8886976 ], [ 92.6204056, 25.8886916 ], [ 92.6205504, 25.8887229 ], [ 92.6206698, 25.8887724 ], [ 92.6208052, 25.8888689 ], [ 92.62095, 25.8890161 ], [ 92.6210412, 25.8891235 ], [ 92.621111, 25.8892623 ], [ 92.6211311, 25.8894094 ], [ 92.6211593, 25.8895989 ], [ 92.6211941, 25.8897111 ], [ 92.6213148, 25.889886 ], [ 92.6215576, 25.8902757 ], [ 92.6217037, 25.8905532 ], [ 92.6218271, 25.8907221 ], [ 92.6219988, 25.8908802 ], [ 92.622094, 25.8909719 ], [ 92.6221356, 25.891066 ], [ 92.6221852, 25.8913012 ], [ 92.6222268, 25.891563 ], [ 92.6222804, 25.891709 ], [ 92.6224051, 25.8918936 ], [ 92.6224883, 25.8920517 ], [ 92.6226774, 25.8924715 ], [ 92.6227605, 25.8926706 ], [ 92.6227967, 25.8928274 ], [ 92.6228276, 25.8929939 ], [ 92.622841, 25.8931327 ], [ 92.6228678, 25.8932292 ], [ 92.6229148, 25.8932956 ], [ 92.6230033, 25.8933535 ], [ 92.6230965, 25.8933845 ], [ 92.6231726, 25.8933918 ], [ 92.6232561, 25.8933851 ], [ 92.6233493, 25.8933583 ], [ 92.6234995, 25.8932702 ], [ 92.623645, 25.8931315 ], [ 92.6238267, 25.8929427 ], [ 92.6239018, 25.8928745 ], [ 92.6239709, 25.8928329 ], [ 92.6240627, 25.892825 ], [ 92.6241586, 25.8928504 ], [ 92.6242183, 25.8928998 ], [ 92.6242706, 25.8929547 ], [ 92.6243035, 25.8930265 ], [ 92.6243048, 25.8931019 ], [ 92.624276, 25.893193 ], [ 92.6241989, 25.8933595 ], [ 92.6241385, 25.8934723 ], [ 92.6240735, 25.8935423 ], [ 92.6239675, 25.893643 ], [ 92.6238079, 25.8937462 ], [ 92.6236141, 25.8938427 ], [ 92.6233104, 25.8939199 ], [ 92.6231917, 25.8939627 ], [ 92.6231334, 25.8939971 ], [ 92.6230864, 25.894052 ], [ 92.6230636, 25.8941045 ], [ 92.6230569, 25.8941865 ], [ 92.6230864, 25.8942776 ], [ 92.6231622, 25.8944212 ], [ 92.6233687, 25.8946751 ], [ 92.6234901, 25.8948296 ], [ 92.6235571, 25.8949249 ], [ 92.6236135, 25.8950389 ], [ 92.6236691, 25.8951625 ], [ 92.623704, 25.8952301 ], [ 92.6237556, 25.8952784 ], [ 92.6238187, 25.8953049 ], [ 92.6238911, 25.8953121 ], [ 92.6239555, 25.8953103 ], [ 92.6240339, 25.8952705 ], [ 92.6241399, 25.8951969 ], [ 92.6242612, 25.8951077 ], [ 92.6243752, 25.8949822 ], [ 92.6244195, 25.8948929 ], [ 92.6244483, 25.8948308 ], [ 92.6245013, 25.8947717 ], [ 92.6245911, 25.8946956 ], [ 92.6246696, 25.8946474 ], [ 92.6247682, 25.8945967 ], [ 92.6249385, 25.8945358 ], [ 92.6250907, 25.8945014 ], [ 92.6252684, 25.8944791 ], [ 92.6254287, 25.8944658 ], [ 92.6255199, 25.8944453 ], [ 92.6256513, 25.894394 ], [ 92.6258115, 25.8943657 ], [ 92.6259356, 25.8943518 ], [ 92.6260483, 25.8943265 ], [ 92.626126, 25.8942969 ], [ 92.6261777, 25.8942607 ], [ 92.6262206, 25.8942052 ], [ 92.6262407, 25.8941449 ], [ 92.6262662, 25.8940448 ], [ 92.626287, 25.8939947 ], [ 92.6263319, 25.8939344 ], [ 92.6263963, 25.8938867 ], [ 92.6264673, 25.8938481 ], [ 92.6265378, 25.8938276 ], [ 92.6266269, 25.8938258 ], [ 92.6267262, 25.8938572 ], [ 92.6268154, 25.8939127 ], [ 92.6268797, 25.8939428 ], [ 92.6269327, 25.8939513 ], [ 92.6269897, 25.8939338 ], [ 92.6270333, 25.8938994 ], [ 92.6270574, 25.8938391 ], [ 92.6270715, 25.8937389 ], [ 92.627105, 25.8935887 ], [ 92.6271359, 25.8934675 ], [ 92.6271701, 25.893418 ], [ 92.627209, 25.8933764 ], [ 92.6272559, 25.893351 ], [ 92.6273163, 25.893339 ], [ 92.6273873, 25.8933342 ], [ 92.6274631, 25.8933559 ], [ 92.6275872, 25.8933951 ], [ 92.6277079, 25.8934252 ], [ 92.6278581, 25.8934385 ], [ 92.6279613, 25.8934554 ], [ 92.6280539, 25.8934832 ], [ 92.6281384, 25.8935362 ], [ 92.6282229, 25.8935948 ], [ 92.6282731, 25.8936267 ], [ 92.6283328, 25.8936334 ], [ 92.6283938, 25.8936225 ], [ 92.6284562, 25.8935978 ], [ 92.6285192, 25.893567 ], [ 92.6286272, 25.8935133 ], [ 92.6287117, 25.893485 ], [ 92.6288223, 25.8934602 ], [ 92.6289417, 25.8934415 ], [ 92.6290335, 25.8934361 ], [ 92.6291355, 25.8934512 ], [ 92.6292589, 25.8934904 ], [ 92.6293936, 25.8935387 ], [ 92.6295525, 25.8936014 ], [ 92.6296082, 25.8936376 ], [ 92.6296498, 25.893681 ], [ 92.6296706, 25.8937269 ], [ 92.6296686, 25.8937842 ], [ 92.6296384, 25.8938596 ], [ 92.6295626, 25.8939929 ], [ 92.629507, 25.8940876 ], [ 92.6293728, 25.8942903 ], [ 92.6293293, 25.894388 ], [ 92.6293098, 25.8944513 ], [ 92.6293132, 25.8945068 ], [ 92.6293353, 25.8945533 ], [ 92.6294379, 25.8946408 ], [ 92.6295117, 25.8947107 ], [ 92.6295593, 25.8947807 ], [ 92.6296156, 25.8948953 ], [ 92.6296632, 25.8950136 ], [ 92.6297048, 25.8951215 ], [ 92.6297135, 25.8952054 ], [ 92.6297007, 25.895276 ], [ 92.6296733, 25.8953737 ], [ 92.6296484, 25.895469 ], [ 92.6296404, 25.8955317 ], [ 92.6296498, 25.8955878 ], [ 92.6296773, 25.8956487 ], [ 92.629739, 25.8957272 ], [ 92.6298952, 25.8958502 ], [ 92.6300059, 25.8959407 ], [ 92.6300615, 25.8960059 ], [ 92.6301017, 25.8960734 ], [ 92.6301299, 25.8961965 ], [ 92.6301366, 25.8962876 ], [ 92.630146, 25.8964203 ], [ 92.6301641, 25.8965156 ], [ 92.6301936, 25.8965795 ], [ 92.6302305, 25.8966272 ], [ 92.6303418, 25.8967128 ], [ 92.6306194, 25.8969414 ], [ 92.6308984, 25.8971025 ], [ 92.6310298, 25.8971683 ], [ 92.6311029, 25.8972352 ], [ 92.6311478, 25.8972919 ], [ 92.631296, 25.8975887 ], [ 92.6314858, 25.898067 ], [ 92.6316319, 25.8984724 ], [ 92.6316762, 25.8986558 ], [ 92.6317124, 25.8989272 ], [ 92.631707, 25.8991625 ], [ 92.6316681, 25.8993495 ], [ 92.6316641, 25.8995123 ], [ 92.6316681, 25.8996209 ], [ 92.6317079, 25.8997074 ], [ 92.6317888, 25.8998127 ], [ 92.6319914, 25.8999913 ], [ 92.632155, 25.900089 ], [ 92.6325238, 25.9002543 ], [ 92.6328269, 25.900399 ], [ 92.632975, 25.9004829 ], [ 92.6331152, 25.900586 ], [ 92.6331903, 25.9006488 ], [ 92.6332185, 25.9006898 ], [ 92.6332198, 25.9007471 ], [ 92.6331963, 25.9008128 ], [ 92.6331179, 25.9008665 ], [ 92.6329456, 25.9009214 ], [ 92.6326002, 25.9010022 ], [ 92.6323964, 25.9010203 ], [ 92.6322582, 25.90103 ], [ 92.6321791, 25.9010601 ], [ 92.6320725, 25.9011464 ], [ 92.6320121, 25.9012302 ], [ 92.6319907, 25.9013177 ], [ 92.6319974, 25.9014287 ], [ 92.6320302, 25.901518 ], [ 92.6321094, 25.9016102 ], [ 92.6321972, 25.901676 ], [ 92.6322737, 25.9016983 ], [ 92.632389, 25.9016929 ], [ 92.6325379, 25.9016531 ], [ 92.6327196, 25.9015976 ], [ 92.6328416, 25.9015626 ], [ 92.6329261, 25.9015475 ], [ 92.633022, 25.901559 ], [ 92.6331132, 25.9016048 ], [ 92.633258, 25.9017104 ], [ 92.6333821, 25.9017852 ], [ 92.6335517, 25.9018533 ], [ 92.633706, 25.9019076 ], [ 92.6338045, 25.9019227 ], [ 92.6338863, 25.901913 ], [ 92.6339775, 25.9018974 ], [ 92.6340781, 25.9018461 ], [ 92.6341485, 25.9017924 ], [ 92.6342109, 25.9016971 ], [ 92.6342793, 25.9015511 ], [ 92.6343403, 25.9014498 ], [ 92.6344416, 25.9013605 ], [ 92.6345327, 25.9012936 ], [ 92.6345844, 25.9012688 ], [ 92.6346353, 25.9012628 ], [ 92.6346809, 25.9012749 ], [ 92.6347373, 25.9013074 ], [ 92.6347574, 25.9013406 ], [ 92.6347674, 25.901416 ], [ 92.6347849, 25.90153 ], [ 92.6348439, 25.9017007 ], [ 92.6349337, 25.9018666 ], [ 92.6350947, 25.9020675 ], [ 92.6352127, 25.9022171 ], [ 92.6352663, 25.9023679 ], [ 92.6352932, 25.9025295 ], [ 92.6353589, 25.9027599 ], [ 92.6354031, 25.9028987 ], [ 92.6354139, 25.903006 ], [ 92.6354085, 25.9031942 ], [ 92.6353911, 25.9034307 ], [ 92.6353803, 25.9036756 ], [ 92.6354098, 25.903953 ], [ 92.635505, 25.9042763 ], [ 92.635552, 25.9044754 ], [ 92.6355681, 25.9045779 ], [ 92.6355211, 25.9047203 ], [ 92.635446, 25.9049012 ], [ 92.6353706, 25.9050297 ], [ 92.6353052, 25.905081 ], [ 92.6352238, 25.9051066 ], [ 92.6351316, 25.9051096 ], [ 92.6350189, 25.9051087 ], [ 92.6349525, 25.905125 ], [ 92.6348871, 25.9051555 ], [ 92.6348379, 25.9052149 ], [ 92.6348104, 25.905274 ], [ 92.6347969, 25.9053651 ], [ 92.6348265, 25.9054791 ], [ 92.6348747, 25.9055707 ], [ 92.6349887, 25.905733 ], [ 92.6351758, 25.9059682 ], [ 92.6352543, 25.9060997 ], [ 92.6352911, 25.9062222 ], [ 92.635332, 25.9063874 ], [ 92.6353763, 25.906534 ], [ 92.6354387, 25.9066806 ], [ 92.6354668, 25.9067843 ], [ 92.6354709, 25.9068663 ], [ 92.6354695, 25.907022 ], [ 92.6354782, 25.9071323 ], [ 92.6355044, 25.9072132 ], [ 92.6355352, 25.9072681 ], [ 92.6355929, 25.9073338 ], [ 92.635668, 25.9073706 ], [ 92.6357719, 25.907405 ], [ 92.635849, 25.9074182 ], [ 92.6359295, 25.9074116 ], [ 92.6360978, 25.90737 ], [ 92.6362661, 25.9073151 ], [ 92.6363996, 25.907265 ], [ 92.6365008, 25.9071951 ], [ 92.636586, 25.9071185 ], [ 92.6366765, 25.9070328 ], [ 92.6367516, 25.9069912 ], [ 92.6368314, 25.9069737 ], [ 92.6368884, 25.9069864 ], [ 92.6369427, 25.9070159 ], [ 92.6370151, 25.9070901 ], [ 92.6370721, 25.907151 ], [ 92.6372217, 25.9072313 ], [ 92.6373994, 25.9073308 ], [ 92.637628, 25.9074647 ], [ 92.6377011, 25.9075226 ], [ 92.6377407, 25.9075877 ], [ 92.6377936, 25.9077053 ], [ 92.6378386, 25.9078278 ], [ 92.6378855, 25.9079026 ], [ 92.6379901, 25.9079472 ], [ 92.6381604, 25.9080063 ], [ 92.638265, 25.9080884 ], [ 92.638426, 25.9082777 ], [ 92.6385587, 25.9084309 ], [ 92.638662, 25.9084901 ], [ 92.6387492, 25.9085238 ], [ 92.6388618, 25.9085202 ], [ 92.6390174, 25.9084973 ], [ 92.639122, 25.9084961 ], [ 92.6392011, 25.9085142 ], [ 92.6392481, 25.9085407 ], [ 92.6392896, 25.9085866 ], [ 92.6393057, 25.9086638 ], [ 92.6393004, 25.908864 ], [ 92.6393205, 25.9089955 ], [ 92.6393875, 25.9091463 ], [ 92.6394466, 25.9092814 ], [ 92.6394653, 25.9093731 ], [ 92.6394573, 25.9095215 ], [ 92.6394398, 25.9097458 ], [ 92.6394291, 25.9099473 ], [ 92.6394519, 25.9100824 ], [ 92.6395176, 25.9102802 ], [ 92.6395686, 25.9104419 ], [ 92.6396209, 25.9105637 ], [ 92.6396745, 25.9106107 ], [ 92.6397564, 25.9106373 ], [ 92.6398435, 25.9106325 ], [ 92.6399361, 25.9105926 ], [ 92.6400031, 25.9105106 ], [ 92.640101, 25.9103357 ], [ 92.6402384, 25.9099889 ], [ 92.6402566, 25.9097989 ], [ 92.6402324, 25.9096312 ], [ 92.6401922, 25.9094949 ], [ 92.6401386, 25.9093779 ], [ 92.6400232, 25.9091957 ], [ 92.6399441, 25.9090606 ], [ 92.6399173, 25.9089665 ], [ 92.6399334, 25.9088918 ], [ 92.6400232, 25.9086505 ], [ 92.6400702, 25.9084756 ], [ 92.6400702, 25.908402 ], [ 92.6400447, 25.9083236 ], [ 92.6399656, 25.9082198 ], [ 92.6399267, 25.9081752 ], [ 92.6399139, 25.9081209 ], [ 92.6399267, 25.9080648 ], [ 92.6399729, 25.9079858 ], [ 92.6400501, 25.9078736 ], [ 92.6400641, 25.9078055 ], [ 92.6400621, 25.9077542 ], [ 92.6400521, 25.9076969 ], [ 92.6400259, 25.9076269 ], [ 92.6399629, 25.907569 ], [ 92.6398817, 25.9075166 ], [ 92.6397986, 25.9074846 ], [ 92.6396698, 25.9074394 ], [ 92.6395854, 25.9074032 ], [ 92.639523, 25.9073597 ], [ 92.6394935, 25.9073278 ], [ 92.6394546, 25.9072379 ], [ 92.6394244, 25.9071661 ], [ 92.6393869, 25.9070907 ], [ 92.6393145, 25.9069882 ], [ 92.6392273, 25.9068844 ], [ 92.6390623, 25.906683 ], [ 92.6388699, 25.9064369 ], [ 92.6387291, 25.9062596 ], [ 92.6386493, 25.9061715 ], [ 92.6385675, 25.9061136 ], [ 92.6383965, 25.9060768 ], [ 92.6382248, 25.9060485 ], [ 92.6380994, 25.9060147 ], [ 92.6380143, 25.9059718 ], [ 92.6379345, 25.9059061 ], [ 92.6379123, 25.9058585 ], [ 92.6379143, 25.905812 ], [ 92.6379298, 25.9057746 ], [ 92.637974, 25.9057457 ], [ 92.6380578, 25.9057306 ], [ 92.6381993, 25.9057252 ], [ 92.638322, 25.9057179 ], [ 92.638426, 25.9057191 ], [ 92.6385259, 25.9057463 ], [ 92.6386607, 25.9058066 ], [ 92.6388759, 25.9059145 ], [ 92.6390516, 25.9060008 ], [ 92.6392166, 25.9060641 ], [ 92.6393346, 25.9061118 ], [ 92.639401, 25.906154 ], [ 92.6394472, 25.9062059 ], [ 92.6394707, 25.9062644 ], [ 92.6394626, 25.9063687 ], [ 92.6394539, 25.906461 ], [ 92.6394707, 25.9065642 ], [ 92.6395089, 25.906695 ], [ 92.6395384, 25.9067946 ], [ 92.6395968, 25.9068718 ], [ 92.6397087, 25.9069791 ], [ 92.639806, 25.9070431 ], [ 92.6399052, 25.9070756 ], [ 92.6400246, 25.9070919 ], [ 92.6401506, 25.9070877 ], [ 92.6402391, 25.9070943 ], [ 92.6403176, 25.9071221 ], [ 92.6403652, 25.9071553 ], [ 92.6404108, 25.9072198 ], [ 92.6404551, 25.9073097 ], [ 92.6405141, 25.9074424 ], [ 92.6405858, 25.9075787 ], [ 92.6406495, 25.9076613 ], [ 92.6407085, 25.9076963 ], [ 92.6408031, 25.9077259 ], [ 92.6409365, 25.9077277 ], [ 92.6410592, 25.9077439 ], [ 92.6411531, 25.9077868 ], [ 92.641251, 25.9078507 ], [ 92.6413207, 25.9079189 ], [ 92.6414482, 25.908101 ], [ 92.6415072, 25.9081975 ], [ 92.6415628, 25.9082639 ], [ 92.6416319, 25.9083001 ], [ 92.6416963, 25.9083043 ], [ 92.6417472, 25.9082922 ], [ 92.6417828, 25.9082615 ], [ 92.6418136, 25.908203 ], [ 92.6418277, 25.9081239 ], [ 92.6418438, 25.9080745 ], [ 92.6418646, 25.908051 ], [ 92.6419055, 25.9080425 ], [ 92.6419504, 25.9080504 ], [ 92.6419759, 25.9080751 ], [ 92.6419947, 25.9081071 ], [ 92.6420322, 25.9082247 ], [ 92.6420778, 25.9084044 ], [ 92.6421516, 25.9086047 ], [ 92.6422669, 25.9088146 ], [ 92.6424399, 25.9090365 ], [ 92.6425445, 25.9092006 ], [ 92.6426102, 25.9092983 ], [ 92.6427014, 25.9093851 ], [ 92.6427671, 25.9094189 ], [ 92.6428342, 25.9094346 ], [ 92.6429777, 25.9094286 ], [ 92.6431467, 25.9094008 ], [ 92.6433317, 25.9093936 ], [ 92.6435021, 25.9093936 ], [ 92.6436174, 25.9093948 ], [ 92.6437166, 25.9093743 ], [ 92.6437971, 25.9093369 ], [ 92.6438709, 25.9092754 ], [ 92.6439674, 25.9091813 ], [ 92.6440586, 25.9091137 ], [ 92.6441525, 25.9090908 ], [ 92.6442383, 25.909098 ], [ 92.6443255, 25.9091366 ], [ 92.644469, 25.9092114 ], [ 92.6446232, 25.9093007 ], [ 92.6447292, 25.9093502 ], [ 92.6448297, 25.9093743 ], [ 92.6449585, 25.9093791 ], [ 92.6450551, 25.9093658 ], [ 92.6451315, 25.9093248 ], [ 92.6452093, 25.9092524 ], [ 92.6452723, 25.9091511 ], [ 92.6453541, 25.9090425 ], [ 92.6454802, 25.9089255 ], [ 92.6456518, 25.9088037 ], [ 92.6457873, 25.9086831 ], [ 92.6458517, 25.9086119 ], [ 92.6459067, 25.9084949 ], [ 92.6459174, 25.9084177 ], [ 92.6458973, 25.9083103 ], [ 92.6458476, 25.9081644 ], [ 92.6457618, 25.9080401 ], [ 92.6456693, 25.9079376 ], [ 92.6455083, 25.9078242 ], [ 92.6453809, 25.9077289 ], [ 92.6453018, 25.9076842 ], [ 92.6451932, 25.9076661 ], [ 92.645041, 25.9076686 ], [ 92.64499, 25.9076571 ], [ 92.6449303, 25.9076203 ], [ 92.6448686, 25.9075612 ], [ 92.6447888, 25.9075045 ], [ 92.6447245, 25.9074786 ], [ 92.644587, 25.9074731 ], [ 92.644465, 25.9074979 ], [ 92.6443751, 25.9075353 ], [ 92.6442799, 25.9075805 ], [ 92.6442256, 25.9075962 ], [ 92.644184, 25.907598 ], [ 92.6441284, 25.9075787 ], [ 92.644074, 25.9075437 ], [ 92.6440264, 25.907484 ], [ 92.6440184, 25.9074484 ], [ 92.6440258, 25.9074134 ], [ 92.644064, 25.9073754 ], [ 92.6441243, 25.9073344 ], [ 92.644233, 25.9072898 ], [ 92.6443315, 25.9072451 ], [ 92.6444408, 25.907177 ], [ 92.6445293, 25.9071185 ], [ 92.644642, 25.907034 ], [ 92.644764, 25.9069707 ], [ 92.6449008, 25.9069206 ], [ 92.6450128, 25.9068754 ], [ 92.6450926, 25.906806 ], [ 92.6451369, 25.9067288 ], [ 92.6451677, 25.9065696 ], [ 92.6451898, 25.9065032 ], [ 92.6452334, 25.9064146 ], [ 92.6453421, 25.9062614 ], [ 92.6454239, 25.9061172 ], [ 92.6454809, 25.9060014 ], [ 92.6455251, 25.9059369 ], [ 92.6455593, 25.9059079 ], [ 92.6456264, 25.9059007 ], [ 92.6457766, 25.9059115 ], [ 92.6459757, 25.9059308 ], [ 92.6460958, 25.905961 ], [ 92.6462178, 25.9060165 ], [ 92.6463499, 25.9061027 ], [ 92.6464196, 25.9061281 ], [ 92.6464974, 25.9061401 ], [ 92.6465785, 25.9061232 ], [ 92.6466557, 25.9060901 ], [ 92.6467348, 25.9060515 ], [ 92.6467998, 25.9060442 ], [ 92.6468495, 25.9060599 ], [ 92.646889, 25.9060858 ], [ 92.6469232, 25.9061281 ], [ 92.6469433, 25.9061739 ], [ 92.6469393, 25.9062716 ], [ 92.6469319, 25.9064284 ], [ 92.6469219, 25.9066751 ], [ 92.6469219, 25.9068163 ], [ 92.64694, 25.9069031 ], [ 92.6470097, 25.9070117 ], [ 92.6471418, 25.9072059 ], [ 92.647239, 25.9073664 ], [ 92.6473289, 25.9074562 ], [ 92.6474027, 25.9075015 ], [ 92.6474637, 25.9075274 ], [ 92.6475549, 25.9075328 ], [ 92.6476635, 25.9075141 ], [ 92.6477741, 25.9074997 ], [ 92.6478955, 25.9074997 ], [ 92.647972, 25.907496 ], [ 92.64804, 25.9074777 ], [ 92.6481094, 25.9074345 ], [ 92.6482248, 25.9073706 ], [ 92.6483186, 25.907335 ], [ 92.6483951, 25.9073278 ], [ 92.6484648, 25.9073447 ], [ 92.6485017, 25.9073802 ], [ 92.6485325, 25.9074243 ], [ 92.6485399, 25.9074888 ], [ 92.6485225, 25.9076028 ], [ 92.6485225, 25.9076993 ], [ 92.6485352, 25.9077777 ], [ 92.6485842, 25.9078712 ], [ 92.6486646, 25.9079448 ], [ 92.648786, 25.9080087 ], [ 92.6488665, 25.9080298 ], [ 92.6490375, 25.9080359 ], [ 92.6492507, 25.9080504 ], [ 92.6494425, 25.9080715 ], [ 92.6495598, 25.9080745 ], [ 92.649639, 25.9080612 ], [ 92.6496953, 25.9080341 ], [ 92.6497275, 25.9080063 ], [ 92.6497483, 25.9079388 ], [ 92.6497596, 25.9078543 ], [ 92.6497643, 25.9077663 ], [ 92.6497764, 25.9076981 ], [ 92.6498073, 25.9076595 ], [ 92.6498542, 25.9076444 ], [ 92.6499622, 25.90763 ], [ 92.650052, 25.9075956 ], [ 92.6501305, 25.907525 ], [ 92.6502277, 25.9074484 ], [ 92.650288, 25.9074188 ], [ 92.6503625, 25.907408 ], [ 92.6505107, 25.9074014 ], [ 92.6506066, 25.907376 ], [ 92.6506917, 25.9073284 ], [ 92.6508319, 25.9071939 ], [ 92.6509224, 25.9070762 ], [ 92.6509854, 25.9069773 ], [ 92.6510189, 25.9068627 ], [ 92.6510163, 25.9067216 ], [ 92.6510216, 25.9066287 ], [ 92.6510458, 25.9065346 ], [ 92.6511115, 25.9064284 ], [ 92.651149, 25.9063512 ], [ 92.651141, 25.9062885 ], [ 92.6510887, 25.9062089 ], [ 92.651027, 25.9061727 ], [ 92.6508862, 25.9061377 ], [ 92.6507896, 25.9061377 ], [ 92.6506957, 25.906122 ], [ 92.6505917, 25.9060611 ], [ 92.6505308, 25.905958 ], [ 92.6504959, 25.9058325 ], [ 92.6504664, 25.9057445 ], [ 92.6503819, 25.9056299 ], [ 92.6502961, 25.9055526 ], [ 92.6502384, 25.9054622 ], [ 92.6502129, 25.905385 ], [ 92.650217, 25.9052824 ], [ 92.6502398, 25.9052028 ], [ 92.6503189, 25.9050894 ], [ 92.6503859, 25.9050001 ], [ 92.6504865, 25.9048807 ], [ 92.6505804, 25.9047926 ], [ 92.650677, 25.9047444 ], [ 92.6507775, 25.9047372 ], [ 92.6508814, 25.9047583 ], [ 92.6509841, 25.9048228 ], [ 92.6511061, 25.9049 ], [ 92.6512355, 25.9049639 ], [ 92.6513482, 25.90497 ], [ 92.6514327, 25.9049543 ], [ 92.6515024, 25.9049296 ], [ 92.651548, 25.9049253 ], [ 92.6516043, 25.9049368 ], [ 92.6516466, 25.9049585 ], [ 92.6517183, 25.9050158 ], [ 92.6517854, 25.9050822 ], [ 92.6519376, 25.9052492 ], [ 92.6521113, 25.9054314 ], [ 92.6523285, 25.9057167 ], [ 92.6524546, 25.9059025 ], [ 92.6525894, 25.9060563 ], [ 92.6526611, 25.9061631 ], [ 92.6527121, 25.9062644 ], [ 92.6527778, 25.9063784 ], [ 92.6528449, 25.906455 ], [ 92.6529226, 25.9065225 ], [ 92.6529984, 25.9066003 ], [ 92.6530527, 25.9066619 ], [ 92.6530842, 25.9067355 ], [ 92.6531077, 25.9068265 ], [ 92.6531412, 25.9069242 ], [ 92.6532318, 25.9070636 ], [ 92.6533545, 25.9072252 ], [ 92.6534879, 25.9073833 ], [ 92.6535858, 25.9074798 ], [ 92.653679, 25.9075322 ], [ 92.653781, 25.907592 ], [ 92.6538782, 25.9076318 ], [ 92.653958, 25.9076486 ], [ 92.6540814, 25.9076583 ], [ 92.6542088, 25.9076752 ], [ 92.6542852, 25.9076987 ], [ 92.6543804, 25.9077446 ], [ 92.6544991, 25.9078091 ], [ 92.6545809, 25.9078392 ], [ 92.6546393, 25.9078459 ], [ 92.6546882, 25.9078435 ], [ 92.6547586, 25.9078218 ], [ 92.6548572, 25.9077994 ], [ 92.6549537, 25.907797 ], [ 92.6550496, 25.9078157 ], [ 92.655116, 25.9078483 ], [ 92.6551858, 25.9078965 ], [ 92.6552823, 25.9079852 ], [ 92.6553527, 25.9080697 ], [ 92.6554184, 25.9081191 ], [ 92.6554795, 25.9081396 ], [ 92.6555338, 25.9081396 ], [ 92.6556028, 25.9081203 ], [ 92.6556665, 25.9080847 ], [ 92.655747, 25.9080105 ], [ 92.6558114, 25.9079466 ], [ 92.6558878, 25.9079044 ], [ 92.6559898, 25.9078778 ], [ 92.656097, 25.9078935 ], [ 92.656199, 25.9079424 ], [ 92.6562653, 25.9079967 ], [ 92.6563264, 25.9080262 ], [ 92.6563847, 25.9080371 ], [ 92.6564471, 25.9080286 ], [ 92.656486, 25.9079979 ], [ 92.6565088, 25.9079484 ], [ 92.6565101, 25.9078821 ], [ 92.6564813, 25.9078019 ], [ 92.6564504, 25.9077373 ], [ 92.6564209, 25.9076752 ], [ 92.6564169, 25.9076137 ], [ 92.6564256, 25.9075654 ], [ 92.6564679, 25.9075045 ], [ 92.6565678, 25.9074333 ], [ 92.6566851, 25.9073881 ], [ 92.6568219, 25.907367 ], [ 92.6569647, 25.9073917 ], [ 92.6571733, 25.907452 ], [ 92.657302, 25.9074852 ], [ 92.6574019, 25.9074936 ], [ 92.6574884, 25.9074767 ], [ 92.6575582, 25.9074484 ], [ 92.6576065, 25.9073869 ], [ 92.6576145, 25.907329 ], [ 92.657589, 25.9072536 ], [ 92.6575595, 25.9072035 ], [ 92.657469, 25.9071136 ], [ 92.6572423, 25.9069731 ], [ 92.657019, 25.9068211 ], [ 92.6569091, 25.906724 ], [ 92.6568642, 25.9066649 ], [ 92.6568192, 25.9065726 ], [ 92.6568098, 25.906505 ], [ 92.6568232, 25.9064652 ], [ 92.6568648, 25.9064134 ], [ 92.6569245, 25.9063904 ], [ 92.6569996, 25.9063868 ], [ 92.6571243, 25.9064158 ], [ 92.6572913, 25.9064785 ], [ 92.6574804, 25.9065841 ], [ 92.6576152, 25.9066751 ], [ 92.6576923, 25.9067131 ], [ 92.6577526, 25.9067294 ], [ 92.6578324, 25.9067228 ], [ 92.6579203, 25.9066896 ], [ 92.6580939, 25.9066293 ], [ 92.658169, 25.9066209 ], [ 92.6582281, 25.9066317 ], [ 92.6582824, 25.9066631 ], [ 92.6583239, 25.9067119 ], [ 92.658342, 25.9067747 ], [ 92.6583427, 25.9068663 ], [ 92.65834, 25.9069749 ], [ 92.6583548, 25.9070756 ], [ 92.6583823, 25.9071257 ], [ 92.6584178, 25.9071577 ], [ 92.6584755, 25.9071842 ], [ 92.6585264, 25.9071902 ], [ 92.658619, 25.9071722 ], [ 92.6587075, 25.9071342 ], [ 92.6588047, 25.9071046 ], [ 92.6588765, 25.9071022 ], [ 92.6589181, 25.9071203 ], [ 92.6589563, 25.9071535 ], [ 92.6590059, 25.9072337 ], [ 92.6590595, 25.907341 ], [ 92.6591246, 25.9074261 ], [ 92.6592205, 25.9075214 ], [ 92.659256, 25.9075733 ], [ 92.6592781, 25.9076215 ], [ 92.6592828, 25.9076776 ], [ 92.6592634, 25.9077832 ], [ 92.6592258, 25.907914 ], [ 92.6592265, 25.9079876 ], [ 92.659254, 25.9081143 ], [ 92.6593184, 25.9082645 ], [ 92.659421, 25.9084032 ], [ 92.6595034, 25.9084599 ], [ 92.6596034, 25.9084997 ], [ 92.6596939, 25.9085082 ], [ 92.6598414, 25.9085106 ], [ 92.6599782, 25.9084985 ], [ 92.660121, 25.9085172 ], [ 92.6602873, 25.9085914 ], [ 92.6603959, 25.9086433 ], [ 92.6604818, 25.9086662 ], [ 92.6605462, 25.9086638 ], [ 92.6606145, 25.9086414 ], [ 92.6606695, 25.9085872 ], [ 92.6607158, 25.9085075 ], [ 92.6607627, 25.9084406 ], [ 92.6608137, 25.9084092 ], [ 92.6608774, 25.9084062 ], [ 92.6609223, 25.9084207 ], [ 92.6609572, 25.9084515 ], [ 92.6609834, 25.9085401 ], [ 92.6609974, 25.9086632 ], [ 92.6610062, 25.9088049 ], [ 92.6610497, 25.9089448 ], [ 92.6611094, 25.9090347 ], [ 92.6611952, 25.9091167 ], [ 92.6613468, 25.9091915 ], [ 92.6615117, 25.9092428 ], [ 92.6616418, 25.909285 ], [ 92.6617337, 25.9092971 ], [ 92.6617974, 25.9092862 ], [ 92.6618772, 25.9092458 ], [ 92.6619349, 25.9091909 ], [ 92.6619771, 25.9091167 ], [ 92.6620033, 25.9090522 ], [ 92.6620522, 25.9089985 ], [ 92.6621018, 25.9089762 ], [ 92.6621528, 25.908981 ], [ 92.6622212, 25.9090064 ], [ 92.6622695, 25.9090576 ], [ 92.6623097, 25.909136 ], [ 92.6623667, 25.9092953 ], [ 92.6624324, 25.9094702 ], [ 92.6624874, 25.9096174 ], [ 92.6624995, 25.9097181 ], [ 92.6625149, 25.9099014 ], [ 92.6625437, 25.910048 ], [ 92.662586, 25.9101421 ], [ 92.6626912, 25.9102742 ], [ 92.6627979, 25.9103454 ], [ 92.6629293, 25.910402 ], [ 92.663103, 25.9104539 ], [ 92.6632317, 25.9104666 ], [ 92.6633484, 25.9104473 ], [ 92.6634376, 25.9104014 ], [ 92.6635127, 25.9103194 ], [ 92.6635663, 25.9102404 ], [ 92.6636387, 25.9101716 ], [ 92.6637199, 25.9101475 ], [ 92.6638138, 25.9101409 ], [ 92.6638962, 25.9101614 ], [ 92.663976, 25.9102109 ], [ 92.6641256, 25.9103803 ], [ 92.6642536, 25.9105269 ], [ 92.6643442, 25.9105878 ], [ 92.6644863, 25.9106276 ], [ 92.6645963, 25.9106367 ], [ 92.6646868, 25.9106198 ], [ 92.664837, 25.9105649 ], [ 92.6650127, 25.9104973 ], [ 92.6651026, 25.9104829 ], [ 92.6652293, 25.9105142 ], [ 92.6654667, 25.9105794 ], [ 92.6656021, 25.9106343 ], [ 92.6657845, 25.9107663 ], [ 92.665922, 25.9109352 ], [ 92.6661258, 25.9111548 ], [ 92.6662559, 25.9112374 ], [ 92.6663766, 25.9112778 ], [ 92.6664524, 25.9113001 ], [ 92.6665345, 25.9112944 ], [ 92.6666133, 25.9112682 ], [ 92.6668011, 25.9111916 ], [ 92.666913, 25.9111605 ], [ 92.6670478, 25.9111515 ], [ 92.6671628, 25.9111632 ], [ 92.667257, 25.9111635 ], [ 92.6673174, 25.9111442 ], [ 92.6673855, 25.9110951 ], [ 92.6674227, 25.9110453 ], [ 92.6674451, 25.910982 ], [ 92.667477, 25.910899 ], [ 92.66754, 25.9108249 ], [ 92.6676366, 25.9107537 ], [ 92.6677868, 25.910656 ], [ 92.6678693, 25.9105794 ], [ 92.6679055, 25.9105209 ], [ 92.6679155, 25.9104515 ], [ 92.6678954, 25.910396 ], [ 92.6678471, 25.9103381 ], [ 92.6676741, 25.9101511 ], [ 92.6675152, 25.9099744 ], [ 92.6673529, 25.9097724 ], [ 92.6672718, 25.9096753 ], [ 92.6672054, 25.9096059 ], [ 92.6671638, 25.9095468 ], [ 92.6671511, 25.9094786 ], [ 92.6671685, 25.9094255 ], [ 92.6672, 25.9093882 ], [ 92.6672631, 25.9093592 ], [ 92.6673402, 25.909352 ], [ 92.6674495, 25.9093616 ], [ 92.6675286, 25.9093821 ], [ 92.6676104, 25.9094304 ], [ 92.6676587, 25.9094847 ], [ 92.6677385, 25.9096553 ], [ 92.6677895, 25.9097597 ], [ 92.6678786, 25.90994 ], [ 92.6679222, 25.9099943 ], [ 92.668006, 25.9100776 ], [ 92.6680872, 25.9101143 ], [ 92.6682112, 25.9101505 ], [ 92.6683185, 25.9101729 ], [ 92.6684754, 25.9102018 ], [ 92.668686, 25.9102362 ], [ 92.6688161, 25.9102549 ], [ 92.6688932, 25.9102688 ], [ 92.6689737, 25.9103134 ], [ 92.6690883, 25.9103876 ], [ 92.6692633, 25.9104829 ], [ 92.669374, 25.9105251 ], [ 92.6694638, 25.9105432 ], [ 92.6695879, 25.9105559 ], [ 92.6697394, 25.9105408 ], [ 92.6698789, 25.9105166 ], [ 92.6699527, 25.9105185 ], [ 92.6700311, 25.910545 ], [ 92.6701377, 25.9106071 ], [ 92.6702578, 25.9107018 ], [ 92.6703516, 25.9107772 ], [ 92.6704502, 25.9108315 ], [ 92.6705407, 25.9108556 ], [ 92.6706393, 25.9108743 ], [ 92.6707607, 25.9108665 ], [ 92.6708525, 25.9108526 ], [ 92.6709887, 25.9108086 ], [ 92.6711141, 25.9107223 ], [ 92.6712562, 25.9106162 ], [ 92.6713749, 25.9105112 ], [ 92.6714292, 25.9104714 ], [ 92.6715016, 25.9104419 ], [ 92.6715848, 25.910431 ], [ 92.6717129, 25.9104413 ], [ 92.6718751, 25.9104449 ], [ 92.6719965, 25.9104406 ], [ 92.6721474, 25.9104533 ], [ 92.6722855, 25.9104696 ], [ 92.6724102, 25.9104587 ], [ 92.6724967, 25.9104153 ], [ 92.6725671, 25.910355 ], [ 92.672649, 25.9102802 ], [ 92.6727435, 25.9102012 ], [ 92.6728226, 25.9101662 ], [ 92.6729715, 25.9101113 ], [ 92.6731633, 25.9100383 ], [ 92.6732907, 25.9100154 ], [ 92.6733812, 25.9100209 ], [ 92.6734576, 25.9100492 ], [ 92.6735683, 25.9101638 ], [ 92.6736655, 25.9102428 ], [ 92.6737212, 25.9102736 ], [ 92.6738043, 25.9102802 ], [ 92.6738955, 25.9102573 ], [ 92.6739639, 25.9102277 ], [ 92.674041, 25.9101722 ], [ 92.6741604, 25.9100456 ], [ 92.6742214, 25.9099678 ], [ 92.6742737, 25.9098888 ], [ 92.6743206, 25.9098411 ], [ 92.6743957, 25.9097953 ], [ 92.6745097, 25.9097573 ], [ 92.674611, 25.9097488 ], [ 92.6746894, 25.9097621 ], [ 92.6747364, 25.9097965 ], [ 92.6747746, 25.9098508 ], [ 92.674792, 25.909925 ], [ 92.6748034, 25.910042 ], [ 92.6748222, 25.9101861 ], [ 92.6748464, 25.9102736 ], [ 92.6749375, 25.9104684 ], [ 92.6750133, 25.9105812 ], [ 92.6751038, 25.9106891 ], [ 92.6751917, 25.9107489 ], [ 92.6753258, 25.9108049 ], [ 92.6754908, 25.9108809 ], [ 92.6755786, 25.9109479 ], [ 92.6756544, 25.9110354 ], [ 92.6757415, 25.9111337 ], [ 92.675871, 25.9112754 ], [ 92.6760748, 25.9114105 ], [ 92.6762089, 25.9115317 ], [ 92.676282, 25.9116071 ], [ 92.6763175, 25.9116904 ], [ 92.6763209, 25.9117519 ], [ 92.6762988, 25.9119045 ], [ 92.6762652, 25.9120293 ], [ 92.6762585, 25.9120896 ], [ 92.6762787, 25.9121843 ], [ 92.6763149, 25.912273 ], [ 92.6763759, 25.9123442 ], [ 92.6764409, 25.9123773 ], [ 92.676504, 25.9123864 ], [ 92.6765636, 25.9123816 ], [ 92.6766079, 25.9123496 ], [ 92.6766595, 25.912279 ], [ 92.6766931, 25.9121602 ], [ 92.67674, 25.9119871 ], [ 92.6767903, 25.9118261 ], [ 92.6768345, 25.9117332 ], [ 92.6768848, 25.9116463 ], [ 92.6769619, 25.9115571 ], [ 92.6771021, 25.9114708 ], [ 92.6771812, 25.911437 ], [ 92.6773301, 25.911419 ], [ 92.6774628, 25.9114135 ], [ 92.6776312, 25.9114401 ], [ 92.6779034, 25.9115197 ], [ 92.6782246, 25.9116156 ], [ 92.6785317, 25.9116904 ], [ 92.6787691, 25.9117356 ], [ 92.6790219, 25.9117621 ], [ 92.6793598, 25.9117959 ], [ 92.6796388, 25.9118249 ], [ 92.67973, 25.9118484 ], [ 92.6798453, 25.9118936 ], [ 92.6799338, 25.9119515 ], [ 92.680017, 25.9120384 ], [ 92.6800746, 25.9121379 ], [ 92.6801886, 25.9124328 ], [ 92.6802684, 25.9126391 ], [ 92.6803207, 25.9127627 ], [ 92.6803637, 25.9128315 ], [ 92.6804186, 25.9128653 ], [ 92.680477, 25.9128749 ], [ 92.6805749, 25.9128659 ], [ 92.6806855, 25.9128454 ], [ 92.6808424, 25.9128219 ], [ 92.680992, 25.9128164 ], [ 92.681171, 25.9128176 ], [ 92.6813896, 25.9128231 ], [ 92.6814862, 25.9128424 ], [ 92.6815807, 25.9128791 ], [ 92.6816498, 25.9129292 ], [ 92.6816853, 25.9129962 ], [ 92.6816913, 25.9130667 ], [ 92.6816873, 25.9131536 ], [ 92.6816531, 25.9133291 ], [ 92.6816491, 25.9134171 ], [ 92.6816605, 25.9134726 ], [ 92.6817061, 25.9135438 ], [ 92.6817524, 25.9135764 ], [ 92.6818395, 25.9136011 ], [ 92.6819569, 25.9135999 ], [ 92.6821151, 25.9135872 ], [ 92.6822244, 25.913589 ], [ 92.6823217, 25.9136288 ], [ 92.6824035, 25.9136837 ], [ 92.6824759, 25.9137079 ], [ 92.6825228, 25.9137175 ], [ 92.6825946, 25.9137085 ], [ 92.6826764, 25.9136717 ], [ 92.682834, 25.9135625 ], [ 92.6829198, 25.9135323 ], [ 92.6829996, 25.9135173 ], [ 92.6830848, 25.9135293 ], [ 92.6831525, 25.9135595 ], [ 92.6832088, 25.9135963 ], [ 92.683241, 25.9136463 ], [ 92.6832725, 25.9137253 ], [ 92.6833013, 25.9137706 ], [ 92.6833543, 25.9138068 ], [ 92.6834348, 25.9138399 ], [ 92.6835313, 25.9138454 ], [ 92.6836487, 25.913855 ], [ 92.6837479, 25.9138731 ], [ 92.6838063, 25.9139105 ], [ 92.6838378, 25.9139606 ], [ 92.68387, 25.9140335 ], [ 92.6839122, 25.9141934 ], [ 92.683937, 25.9144141 ], [ 92.6839437, 25.9145058 ], [ 92.6839276, 25.9146029 ], [ 92.6839229, 25.9147066 ], [ 92.6839357, 25.9148273 ], [ 92.6839712, 25.9149033 ], [ 92.6840436, 25.914978 ], [ 92.6841, 25.9150414 ], [ 92.684106, 25.9151077 ], [ 92.684098, 25.9151753 ], [ 92.6840591, 25.9152398 ], [ 92.6840094, 25.9153194 ], [ 92.6839679, 25.9154171 ], [ 92.6839793, 25.9154696 ], [ 92.6840188, 25.9155124 ], [ 92.6841067, 25.9155371 ], [ 92.6842032, 25.9155456 ], [ 92.6842944, 25.9155601 ], [ 92.6843669, 25.915589 ], [ 92.6844299, 25.9156264 ], [ 92.6844916, 25.9156897 ], [ 92.68457, 25.9157784 ], [ 92.6846673, 25.9158755 ], [ 92.6847477, 25.9159201 ], [ 92.6848362, 25.9159491 ], [ 92.6849455, 25.9159708 ], [ 92.6850528, 25.9159895 ], [ 92.6851628, 25.9160389 ], [ 92.6852627, 25.9160926 ], [ 92.6853988, 25.9161541 ], [ 92.6855269, 25.9161837 ], [ 92.685712, 25.9162211 ], [ 92.6858488, 25.9162784 ], [ 92.6859105, 25.9163308 ], [ 92.6859487, 25.9164086 ], [ 92.6859585, 25.9164851 ], [ 92.6859393, 25.9165528 ], [ 92.6858722, 25.9166577 ], [ 92.6857348, 25.9168435 ], [ 92.685655, 25.9169454 ], [ 92.6855806, 25.9170105 ], [ 92.6855162, 25.9170226 ], [ 92.6854619, 25.9170142 ], [ 92.6853988, 25.9169671 ], [ 92.6853586, 25.916899 ], [ 92.6853445, 25.916826 ], [ 92.6853184, 25.916674 ], [ 92.6852868, 25.9166167 ], [ 92.6852238, 25.9165703 ], [ 92.6851447, 25.9165395 ], [ 92.6850763, 25.9165546 ], [ 92.6849992, 25.9165974 ], [ 92.6849509, 25.9166764 ], [ 92.684912, 25.9167765 ], [ 92.6848698, 25.9169116 ], [ 92.6848389, 25.9169937 ], [ 92.6847859, 25.9170974 ], [ 92.6847323, 25.9171752 ], [ 92.6846746, 25.9172277 ], [ 92.6846284, 25.917253 ], [ 92.6845586, 25.9172602 ], [ 92.6845171, 25.9172536 ], [ 92.6844466, 25.9172259 ], [ 92.6843843, 25.9171897 ], [ 92.6843306, 25.9171746 ], [ 92.6842817, 25.917177 ], [ 92.6842361, 25.9171897 ], [ 92.6841985, 25.9172126 ], [ 92.6841657, 25.9172536 ], [ 92.6841348, 25.9173169 ], [ 92.6840906, 25.9173821 ], [ 92.6840349, 25.9174164 ], [ 92.6839659, 25.9174376 ], [ 92.6839062, 25.9174261 ], [ 92.6838525, 25.9173983 ], [ 92.6837607, 25.9173019 ], [ 92.6836755, 25.9172289 ], [ 92.6836326, 25.9172102 ], [ 92.6835696, 25.9172029 ], [ 92.6835166, 25.9172138 ], [ 92.6834676, 25.9172331 ], [ 92.6834033, 25.9172717 ], [ 92.6833302, 25.9173145 ], [ 92.6832175, 25.9173573 ], [ 92.6831357, 25.9173724 ], [ 92.6830553, 25.9173652 ], [ 92.6829788, 25.9173471 ], [ 92.6828259, 25.9173169 ], [ 92.6827394, 25.9173151 ], [ 92.6825993, 25.9173338 ], [ 92.6824377, 25.9173332 ], [ 92.6823565, 25.9173139 ], [ 92.682266, 25.9172844 ], [ 92.6821802, 25.9172482 ], [ 92.6821064, 25.9172331 ], [ 92.6820407, 25.9172295 ], [ 92.6819877, 25.9172446 ], [ 92.6819314, 25.9172838 ], [ 92.6818959, 25.9173432 ], [ 92.6818717, 25.9174255 ], [ 92.6818771, 25.9174822 ], [ 92.6819187, 25.91756 ], [ 92.6819817, 25.9176492 ], [ 92.6820125, 25.9177023 ], [ 92.682028, 25.9177662 ], [ 92.6820286, 25.9178851 ], [ 92.6820286, 25.9179785 ], [ 92.6820387, 25.9180413 ], [ 92.6820602, 25.9180811 ], [ 92.6820856, 25.91811 ], [ 92.6821171, 25.9181239 ], [ 92.6821735, 25.9181269 ], [ 92.6822157, 25.9181052 ], [ 92.6822546, 25.9180726 ], [ 92.6822767, 25.9180226 ], [ 92.6822834, 25.9179315 ], [ 92.6822767, 25.9178555 ], [ 92.6822855, 25.9177861 ], [ 92.6823103, 25.9177409 ], [ 92.6823512, 25.9176999 ], [ 92.6823907, 25.9176788 ], [ 92.6824377, 25.9176697 ], [ 92.6825081, 25.9176764 ], [ 92.682614, 25.9177023 ], [ 92.6827307, 25.9177373 ], [ 92.6828742, 25.9177886 ], [ 92.6830921, 25.9178676 ], [ 92.6831773, 25.9179176 ], [ 92.6832068, 25.9179568 ], [ 92.6832169, 25.9180009 ], [ 92.6832021, 25.9180485 ], [ 92.6831511, 25.9181619 ], [ 92.6830908, 25.918306 ], [ 92.6830425, 25.9184809 ], [ 92.6830318, 25.9186058 ], [ 92.6830358, 25.9187083 ], [ 92.6830606, 25.9188313 ], [ 92.6830975, 25.9189514 ], [ 92.6831719, 25.9191045 ], [ 92.6832631, 25.9192384 ], [ 92.6833731, 25.9193627 ], [ 92.6834401, 25.91942 ], [ 92.6835421, 25.919464 ], [ 92.6836849, 25.9195243 ], [ 92.6837781, 25.9195774 ], [ 92.6838552, 25.9196341 ], [ 92.683933, 25.9197294 ], [ 92.6840068, 25.9198572 ], [ 92.6840745, 25.9199537 ], [ 92.6841717, 25.9200418 ], [ 92.6842924, 25.9201177 ], [ 92.6844433, 25.9202112 ], [ 92.6846243, 25.9203089 ], [ 92.6847558, 25.9204139 ], [ 92.6848201, 25.9205236 ], [ 92.6848711, 25.9206816 ], [ 92.6849127, 25.9208107 ], [ 92.684961, 25.9208939 ], [ 92.6850414, 25.920953 ], [ 92.6851661, 25.9209916 ], [ 92.6853231, 25.9210182 ], [ 92.6855806, 25.9210495 ], [ 92.6858405, 25.9210446 ], [ 92.6859413, 25.9210266 ], [ 92.686066, 25.9209663 ], [ 92.6861391, 25.9209042 ], [ 92.6862216, 25.9208409 ], [ 92.6862974, 25.9208053 ], [ 92.6863658, 25.9207992 ], [ 92.6864482, 25.9208179 ], [ 92.6864959, 25.9208391 ], [ 92.6865428, 25.9208927 ], [ 92.6865589, 25.9209645 ], [ 92.6865596, 25.9210797 ], [ 92.6865716, 25.9211677 ], [ 92.6865984, 25.9212238 ], [ 92.6866481, 25.9212823 ], [ 92.6867198, 25.9213384 ], [ 92.6868217, 25.9213836 ], [ 92.6869295, 25.9214161 ], [ 92.6870484, 25.9214415 ], [ 92.6871979, 25.9214391 ], [ 92.6872858, 25.9214452 ], [ 92.6873749, 25.9214675 ], [ 92.6874212, 25.9214994 ], [ 92.6874507, 25.9215447 ], [ 92.6874547, 25.9215839 ], [ 92.6874487, 25.9216568 ], [ 92.6874051, 25.921766 ], [ 92.6873012, 25.922 ], [ 92.6872194, 25.9221954 ], [ 92.6871805, 25.9223136 ], [ 92.6871684, 25.9224137 ], [ 92.6871657, 25.9225971 ], [ 92.6872207, 25.922942 ], [ 92.6872636, 25.9231422 ], [ 92.6872898, 25.9232297 ], [ 92.6873361, 25.9232942 ], [ 92.6873964, 25.9233304 ], [ 92.6874749, 25.9233503 ], [ 92.6875956, 25.9233449 ], [ 92.6876626, 25.9233165 ], [ 92.6877464, 25.9232737 ], [ 92.6878048, 25.9232321 ], [ 92.6878577, 25.9232128 ], [ 92.6879214, 25.9232032 ], [ 92.6879858, 25.9232176 ], [ 92.6880991, 25.9232671 ], [ 92.688185, 25.9233238 ], [ 92.6884096, 25.923483 ], [ 92.6887026, 25.9236814 ], [ 92.6888676, 25.9237845 ], [ 92.6889903, 25.9238418 ], [ 92.6890963, 25.9238684 ], [ 92.6891895, 25.923884 ], [ 92.6892726, 25.923878 ], [ 92.6893645, 25.9238623 ], [ 92.689518, 25.9238105 ], [ 92.6896314, 25.9237725 ], [ 92.6897326, 25.9237363 ] ] } },
{ "type": "Feature", "properties": { "asset_name": "OSM Way 366127973", "asset_type": "road", "osm_id": 366127973 }, "geometry": { "type": "LineString", "coordinates": [ [ 92.7016192, 25.9330001 ], [ 92.7016787, 25.9330555 ], [ 92.7019718, 25.9336006 ], [ 92.7038537, 25.9382587 ], [ 92.7044065, 25.9398015 ], [ 92.7051978, 25.9423504 ], [ 92.7052498, 25.9425743 ], [ 92.7052826, 25.9428522 ], [ 92.7055346, 25.9456815 ], [ 92.7055319, 25.9457961 ], [ 92.7054897, 25.9459101 ], [ 92.7051848, 25.9465407 ], [ 92.7044365, 25.9477029 ], [ 92.7041323, 25.9481687 ], [ 92.7036905, 25.9491365 ], [ 92.7036619, 25.9492445 ], [ 92.7036557, 25.9493677 ], [ 92.7040846, 25.9544751 ], [ 92.7044351, 25.9579673 ], [ 92.7044698, 25.958313 ], [ 92.7044945, 25.9584263 ], [ 92.7045649, 25.9585102 ], [ 92.7046887, 25.9585737 ], [ 92.7077343, 25.9600938 ], [ 92.7101739, 25.9613229 ], [ 92.7119638, 25.962337 ], [ 92.713526, 25.9632856 ], [ 92.7162656, 25.9648208 ], [ 92.7177342, 25.9656999 ], [ 92.718869, 25.9664172 ], [ 92.7200495, 25.9675226 ], [ 92.7202083, 25.9676657 ], [ 92.7205246, 25.9678667 ], [ 92.7245096, 25.9704837 ], [ 92.7246216, 25.9705841 ], [ 92.7247237, 25.9706926 ], [ 92.7252696, 25.9716596 ], [ 92.7257461, 25.9725035 ], [ 92.7261595, 25.9750448 ], [ 92.7261656, 25.9753136 ], [ 92.7261799, 25.975565 ], [ 92.7260359, 25.9771521 ], [ 92.7259296, 25.9783228 ], [ 92.725759, 25.9790982 ], [ 92.7256934, 25.9810318 ], [ 92.7256947, 25.9811646 ], [ 92.7257122, 25.9813079 ], [ 92.7262708, 25.9839422 ], [ 92.7262933, 25.9840483 ], [ 92.7262875, 25.9841678 ], [ 92.726174, 25.9845421 ], [ 92.7261508, 25.9850392 ], [ 92.7262086, 25.9857973 ], [ 92.7264937, 25.9870192 ], [ 92.7265574, 25.9872104 ], [ 92.726637, 25.9873542 ], [ 92.7277857, 25.9892691 ], [ 92.7299958, 25.9919501 ], [ 92.7341897, 25.996672 ], [ 92.7378483, 26.00132 ], [ 92.7380688, 26.0015194 ], [ 92.7383149, 26.0017034 ], [ 92.7440825, 26.005607 ], [ 92.744219, 26.0056746 ], [ 92.7443491, 26.0057222 ], [ 92.7466664, 26.0063545 ], [ 92.7468539, 26.0063744 ], [ 92.7471152, 26.0063998 ], [ 92.750115, 26.0064689 ], [ 92.750342, 26.0064359 ], [ 92.7505629, 26.0064123 ], [ 92.7521077, 26.0061021 ], [ 92.7522764, 26.0060546 ], [ 92.7524754, 26.0059618 ], [ 92.7544254, 26.0048623 ], [ 92.7546159, 26.0047089 ], [ 92.7550703, 26.0041609 ], [ 92.7551442, 26.0040841 ], [ 92.7552578, 26.0040323 ], [ 92.7557933, 26.0038884 ] ] } },
{ "type": "Feature", "properties": { "asset_name": "OSM Way 366128152", "asset_type": "road", "osm_id": 366128152 }, "geometry": { "type": "LineString", "coordinates": [ [ 92.7585761, 26.0059648 ], [ 92.7601245, 26.0046576 ] ] } },
{ "type": "Feature", "properties": { "asset_name": "OSM Way 366128961", "asset_type": "road", "osm_id": 366128961 }, "geometry": { "type": "LineString", "coordinates": [ [ 92.9009422, 26.0618165 ], [ 92.8975505, 26.0681158 ] ] } },
{ "type": "Feature", "properties": { "asset_name": "OSM Way 366128965", "asset_type": "road", "osm_id": 366128965 }, "geometry": { "type": "LineString", "coordinates": [ [ 92.8802352, 26.0900749 ], [ 92.8790122, 26.0912542 ], [ 92.8781537, 26.0920546 ], [ 92.8764448, 26.0936848 ], [ 92.8749444, 26.0951717 ], [ 92.8734808, 26.0966917 ], [ 92.873027, 26.0974003 ], [ 92.8727695, 26.0980355 ], [ 92.8726591, 26.0986522 ], [ 92.8726603, 26.0987359 ], [ 92.8726673, 26.0992397 ], [ 92.8727409, 26.0996105 ], [ 92.8728987, 26.1001706 ], [ 92.8732073, 26.1007929 ], [ 92.8739533, 26.1021908 ], [ 92.8744175, 26.1036281 ], [ 92.8746545, 26.1043757 ], [ 92.8750072, 26.10513 ], [ 92.8755333, 26.1058502 ], [ 92.8760652, 26.1068782 ], [ 92.8763543, 26.1076414 ], [ 92.8766839, 26.1088926 ], [ 92.8769325, 26.1100503 ], [ 92.876944, 26.1109432 ], [ 92.8769325, 26.1114416 ], [ 92.8767128, 26.1122775 ], [ 92.8764295, 26.1130718 ], [ 92.8758761, 26.1139396 ], [ 92.8756316, 26.1143229 ] ] } },
{ "type": "Feature", "properties": { "asset_name": "OSM Way 366128966", "asset_type": "road", "osm_id": 366128966 }, "geometry": { "type": "LineString", "coordinates": [ [ 92.8977055, 26.0681321 ], [ 92.8985446, 26.0665288 ], [ 92.8995749, 26.0646008 ], [ 92.9005642, 26.0627939 ], [ 92.9010464, 26.0618798 ] ] } },
{ "type": "Feature", "properties": { "asset_name": "OSM Way 384532045", "asset_type": "road", "osm_id": 384532045 }, "geometry": { "type": "LineString", "coordinates": [ [ 92.9398155, 25.8048405 ], [ 92.9398793, 25.8050387 ], [ 92.9399546, 25.80519 ], [ 92.9400299, 25.8054612 ], [ 92.9400589, 25.8055864 ], [ 92.9400763, 25.8057116 ], [ 92.9400067, 25.8061445 ], [ 92.9399256, 25.8063583 ], [ 92.939746, 25.8065096 ], [ 92.9389349, 25.8067235 ], [ 92.9378398, 25.8070051 ], [ 92.9363045, 25.8074694 ], [ 92.9346011, 25.8080066 ], [ 92.9335524, 25.8083926 ], [ 92.9328282, 25.8086325 ], [ 92.9317737, 25.809008 ], [ 92.931542, 25.8091266 ], [ 92.9311827, 25.8093106 ], [ 92.9301804, 25.8097956 ], [ 92.9292302, 25.8099991 ], [ 92.9279614, 25.8103016 ], [ 92.9271966, 25.8105102 ], [ 92.92682, 25.8106928 ], [ 92.9264086, 25.8108858 ], [ 92.9261131, 25.811084 ], [ 92.9256554, 25.8115847 ], [ 92.9245778, 25.8128521 ], [ 92.9238246, 25.8137596 ], [ 92.9234827, 25.8142343 ], [ 92.9233031, 25.8144898 ], [ 92.922886, 25.8153191 ], [ 92.9227122, 25.8157364 ], [ 92.9225963, 25.8160336 ], [ 92.9225673, 25.8163622 ], [ 92.9226195, 25.8168212 ], [ 92.9228512, 25.8179999 ], [ 92.9230308, 25.8189074 ], [ 92.9231235, 25.8198514 ], [ 92.923025, 25.8211135 ], [ 92.9228918, 25.8221879 ], [ 92.9225847, 25.8235491 ], [ 92.9221444, 25.8249363 ], [ 92.9218837, 25.8255465 ], [ 92.9214607, 25.8265999 ], [ 92.9207423, 25.8280654 ], [ 92.9203386, 25.8288867 ], [ 92.9201619, 25.8292102 ], [ 92.919974, 25.8295541 ], [ 92.9194414, 25.8304502 ], [ 92.9190727, 25.8311508 ], [ 92.9184418, 25.8319363 ], [ 92.9180321, 25.8325004 ], [ 92.9175282, 25.833201 ], [ 92.9171718, 25.8339422 ], [ 92.9163194, 25.8362663 ], [ 92.9159428, 25.837231 ], [ 92.9157979, 25.8378099 ], [ 92.9157458, 25.8383157 ], [ 92.9156357, 25.8394942 ], [ 92.9156299, 25.8405944 ], [ 92.9156763, 25.8417885 ], [ 92.9157574, 25.8428731 ], [ 92.9157805, 25.8441298 ], [ 92.9158037, 25.8450892 ], [ 92.9158095, 25.8454855 ], [ 92.9157863, 25.8458036 ], [ 92.9156067, 25.8464241 ], [ 92.9154141, 25.847115 ], [ 92.9152912, 25.8476828 ], [ 92.9151765, 25.8483317 ], [ 92.9149307, 25.849246 ], [ 92.9148651, 25.8495631 ], [ 92.9147996, 25.849777 ], [ 92.9147259, 25.8500056 ], [ 92.9145456, 25.8503742 ], [ 92.9143899, 25.8505733 ], [ 92.9142097, 25.8507651 ], [ 92.9139638, 25.8510084 ], [ 92.9138901, 25.8512444 ], [ 92.9138327, 25.8514803 ], [ 92.9138082, 25.8516204 ], [ 92.9138, 25.8517605 ], [ 92.9137836, 25.8519596 ], [ 92.9137672, 25.8521734 ], [ 92.9137426, 25.8525716 ], [ 92.9137346, 25.8526927 ], [ 92.9136197, 25.8527265 ], [ 92.9134558, 25.8526232 ], [ 92.9133002, 25.8524758 ], [ 92.9131035, 25.8522693 ], [ 92.9129069, 25.8519375 ], [ 92.9125955, 25.851554 ], [ 92.9113337, 25.8497253 ], [ 92.9105553, 25.8485013 ], [ 92.9101865, 25.8475734 ], [ 92.9099489, 25.847131 ], [ 92.9095392, 25.8465116 ], [ 92.9093098, 25.8461945 ], [ 92.9090394, 25.8459364 ], [ 92.9086215, 25.8457447 ], [ 92.9083102, 25.8456414 ], [ 92.908048, 25.8455161 ], [ 92.9074826, 25.8452727 ], [ 92.9068845, 25.8451474 ], [ 92.9061962, 25.8450146 ], [ 92.9046968, 25.8449778 ], [ 92.9032956, 25.8448672 ], [ 92.902591, 25.8448377 ], [ 92.9021239, 25.8448155 ], [ 92.9016651, 25.8447934 ], [ 92.9012144, 25.8447934 ], [ 92.9010752, 25.844786 ], [ 92.9010195, 25.8447892 ], [ 92.9008211, 25.8448008 ], [ 92.9006081, 25.8448229 ], [ 92.9001575, 25.8449778 ], [ 92.8981746, 25.8455972 ], [ 92.8969537, 25.8460839 ], [ 92.8950856, 25.8466001 ], [ 92.8947577, 25.8467529 ], [ 92.893709, 25.8472416 ], [ 92.8908003, 25.8483993 ], [ 92.8898662, 25.8487311 ], [ 92.8894848, 25.8488144 ], [ 92.8888992, 25.8489424 ], [ 92.8881208, 25.849053 ], [ 92.8874811, 25.8489799 ], [ 92.8873781, 25.8489665 ] ] } },
{ "type": "Feature", "properties": { "asset_name": "OSM Way 384532047", "asset_type": "road", "osm_id": 384532047 }, "geometry": { "type": "LineString", "coordinates": [ [ 92.5918163, 25.970688 ], [ 92.5932814, 25.9700493 ] ] } },
{ "type": "Feature", "properties": { "asset_name": "OSM Way 384532048", "asset_type": "road", "osm_id": 384532048 }, "geometry": { "type": "LineString", "coordinates": [ [ 92.939381, 25.8038077 ], [ 92.9398155, 25.8048405 ] ] } },
{ "type": "Feature", "properties": { "asset_name": "OSM Way 384532049", "asset_type": "road", "osm_id": 384532049 }, "geometry": { "type": "LineString", "coordinates": [ [ 92.8873781, 25.8489665 ], [ 92.8850482, 25.8486843 ] ] } },
{ "type": "Feature", "properties": { "asset_name": "OSM Way 384532050", "asset_type": "road", "osm_id": 384532050 }, "geometry": { "type": "LineString", "coordinates": [ [ 92.7463728, 25.8830588 ], [ 92.7466464, 25.8828539 ] ] } },
{ "type": "Feature", "properties": { "asset_name": "OSM Way 384532051", "asset_type": "road", "osm_id": 384532051 }, "geometry": { "type": "LineString", "coordinates": [ [ 92.7466464, 25.8828539 ], [ 92.7467117, 25.8827667 ], [ 92.7468253, 25.8825619 ], [ 92.7469217, 25.882363 ], [ 92.7470481, 25.8821022 ], [ 92.7471576, 25.8818582 ], [ 92.7472663, 25.8815154 ], [ 92.7473362, 25.8813453 ], [ 92.74739, 25.8812554 ], [ 92.7475283, 25.8810446 ], [ 92.7478204, 25.8806386 ], [ 92.7480784, 25.8803722 ], [ 92.7482876, 25.880057 ], [ 92.7484153, 25.8798663 ], [ 92.7485457, 25.8796341 ], [ 92.7486217, 25.8793775 ], [ 92.7487358, 25.8789718 ], [ 92.7489097, 25.8783486 ], [ 92.7490265, 25.8780724 ], [ 92.7491705, 25.8777962 ], [ 92.7493199, 25.8775885 ], [ 92.7496676, 25.8771901 ], [ 92.7498197, 25.876997 ], [ 92.7500587, 25.8765228 ], [ 92.7502462, 25.8761489 ], [ 92.7504445, 25.8758043 ], [ 92.7506455, 25.8754817 ], [ 92.7510421, 25.8750564 ], [ 92.7513898, 25.8747362 ], [ 92.7517457, 25.8744673 ], [ 92.7522183, 25.8741252 ], [ 92.7529029, 25.8735923 ], [ 92.7534543, 25.8731622 ], [ 92.7542285, 25.8725169 ], [ 92.7546496, 25.8720672 ], [ 92.7549429, 25.8716712 ], [ 92.7552119, 25.8713657 ], [ 92.7556384, 25.8708328 ], [ 92.7559154, 25.8704638 ], [ 92.7561599, 25.8701998 ], [ 92.7564044, 25.8700262 ], [ 92.7568173, 25.8698429 ], [ 92.7570944, 25.8697012 ], [ 92.7574421, 25.8695252 ], [ 92.7579691, 25.8690559 ], [ 92.7583657, 25.8686941 ], [ 92.7589742, 25.8683373 ], [ 92.7596071, 25.8679413 ], [ 92.7602129, 25.8675551 ], [ 92.7608404, 25.867164 ], [ 92.761017, 25.8669611 ], [ 92.761093, 25.8668438 ], [ 92.761218, 25.866614 ], [ 92.7612995, 25.8663892 ], [ 92.7612451, 25.865849 ], [ 92.7612968, 25.8655923 ], [ 92.7614136, 25.8651499 ], [ 92.761601, 25.8647172 ], [ 92.7618047, 25.8644361 ], [ 92.7618971, 25.8643164 ], [ 92.7620546, 25.8642039 ], [ 92.7626387, 25.8638544 ], [ 92.7631548, 25.8635562 ], [ 92.7637361, 25.8632042 ], [ 92.7643093, 25.8629231 ], [ 92.764676, 25.8627006 ], [ 92.7650183, 25.8624195 ], [ 92.7652546, 25.8621507 ], [ 92.7654421, 25.8618207 ], [ 92.7656893, 25.861432 ], [ 92.7659331, 25.861334 ], [ 92.7662485, 25.861275 ], [ 92.7666131, 25.8612787 ], [ 92.7669737, 25.8613451 ], [ 92.7671785, 25.8613893 ], [ 92.7673588, 25.8614262 ], [ 92.7675759, 25.8614962 ], [ 92.767834, 25.8615773 ], [ 92.7680962, 25.8616547 ], [ 92.7691614, 25.861957 ], [ 92.7698374, 25.8621119 ], [ 92.7702593, 25.8621782 ], [ 92.7704683, 25.8622188 ], [ 92.7706608, 25.8622483 ], [ 92.7708452, 25.8622962 ], [ 92.7709517, 25.8623589 ], [ 92.7710787, 25.86244 ], [ 92.7714187, 25.8627939 ], [ 92.7726683, 25.8639735 ], [ 92.7734713, 25.8647403 ], [ 92.7738932, 25.8650352 ], [ 92.7754705, 25.8657541 ], [ 92.7761752, 25.8661154 ], [ 92.7767897, 25.8665098 ], [ 92.7778385, 25.867166 ], [ 92.7793461, 25.867907 ], [ 92.7803949, 25.8683825 ], [ 92.7807841, 25.8685152 ], [ 92.780866, 25.8685205 ], [ 92.7810709, 25.8685336 ], [ 92.7812471, 25.868471 ], [ 92.7815625, 25.8683161 ], [ 92.7820173, 25.868047 ], [ 92.7824475, 25.8678111 ], [ 92.7826687, 25.8677337 ], [ 92.7829104, 25.8676747 ], [ 92.7838199, 25.8675309 ], [ 92.7848441, 25.8674056 ], [ 92.7857372, 25.8674535 ], [ 92.7864132, 25.8675678 ], [ 92.7879208, 25.8678332 ], [ 92.7888017, 25.8679401 ], [ 92.7896743, 25.8679586 ], [ 92.7901331, 25.8678809 ] ] } },
{ "type": "Feature", "properties": { "asset_name": "a3", "asset_type": "road", "osm_id": 384532052 }, "geometry": { "type": "LineString", "coordinates": [ [ 92.5932814, 25.9700493 ], [ 92.5937304, 25.9698896 ], [ 92.5940116, 25.9698586 ], [ 92.5941842, 25.9698586 ], [ 92.5943322, 25.9698896 ], [ 92.5946666, 25.9700632 ], [ 92.5948294, 25.9701733 ], [ 92.595461, 25.9705458 ], [ 92.5958566, 25.970787 ], [ 92.5960967, 25.9709979 ], [ 92.596432, 25.971309 ], [ 92.5966962, 25.9715128 ], [ 92.5969791, 25.9716599 ], [ 92.5974995, 25.9720179 ], [ 92.5980239, 25.9724242 ], [ 92.5990634, 25.9731232 ], [ 92.5999415, 25.9736465 ], [ 92.6004743, 25.9739658 ], [ 92.60093, 25.9742363 ], [ 92.6013042, 25.9743895 ], [ 92.6016386, 25.9745069 ], [ 92.602019, 25.9746523 ], [ 92.6024951, 25.9748404 ], [ 92.6036699, 25.9752539 ], [ 92.6042238, 25.9754649 ], [ 92.6049708, 25.9758989 ], [ 92.6057339, 25.9763607 ], [ 92.60621, 25.9766729 ], [ 92.6065224, 25.9768272 ], [ 92.6067464, 25.9768863 ], [ 92.606957, 25.9769237 ], [ 92.6071836, 25.9769291 ], [ 92.6074626, 25.9768917 ], [ 92.6079675, 25.9768055 ], [ 92.6083963, 25.9767317 ], [ 92.6087367, 25.9766652 ], [ 92.6090426, 25.9765898 ], [ 92.6092202, 25.9765588 ], [ 92.609531, 25.9765189 ], [ 92.6098467, 25.9764302 ], [ 92.6102611, 25.9763725 ], [ 92.6107989, 25.9762749 ], [ 92.6109814, 25.9762661 ], [ 92.6111787, 25.9762705 ], [ 92.6113366, 25.9763148 ], [ 92.6114994, 25.9763725 ], [ 92.6116425, 25.9764479 ], [ 92.6119631, 25.9767317 ], [ 92.6121111, 25.9769313 ], [ 92.6122345, 25.977051 ], [ 92.6123529, 25.977153 ], [ 92.6124861, 25.9772595 ], [ 92.612639, 25.9774191 ], [ 92.6130534, 25.9778582 ], [ 92.6132014, 25.9780844 ], [ 92.6133149, 25.9781864 ], [ 92.6134333, 25.9783238 ], [ 92.6135862, 25.9784569 ], [ 92.6137638, 25.9785855 ], [ 92.6139414, 25.9786919 ], [ 92.6140844, 25.978825 ], [ 92.6141288, 25.978958 ], [ 92.6142226, 25.9791931 ], [ 92.6142818, 25.9794015 ], [ 92.6143064, 25.9796188 ], [ 92.6143508, 25.9800756 ], [ 92.6144791, 25.9803195 ], [ 92.6146863, 25.9806344 ], [ 92.6148442, 25.9807763 ], [ 92.6149724, 25.9808827 ], [ 92.6151106, 25.9810601 ], [ 92.6158506, 25.9815657 ], [ 92.6167632, 25.9822442 ], [ 92.6174046, 25.9826921 ], [ 92.6180114, 25.9830203 ], [ 92.618332, 25.9831533 ], [ 92.618554, 25.9832154 ], [ 92.6186872, 25.983242 ], [ 92.6196788, 25.9833218 ], [ 92.6203103, 25.9834105 ], [ 92.6209072, 25.9835169 ], [ 92.6213561, 25.98365 ], [ 92.6224513, 25.9839338 ], [ 92.6243013, 25.9844793 ], [ 92.6249555, 25.9846826 ], [ 92.6253594, 25.9848081 ], [ 92.626028, 25.9850158 ], [ 92.6276658, 25.9855036 ], [ 92.629432, 25.9860713 ], [ 92.6311537, 25.986599 ], [ 92.6325037, 25.9871601 ], [ 92.6329851, 25.9873458 ], [ 92.6332252, 25.9874338 ], [ 92.6334746, 25.9875121 ], [ 92.6337093, 25.9875676 ], [ 92.6337863, 25.9875774 ], [ 92.6342672, 25.9876387 ], [ 92.6346563, 25.9876854 ], [ 92.6356874, 25.9877431 ], [ 92.6363879, 25.9876987 ], [ 92.6367481, 25.9876056 ], [ 92.6378186, 25.9872021 ], [ 92.6383908, 25.9869537 ], [ 92.6385416, 25.9868228 ], [ 92.6386323, 25.9866252 ], [ 92.6388381, 25.986111 ], [ 92.6389602, 25.9858005 ], [ 92.6389707, 25.9855371 ], [ 92.6389776, 25.9850354 ], [ 92.639023, 25.9847971 ], [ 92.6391032, 25.9846591 ], [ 92.6392393, 25.9846027 ], [ 92.6393962, 25.9845901 ], [ 92.6395567, 25.9845839 ], [ 92.6397207, 25.9845776 ], [ 92.6399404, 25.9845807 ], [ 92.6400555, 25.9845682 ], [ 92.640209, 25.9845431 ], [ 92.6403486, 25.984518 ], [ 92.6405648, 25.9844428 ], [ 92.6411718, 25.9841198 ], [ 92.6420021, 25.9835146 ], [ 92.6426544, 25.9830473 ], [ 92.6438296, 25.9824113 ], [ 92.6443555, 25.9821328 ], [ 92.6445789, 25.9820032 ], [ 92.6447662, 25.9818672 ], [ 92.6448382, 25.9817766 ], [ 92.6449031, 25.9815952 ], [ 92.6451197, 25.9810996 ], [ 92.6451884, 25.9807492 ], [ 92.6452598, 25.9803439 ], [ 92.6453132, 25.9797806 ], [ 92.6453054, 25.9796719 ], [ 92.645298, 25.97957 ], [ 92.6453387, 25.9793822 ], [ 92.6453769, 25.9793021 ], [ 92.6454559, 25.9791944 ], [ 92.6455603, 25.9791257 ], [ 92.6456877, 25.979041 ], [ 92.6457514, 25.9789792 ], [ 92.6458125, 25.9789013 ], [ 92.6459653, 25.9786952 ], [ 92.6460545, 25.9785281 ], [ 92.6461156, 25.9784021 ], [ 92.6461691, 25.9782579 ], [ 92.6462354, 25.9781319 ], [ 92.6463092, 25.978022 ], [ 92.6465538, 25.9778132 ], [ 92.6466709, 25.9776026 ], [ 92.6467728, 25.9774331 ], [ 92.6469359, 25.9772728 ], [ 92.6470836, 25.9771812 ], [ 92.6472211, 25.9771171 ], [ 92.6473689, 25.9770209 ], [ 92.6475268, 25.9769202 ], [ 92.6476083, 25.9768148 ], [ 92.6476185, 25.9767095 ], [ 92.6476134, 25.9765904 ], [ 92.6476287, 25.9763477 ], [ 92.6475676, 25.9759493 ], [ 92.647593, 25.9757981 ], [ 92.6476797, 25.9756424 ], [ 92.6477663, 25.9755004 ], [ 92.6480108, 25.9752577 ], [ 92.6482766, 25.9752496 ], [ 92.6484905, 25.9754694 ], [ 92.6486637, 25.9756801 ], [ 92.648837, 25.9758083 ], [ 92.6490917, 25.9758907 ], [ 92.6492445, 25.9759182 ], [ 92.6494075, 25.9759182 ], [ 92.6496011, 25.975964 ], [ 92.6498457, 25.9761289 ], [ 92.6499781, 25.9762755 ], [ 92.6501615, 25.976367 ], [ 92.6503755, 25.9763945 ], [ 92.6505589, 25.9763854 ], [ 92.6508748, 25.9762846 ], [ 92.6512925, 25.9761655 ], [ 92.6517001, 25.976019 ], [ 92.6520363, 25.9758541 ], [ 92.6522095, 25.9757075 ], [ 92.6525661, 25.9755976 ], [ 92.6527801, 25.975561 ], [ 92.6530654, 25.975506 ], [ 92.6533507, 25.9754328 ], [ 92.6535341, 25.9753778 ], [ 92.6537379, 25.9752862 ], [ 92.6544272, 25.9750449 ], [ 92.6552557, 25.975006 ], [ 92.6555367, 25.9749089 ], [ 92.6557816, 25.9747988 ], [ 92.6559834, 25.9747275 ], [ 92.6561851, 25.9747146 ], [ 92.656394, 25.9747081 ], [ 92.6565526, 25.9747081 ], [ 92.6567183, 25.9747405 ], [ 92.6568479, 25.974747 ], [ 92.6570425, 25.974747 ], [ 92.6573523, 25.9746628 ], [ 92.6574387, 25.9745591 ], [ 92.657482, 25.9744296 ], [ 92.6574964, 25.9743001 ], [ 92.6575036, 25.974164 ], [ 92.6575612, 25.974028 ], [ 92.6576333, 25.9739244 ], [ 92.6577702, 25.9738013 ], [ 92.6579413, 25.9736762 ], [ 92.6581706, 25.9735892 ], [ 92.658303, 25.9735342 ], [ 92.6583693, 25.9734381 ], [ 92.6584355, 25.973351 ], [ 92.6585119, 25.9732778 ], [ 92.6586138, 25.973232 ], [ 92.6587463, 25.9731953 ], [ 92.6588583, 25.9731587 ], [ 92.6589908, 25.9730946 ], [ 92.6591436, 25.9729938 ], [ 92.6592455, 25.9728976 ], [ 92.6593321, 25.9727831 ], [ 92.6594034, 25.972687 ], [ 92.6594799, 25.9725633 ], [ 92.6595002, 25.972458 ], [ 92.6594951, 25.9722473 ], [ 92.6593831, 25.972119 ], [ 92.6592914, 25.9719954 ], [ 92.65922, 25.9718992 ], [ 92.6591793, 25.9717801 ], [ 92.6591589, 25.9716748 ], [ 92.6591538, 25.9715557 ], [ 92.6591691, 25.9714137 ], [ 92.6592048, 25.9712946 ], [ 92.6592302, 25.9711801 ], [ 92.6592404, 25.9710794 ], [ 92.6592353, 25.9709603 ], [ 92.6591946, 25.9708595 ], [ 92.6591589, 25.9707908 ], [ 92.6591385, 25.9707084 ], [ 92.6591334, 25.9706214 ], [ 92.6591793, 25.9704931 ], [ 92.6592557, 25.970429 ], [ 92.6595868, 25.9703328 ], [ 92.6600963, 25.9702412 ], [ 92.6603612, 25.9702137 ], [ 92.6605548, 25.9701679 ], [ 92.6607382, 25.9701221 ], [ 92.660998, 25.9700259 ], [ 92.6611814, 25.9699572 ], [ 92.6620883, 25.9697466 ], [ 92.6625315, 25.9696824 ], [ 92.662883, 25.9696641 ], [ 92.6630715, 25.969655 ], [ 92.6633925, 25.9696595 ], [ 92.6636523, 25.969687 ], [ 92.663907, 25.9697008 ], [ 92.6641159, 25.9697099 ], [ 92.66434, 25.9697145 ], [ 92.6645642, 25.9697282 ], [ 92.6650686, 25.9696504 ], [ 92.6654812, 25.9695038 ], [ 92.6655882, 25.9694534 ], [ 92.6658684, 25.969371 ], [ 92.6660416, 25.969284 ], [ 92.6662148, 25.9691969 ], [ 92.6663677, 25.969142 ], [ 92.6665867, 25.9691191 ], [ 92.6668364, 25.9691237 ], [ 92.6669994, 25.9691237 ], [ 92.6672847, 25.9691282 ], [ 92.667463, 25.9691191 ], [ 92.6676871, 25.9691099 ], [ 92.6678909, 25.9691282 ], [ 92.6689659, 25.969142 ], [ 92.6696791, 25.9691832 ], [ 92.6700153, 25.9691878 ], [ 92.6702701, 25.9692199 ], [ 92.6704535, 25.9692473 ], [ 92.6706114, 25.9692611 ], [ 92.6708406, 25.9693115 ], [ 92.6711922, 25.9693664 ], [ 92.671666, 25.9695221 ], [ 92.6720328, 25.9695679 ], [ 92.6722467, 25.9695863 ], [ 92.6724454, 25.9696275 ], [ 92.6726033, 25.9696641 ], [ 92.6727511, 25.9697053 ], [ 92.6729396, 25.9697786 ], [ 92.673067, 25.9698061 ], [ 92.6732402, 25.9698702 ], [ 92.6734701, 25.9698934 ], [ 92.6737078, 25.9698772 ], [ 92.6739564, 25.9697962 ], [ 92.6740933, 25.9697476 ], [ 92.6741545, 25.9697379 ], [ 92.6742518, 25.9697411 ], [ 92.6745004, 25.9696602 ], [ 92.6746084, 25.9696602 ], [ 92.6747345, 25.9696764 ], [ 92.6749074, 25.969712 ], [ 92.6750407, 25.9697573 ], [ 92.6752028, 25.9697962 ], [ 92.6753361, 25.9698513 ], [ 92.6754982, 25.9698966 ], [ 92.6757108, 25.9699614 ], [ 92.6758909, 25.9700197 ], [ 92.6760602, 25.970065 ], [ 92.6761899, 25.9701233 ], [ 92.6763304, 25.9701848 ], [ 92.6768347, 25.9703986 ], [ 92.6771013, 25.9704828 ], [ 92.6775228, 25.9705378 ], [ 92.6777209, 25.970554 ], [ 92.677883, 25.9705605 ], [ 92.6780667, 25.9705443 ], [ 92.6781532, 25.970499 ], [ 92.6782612, 25.9703338 ], [ 92.6782648, 25.9702431 ], [ 92.6782973, 25.970065 ], [ 92.6783673, 25.9692211 ], [ 92.6784479, 25.9679258 ], [ 92.6784683, 25.9671701 ], [ 92.6784836, 25.9666342 ], [ 92.6783359, 25.9655487 ], [ 92.6783053, 25.9650265 ], [ 92.6783308, 25.9640509 ], [ 92.6784123, 25.9631165 ], [ 92.6784734, 25.9623562 ], [ 92.6784632, 25.9621134 ], [ 92.6781969, 25.961624 ], [ 92.6780033, 25.9612392 ], [ 92.6779677, 25.9609644 ], [ 92.6779575, 25.9607537 ], [ 92.6781698, 25.9599103 ], [ 92.6784487, 25.9590967 ], [ 92.6786854, 25.9585717 ], [ 92.6788643, 25.9580939 ], [ 92.6790326, 25.9576729 ], [ 92.6792325, 25.9574128 ], [ 92.6795745, 25.9571999 ], [ 92.6802795, 25.9569256 ], [ 92.680774, 25.9566654 ], [ 92.6810581, 25.9565046 ], [ 92.681137, 25.9564478 ], [ 92.6812738, 25.9562964 ], [ 92.6815895, 25.955866 ], [ 92.681811, 25.955534 ], [ 92.6821756, 25.954952 ], [ 92.6823095, 25.9545639 ], [ 92.6823661, 25.9542694 ], [ 92.6823293, 25.9539524 ], [ 92.6822925, 25.9537774 ], [ 92.6822451, 25.9536308 ], [ 92.6822346, 25.9535314 ], [ 92.6822293, 25.9534416 ], [ 92.6822451, 25.9533233 ], [ 92.6822819, 25.9530726 ], [ 92.6823451, 25.9528313 ], [ 92.6824082, 25.9524482 ], [ 92.6824608, 25.952065 ], [ 92.6824713, 25.9518427 ], [ 92.6824819, 25.9517007 ], [ 92.6824713, 25.9515777 ], [ 92.6824029, 25.9514264 ], [ 92.6822609, 25.9511284 ], [ 92.6821978, 25.950977 ], [ 92.6821346, 25.9508445 ], [ 92.6820557, 25.9506553 ], [ 92.6820189, 25.9504945 ], [ 92.6819978, 25.9502863 ], [ 92.6820189, 25.9497612 ], [ 92.6819926, 25.9496382 ], [ 92.6819663, 25.9495152 ], [ 92.68194, 25.9494159 ], [ 92.6817453, 25.949151 ], [ 92.6815507, 25.9489476 ], [ 92.681456, 25.9488104 ], [ 92.6813928, 25.9487016 ], [ 92.681335, 25.948536 ], [ 92.6813402, 25.9483988 ], [ 92.6814086, 25.9482616 ], [ 92.6814981, 25.9481008 ], [ 92.6819505, 25.9475426 ], [ 92.6820978, 25.9472635 ], [ 92.6824713, 25.9465775 ], [ 92.6826976, 25.946076 ], [ 92.6828922, 25.9457212 ], [ 92.683008, 25.9455178 ], [ 92.6831447, 25.9453333 ], [ 92.683392, 25.9450542 ], [ 92.6836077, 25.9448602 ], [ 92.6837866, 25.944671 ], [ 92.6844758, 25.943881 ], [ 92.6849861, 25.9433038 ], [ 92.6854385, 25.9428922 ], [ 92.6859857, 25.9423103 ], [ 92.6864013, 25.9419934 ], [ 92.6869539, 25.9418095 ], [ 92.6876198, 25.9415686 ], [ 92.6881108, 25.9413244 ], [ 92.6886763, 25.9410133 ], [ 92.6889404, 25.9408393 ], [ 92.6891413, 25.940642 ], [ 92.6893645, 25.940381 ], [ 92.6895282, 25.9401067 ], [ 92.6896472, 25.9398558 ], [ 92.6896919, 25.9395882 ], [ 92.6897477, 25.9392537 ], [ 92.689796, 25.9389827 ], [ 92.6898481, 25.9387786 ], [ 92.689889, 25.9386381 ], [ 92.6901383, 25.9383103 ], [ 92.690514, 25.9381664 ], [ 92.6907558, 25.9381196 ], [ 92.6909195, 25.9381263 ], [ 92.6910832, 25.9381129 ], [ 92.6912841, 25.9380794 ], [ 92.6916226, 25.9380192 ], [ 92.6918495, 25.9379791 ], [ 92.6920169, 25.9379289 ], [ 92.6922848, 25.937852 ], [ 92.6928167, 25.9376512 ], [ 92.6938249, 25.9370993 ], [ 92.69474, 25.9365707 ], [ 92.6953055, 25.9363298 ], [ 92.6960681, 25.9360622 ], [ 92.6967712, 25.9357979 ], [ 92.6978798, 25.9353931 ], [ 92.6985085, 25.9351355 ], [ 92.6992004, 25.9347642 ], [ 92.6994987, 25.9345729 ], [ 92.6995144, 25.9345628 ], [ 92.7000641, 25.9342173 ], [ 92.7004659, 25.9339764 ], [ 92.7008304, 25.933682 ], [ 92.7010834, 25.9334813 ], [ 92.7012099, 25.933314 ], [ 92.7014984, 25.9330034 ] ] } },
{ "type": "Feature", "properties": { "asset_name": "de a2 panenkoek", "asset_type": "road", "osm_id": 384532053 }, "geometry": { "type": "LineString", "coordinates": [ [ 92.4820422, 26.0164419 ], [ 92.4820612, 26.0163537 ], [ 92.4822861, 26.0161088 ], [ 92.4824445, 26.0159437 ], [ 92.4825331, 26.0158612 ], [ 92.4826187, 26.0157929 ], [ 92.4826535, 26.01579 ], [ 92.4827707, 26.015773 ], [ 92.4828626, 26.0157758 ], [ 92.4830273, 26.0157217 ], [ 92.483116, 26.0156847 ], [ 92.4832617, 26.0155965 ], [ 92.4834296, 26.0155281 ], [ 92.4837717, 26.0155338 ], [ 92.4839364, 26.0155367 ], [ 92.4841138, 26.0154257 ], [ 92.4843387, 26.015215 ], [ 92.484421, 26.0151239 ], [ 92.4846206, 26.0149873 ], [ 92.4846491, 26.0149617 ], [ 92.4847124, 26.0149275 ], [ 92.4848043, 26.0148279 ], [ 92.4849532, 26.0147026 ], [ 92.4852161, 26.0147425 ], [ 92.4852984, 26.0147909 ], [ 92.4853428, 26.0148165 ], [ 92.4854378, 26.0148051 ], [ 92.485555, 26.0147368 ], [ 92.4856944, 26.0146315 ], [ 92.4857926, 26.0145859 ], [ 92.4859763, 26.0145945 ], [ 92.4860333, 26.01464 ], [ 92.4861062, 26.0146713 ], [ 92.4862962, 26.0146542 ], [ 92.4863881, 26.0145489 ], [ 92.4865211, 26.0144521 ], [ 92.4867048, 26.0143781 ], [ 92.4867935, 26.0143667 ], [ 92.4868854, 26.0143838 ], [ 92.4870121, 26.0143781 ], [ 92.4870723, 26.0143183 ], [ 92.4871388, 26.0141874 ], [ 92.4872465, 26.0138942 ], [ 92.4872877, 26.0137889 ], [ 92.487351, 26.0136978 ], [ 92.4876361, 26.013601 ], [ 92.4877533, 26.0135412 ], [ 92.4878198, 26.0134985 ], [ 92.4879623, 26.0134245 ], [ 92.4880004, 26.0133391 ], [ 92.4880194, 26.0132821 ], [ 92.4881081, 26.0131967 ], [ 92.4883144, 26.0130961 ], [ 92.4884715, 26.0131549 ], [ 92.4886088, 26.0131549 ], [ 92.488707, 26.0131314 ], [ 92.4888182, 26.0129903 ], [ 92.4890014, 26.0127492 ], [ 92.4891126, 26.0126199 ], [ 92.4891911, 26.0125729 ], [ 92.4894397, 26.0125905 ], [ 92.489636, 26.0126258 ], [ 92.4898257, 26.0127434 ], [ 92.4899827, 26.0128845 ], [ 92.4900808, 26.0129903 ], [ 92.4901528, 26.0130256 ], [ 92.490264, 26.012955 ], [ 92.4902771, 26.0128316 ], [ 92.4903621, 26.0126493 ], [ 92.4903949, 26.0125611 ], [ 92.4904668, 26.0124259 ], [ 92.4905322, 26.0123436 ], [ 92.4906304, 26.0123142 ], [ 92.4908397, 26.01232 ], [ 92.4910294, 26.0123671 ], [ 92.4911734, 26.01242 ], [ 92.4913173, 26.0124553 ], [ 92.491422, 26.0123788 ], [ 92.4914678, 26.0122377 ], [ 92.4914743, 26.0120496 ], [ 92.4915528, 26.0118791 ], [ 92.4916444, 26.0117556 ], [ 92.4917556, 26.0117086 ], [ 92.491893, 26.0117321 ], [ 92.4921024, 26.0117909 ], [ 92.4922921, 26.0118027 ], [ 92.4925276, 26.0116733 ], [ 92.4927697, 26.011544 ], [ 92.4929398, 26.0116498 ], [ 92.4930313, 26.0116909 ], [ 92.493208, 26.0117145 ], [ 92.4933199, 26.0116886 ], [ 92.49338, 26.0116096 ], [ 92.4934309, 26.011381 ], [ 92.4934864, 26.0111066 ], [ 92.4934956, 26.0109528 ], [ 92.4935419, 26.0107657 ], [ 92.4935789, 26.0106326 ], [ 92.4936344, 26.0104954 ], [ 92.4937593, 26.0103957 ], [ 92.4938611, 26.0102751 ], [ 92.4940924, 26.0102793 ], [ 92.494171, 26.0103208 ], [ 92.4943006, 26.0103416 ], [ 92.4945319, 26.0103084 ], [ 92.4946892, 26.0101254 ], [ 92.494629, 26.0096473 ], [ 92.4946614, 26.0094394 ], [ 92.4947123, 26.0093314 ], [ 92.4948696, 26.0092607 ], [ 92.4952489, 26.0092731 ], [ 92.4958087, 26.0093771 ], [ 92.4960862, 26.0094644 ], [ 92.4964054, 26.0095143 ], [ 92.4965997, 26.009506 ], [ 92.4969744, 26.0094935 ], [ 92.4970993, 26.0094769 ], [ 92.4972335, 26.0095351 ], [ 92.4973399, 26.0095933 ], [ 92.4974046, 26.0096681 ], [ 92.4975388, 26.0097804 ], [ 92.4976637, 26.0098178 ], [ 92.4977886, 26.0098011 ], [ 92.4979921, 26.0096224 ], [ 92.4980939, 26.0094685 ], [ 92.4981818, 26.0093812 ], [ 92.4983437, 26.0093563 ], [ 92.4984594, 26.0093812 ], [ 92.4985935, 26.009348 ], [ 92.4986768, 26.0093147 ], [ 92.4988479, 26.0092191 ], [ 92.498922, 26.0090985 ], [ 92.4989312, 26.0089655 ], [ 92.4989127, 26.0088532 ], [ 92.4989405, 26.0086745 ], [ 92.4990145, 26.0084915 ], [ 92.4990654, 26.0084375 ], [ 92.499218, 26.0082255 ], [ 92.4993799, 26.0082712 ], [ 92.4994724, 26.008346 ], [ 92.4995511, 26.0084624 ], [ 92.4995974, 26.0086038 ], [ 92.4997361, 26.0089114 ], [ 92.4998379, 26.0091027 ], [ 92.4999767, 26.0091858 ], [ 92.5001941, 26.009244 ], [ 92.5004023, 26.0093022 ], [ 92.5006567, 26.0093438 ], [ 92.5008371, 26.0093854 ], [ 92.5011147, 26.0094519 ], [ 92.501457, 26.0094602 ], [ 92.5016189, 26.0093854 ], [ 92.5017577, 26.009323 ], [ 92.5019612, 26.009244 ], [ 92.5021046, 26.0091651 ], [ 92.5021278, 26.009032 ], [ 92.5021278, 26.008899 ], [ 92.5020676, 26.0088033 ], [ 92.5019751, 26.0087202 ], [ 92.5017623, 26.0085456 ], [ 92.5015865, 26.0084583 ], [ 92.5014894, 26.0083793 ], [ 92.5013969, 26.0082837 ], [ 92.5013043, 26.0081174 ], [ 92.5012535, 26.0080051 ], [ 92.5010489, 26.0073597 ], [ 92.5009425, 26.0071934 ], [ 92.5008546, 26.0071228 ], [ 92.5007436, 26.0070978 ], [ 92.5005863, 26.0070687 ], [ 92.5004475, 26.0070271 ], [ 92.5003134, 26.006998 ], [ 92.5001653, 26.0069315 ], [ 92.5000821, 26.0068317 ], [ 92.4999942, 26.006549 ], [ 92.4999433, 26.0062954 ], [ 92.4998554, 26.0057258 ], [ 92.4997351, 26.0052851 ], [ 92.4995362, 26.0047986 ], [ 92.499402, 26.0043371 ], [ 92.4993558, 26.0041334 ], [ 92.4993049, 26.0039754 ], [ 92.4993095, 26.0038465 ], [ 92.4993558, 26.0037052 ], [ 92.499476, 26.0034848 ], [ 92.4995038, 26.0033476 ], [ 92.4995177, 26.0032437 ], [ 92.4993003, 26.0027115 ], [ 92.4990505, 26.0022126 ], [ 92.4989348, 26.0018966 ], [ 92.4988654, 26.0016014 ], [ 92.4989441, 26.0013768 ], [ 92.4991013, 26.0006534 ], [ 92.4993049, 26.0001586 ], [ 92.4995454, 25.9997262 ], [ 92.4996333, 25.9994934 ], [ 92.4996657, 25.999327 ], [ 92.4997073, 25.9989819 ], [ 92.4997675, 25.9987491 ], [ 92.4999109, 25.9982917 ], [ 92.500008, 25.9980007 ], [ 92.5000635, 25.9978053 ], [ 92.5001283, 25.9976639 ], [ 92.500207, 25.9975599 ], [ 92.5002856, 25.9974601 ], [ 92.5003735, 25.9973437 ], [ 92.5004475, 25.997194 ], [ 92.5004706, 25.9970651 ], [ 92.5004475, 25.9969362 ], [ 92.5004706, 25.9968281 ], [ 92.5005123, 25.9967034 ], [ 92.500577, 25.9966036 ], [ 92.5007066, 25.9962876 ], [ 92.5006511, 25.9961088 ], [ 92.5005955, 25.9959591 ], [ 92.5005076, 25.9958593 ], [ 92.500429, 25.9957512 ], [ 92.5003874, 25.9956598 ], [ 92.5003781, 25.9954851 ], [ 92.5003781, 25.9953354 ], [ 92.5004383, 25.995219 ], [ 92.5007528, 25.9947076 ], [ 92.5010258, 25.9940756 ], [ 92.5011738, 25.993456 ], [ 92.5011969, 25.9928531 ], [ 92.5013311, 25.992088 ], [ 92.5013727, 25.9916639 ], [ 92.501567, 25.9912065 ], [ 92.5017369, 25.9909083 ], [ 92.5018584, 25.990695 ], [ 92.5020435, 25.9901378 ], [ 92.5020944, 25.9896929 ], [ 92.5022054, 25.9891606 ], [ 92.5022794, 25.9888945 ], [ 92.5022794, 25.9886326 ], [ 92.5023395, 25.9885078 ], [ 92.5024552, 25.9883706 ], [ 92.5025752, 25.9882562 ], [ 92.502668, 25.9881835 ], [ 92.5028623, 25.9880296 ], [ 92.5031537, 25.9878633 ], [ 92.5034498, 25.9877884 ], [ 92.5037042, 25.9877385 ], [ 92.5039355, 25.9876886 ], [ 92.5045462, 25.9875472 ], [ 92.5048468, 25.9874059 ], [ 92.5050041, 25.987277 ], [ 92.5051475, 25.9871813 ], [ 92.5053279, 25.9871314 ], [ 92.5056286, 25.9871106 ], [ 92.5058091, 25.9871065 ], [ 92.5060311, 25.9871314 ], [ 92.5062393, 25.9871855 ], [ 92.5065955, 25.9872645 ], [ 92.5067528, 25.9873269 ], [ 92.5069332, 25.9874017 ], [ 92.5071228, 25.9875098 ], [ 92.5077196, 25.987751 ], [ 92.5080989, 25.9878383 ], [ 92.5083534, 25.9878591 ], [ 92.5087281, 25.9878924 ], [ 92.5088622, 25.9879257 ], [ 92.5091028, 25.9879548 ], [ 92.5092462, 25.9879714 ], [ 92.5094636, 25.987988 ], [ 92.5095931, 25.9879298 ], [ 92.5096995, 25.9878259 ], [ 92.5097319, 25.9877177 ], [ 92.509792, 25.9875722 ], [ 92.5098614, 25.9873976 ], [ 92.5098984, 25.9872603 ], [ 92.5099863, 25.9870982 ], [ 92.5100465, 25.9870108 ], [ 92.5103148, 25.9866657 ], [ 92.5104906, 25.9865493 ], [ 92.510634, 25.9865118 ], [ 92.5109069, 25.9865035 ], [ 92.5111336, 25.9865035 ], [ 92.5114065, 25.9864703 ], [ 92.5116517, 25.9864661 ], [ 92.5118414, 25.9864245 ], [ 92.5119987, 25.9863871 ], [ 92.5121791, 25.986333 ], [ 92.5127573, 25.9861459 ], [ 92.5129424, 25.9860544 ], [ 92.5131135, 25.9860212 ], [ 92.5135016, 25.9859568 ], [ 92.5136259, 25.9857921 ], [ 92.5137372, 25.9855863 ], [ 92.5139419, 25.9852405 ], [ 92.5139288, 25.9850994 ], [ 92.5139092, 25.9848612 ], [ 92.5138797, 25.9847318 ], [ 92.5138601, 25.9846054 ], [ 92.5138601, 25.9845084 ], [ 92.5138928, 25.984426 ], [ 92.513955, 25.9843525 ], [ 92.5140825, 25.9842437 ], [ 92.514305, 25.9840261 ], [ 92.5144751, 25.9838615 ], [ 92.514583, 25.9837644 ], [ 92.5147204, 25.9836703 ], [ 92.5148938, 25.9835468 ], [ 92.5149472, 25.983482 ], [ 92.5149993, 25.9833967 ], [ 92.5150639, 25.983316 ], [ 92.5152699, 25.9831969 ], [ 92.5162153, 25.9828117 ], [ 92.5169088, 25.9826382 ], [ 92.5172064, 25.9826412 ], [ 92.5174485, 25.9826618 ], [ 92.5176709, 25.9826647 ], [ 92.5178443, 25.9826559 ], [ 92.5179849, 25.9826324 ], [ 92.5181092, 25.9825559 ], [ 92.5182401, 25.9824765 ], [ 92.518358, 25.9824231 ], [ 92.5187064, 25.9822086 ], [ 92.518947, 25.981957 ], [ 92.519095, 25.981853 ], [ 92.5192454, 25.9817781 ], [ 92.5193217, 25.9817636 ], [ 92.5194697, 25.9817574 ], [ 92.5195831, 25.981747 ], [ 92.5196918, 25.9817449 ], [ 92.5198167, 25.9817366 ], [ 92.5199809, 25.9817386 ], [ 92.5201104, 25.9817386 ], [ 92.5202631, 25.9816991 ], [ 92.5203903, 25.981616 ], [ 92.520506, 25.9815141 ], [ 92.5205823, 25.98146 ], [ 92.5206956, 25.9813956 ], [ 92.5207696, 25.9813457 ], [ 92.5209524, 25.9812438 ], [ 92.5213317, 25.9810483 ], [ 92.5220464, 25.9806283 ], [ 92.5225298, 25.9803164 ], [ 92.5228305, 25.9801189 ], [ 92.5230618, 25.9799484 ], [ 92.5234527, 25.9796053 ], [ 92.5239408, 25.9792311 ], [ 92.5245167, 25.9788609 ], [ 92.5250718, 25.9785407 ], [ 92.5257102, 25.9781789 ], [ 92.5259508, 25.9780438 ], [ 92.5268413, 25.9776841 ], [ 92.5274057, 25.9775551 ], [ 92.5279885, 25.977368 ], [ 92.5284141, 25.9773056 ], [ 92.5286639, 25.9772474 ], [ 92.5301658, 25.9769421 ], [ 92.5309765, 25.976851 ], [ 92.5315575, 25.9769846 ], [ 92.5321858, 25.9772033 ], [ 92.5331519, 25.9774644 ], [ 92.53351, 25.9775616 ], [ 92.5341518, 25.977847 ], [ 92.534618, 25.9781446 ], [ 92.5358205, 25.9786791 ], [ 92.5365434, 25.9789099 ], [ 92.5370771, 25.9791103 ], [ 92.5374082, 25.9791649 ], [ 92.5376514, 25.9791346 ], [ 92.5381108, 25.9790678 ], [ 92.5385499, 25.9790253 ], [ 92.5388134, 25.979007 ], [ 92.5390296, 25.9789827 ], [ 92.5391715, 25.979007 ], [ 92.5393066, 25.9790131 ], [ 92.5396309, 25.9790131 ], [ 92.5399079, 25.9789342 ], [ 92.5401106, 25.978837 ], [ 92.5402727, 25.9787155 ], [ 92.5404716, 25.9786018 ], [ 92.5409074, 25.9784924 ], [ 92.5410695, 25.9784074 ], [ 92.5411742, 25.9783102 ], [ 92.5412621, 25.9782009 ], [ 92.5412891, 25.9780582 ], [ 92.5413296, 25.977955 ], [ 92.5415897, 25.977627 ], [ 92.5417857, 25.9775268 ], [ 92.5419208, 25.9774752 ], [ 92.5420863, 25.9774539 ], [ 92.5422383, 25.9774509 ], [ 92.5423836, 25.9774357 ], [ 92.5425322, 25.9773932 ], [ 92.5426403, 25.9773507 ], [ 92.5428193, 25.9772535 ], [ 92.543201, 25.9770105 ], [ 92.5434037, 25.9769103 ], [ 92.5436469, 25.976886 ], [ 92.5437787, 25.976883 ], [ 92.5439138, 25.976886 ], [ 92.5440759, 25.976886 ], [ 92.5447313, 25.9768435 ], [ 92.5449778, 25.9767798 ], [ 92.5451467, 25.9767221 ], [ 92.5453393, 25.9766249 ], [ 92.5455386, 25.9765399 ], [ 92.5457446, 25.9764275 ], [ 92.5459608, 25.976303 ], [ 92.546123, 25.9762058 ], [ 92.5465317, 25.9758809 ], [ 92.5468326, 25.9756741 ], [ 92.5470009, 25.9755553 ], [ 92.5471904, 25.9754102 ], [ 92.5472327, 25.975363 ], [ 92.5472884, 25.9753009 ], [ 92.5473931, 25.9751824 ], [ 92.5475856, 25.9748666 ], [ 92.5476566, 25.9746783 ], [ 92.547687, 25.9745538 ], [ 92.5476971, 25.9744232 ], [ 92.5477005, 25.9743261 ], [ 92.5477241, 25.9742198 ], [ 92.5477512, 25.9740983 ], [ 92.5478052, 25.9740102 ], [ 92.5478728, 25.9739252 ], [ 92.5479403, 25.9738766 ], [ 92.5481092, 25.9738129 ], [ 92.5486463, 25.9735821 ], [ 92.5489706, 25.9734363 ], [ 92.5493354, 25.9733482 ], [ 92.5495719, 25.9732844 ], [ 92.5498523, 25.9731842 ], [ 92.55044, 25.9730324 ], [ 92.5506225, 25.9730111 ], [ 92.5512349, 25.972945 ], [ 92.5514095, 25.9729261 ], [ 92.5516841, 25.9728908 ], [ 92.5518351, 25.9728714 ], [ 92.5521831, 25.9728623 ], [ 92.5526594, 25.9729231 ], [ 92.5530039, 25.9729747 ], [ 92.5531492, 25.9730415 ], [ 92.5532404, 25.9731053 ], [ 92.5534296, 25.9731933 ], [ 92.556055, 25.9729913 ], [ 92.5565574, 25.9728031 ], [ 92.5572969, 25.9723139 ], [ 92.5576178, 25.971787 ], [ 92.5578132, 25.9714483 ], [ 92.5579387, 25.9712727 ], [ 92.5582597, 25.9711096 ], [ 92.5586364, 25.9709716 ], [ 92.5590829, 25.9707835 ], [ 92.5594318, 25.9706078 ], [ 92.559962, 25.9702942 ], [ 92.5602271, 25.9700935 ], [ 92.5605201, 25.969805 ], [ 92.5608969, 25.9695666 ], [ 92.5617691, 25.9687825 ], [ 92.5622364, 25.9683624 ], [ 92.5628364, 25.9679609 ], [ 92.5635062, 25.96771 ], [ 92.5641341, 25.9674842 ], [ 92.5642452, 25.9674688 ], [ 92.5646783, 25.967409 ], [ 92.5654736, 25.9673462 ], [ 92.5658643, 25.967271 ], [ 92.5664643, 25.9672584 ], [ 92.5667853, 25.967271 ], [ 92.5669652, 25.967271 ], [ 92.5670922, 25.967271 ], [ 92.5673853, 25.9673588 ], [ 92.5676085, 25.9674591 ], [ 92.567776, 25.9675469 ], [ 92.5679713, 25.967572 ], [ 92.5682922, 25.9676222 ], [ 92.568669, 25.9676222 ], [ 92.5691853, 25.9675971 ], [ 92.5694504, 25.9675219 ], [ 92.5699388, 25.9674466 ], [ 92.5705946, 25.9673839 ], [ 92.5711161, 25.9674215 ], [ 92.5717377, 25.9675723 ], [ 92.5720487, 25.9675937 ], [ 92.5723135, 25.9676407 ], [ 92.5725791, 25.9676799 ], [ 92.5727695, 25.9676944 ], [ 92.5728875, 25.9676895 ], [ 92.5729989, 25.9676515 ], [ 92.5731122, 25.9675864 ], [ 92.5732248, 25.9675026 ], [ 92.5733395, 25.9674182 ], [ 92.5734676, 25.9673507 ], [ 92.5736231, 25.9673049 ], [ 92.5738008, 25.9672711 ], [ 92.5739356, 25.9672543 ], [ 92.5741006, 25.9672555 ], [ 92.5742521, 25.967282 ], [ 92.5744392, 25.9673435 ], [ 92.5748062, 25.9674836 ], [ 92.5750279, 25.9675509 ], [ 92.5753143, 25.9676304 ], [ 92.575665, 25.9677269 ], [ 92.5760001, 25.9678118 ], [ 92.5764019, 25.9679108 ], [ 92.5767412, 25.9680187 ], [ 92.5770061, 25.9680959 ], [ 92.5771804, 25.9681652 ], [ 92.5773219, 25.968249 ], [ 92.577452, 25.9683412 ], [ 92.5775727, 25.9684552 ], [ 92.5777839, 25.9686842 ], [ 92.5780287, 25.9689025 ], [ 92.5783713, 25.9691737 ], [ 92.5785785, 25.9693359 ], [ 92.5787282, 25.9694461 ], [ 92.5788273, 25.9695053 ], [ 92.5789212, 25.9695367 ], [ 92.5790338, 25.9695409 ], [ 92.5791411, 25.9695336 ], [ 92.5792202, 25.9695083 ], [ 92.5793483, 25.9694426 ], [ 92.5794938, 25.9693558 ], [ 92.5796628, 25.9692467 ], [ 92.5798713, 25.9691165 ], [ 92.5800108, 25.9690345 ], [ 92.5802133, 25.9689127 ], [ 92.5803615, 25.9688132 ], [ 92.5805492, 25.9687941 ], [ 92.5806623, 25.9687314 ], [ 92.5807449, 25.9687026 ], [ 92.580898, 25.9687233 ], [ 92.5810098, 25.9687113 ], [ 92.5811078, 25.9687096 ], [ 92.5813499, 25.9687801 ], [ 92.5816142, 25.9688518 ], [ 92.581925, 25.9689006 ], [ 92.5821452, 25.9689627 ], [ 92.5822947, 25.9690007 ], [ 92.5824523, 25.9690357 ], [ 92.5826065, 25.9690526 ], [ 92.5827909, 25.9690459 ], [ 92.5831577, 25.9689832 ], [ 92.583601, 25.9689199 ], [ 92.5839617, 25.9688524 ], [ 92.584238, 25.9687867 ], [ 92.5846088, 25.9686686 ], [ 92.5853832, 25.9684349 ], [ 92.5858568, 25.9682974 ], [ 92.5866363, 25.9680889 ], [ 92.5872529, 25.9682309 ], [ 92.5877364, 25.9683861 ], [ 92.5883333, 25.9685901 ], [ 92.5886885, 25.9689494 ], [ 92.5891917, 25.9694905 ], [ 92.5899564, 25.9701602 ], [ 92.5903313, 25.9704795 ], [ 92.5905435, 25.9707234 ], [ 92.5907063, 25.9709141 ], [ 92.5907704, 25.9710339 ], [ 92.590874, 25.971096 ], [ 92.5910664, 25.9710516 ], [ 92.5911305, 25.9709984 ], [ 92.5913772, 25.970892 ], [ 92.5918163, 25.970688 ] ] } },
{ "type": "Feature", "properties": { "asset_name": "OSM Way 393201101", "asset_type": "road", "osm_id": 393201101 }, "geometry": { "type": "LineString", "coordinates": [ [ 92.8512982, 26.0053656 ], [ 92.8512253, 26.005444 ], [ 92.8507244, 26.0056982 ], [ 92.8504365, 26.0058415 ], [ 92.8500175, 26.00605 ], [ 92.8494737, 26.006441 ], [ 92.8493785, 26.006533 ], [ 92.8486146, 26.0072718 ], [ 92.84806, 26.0079071 ], [ 92.8473857, 26.0087868 ], [ 92.8470078, 26.0091783 ], [ 92.8459348, 26.0102898 ], [ 92.8458517, 26.0103759 ], [ 92.8458196, 26.0104092 ], [ 92.8454666, 26.0107574 ], [ 92.8449279, 26.0112888 ], [ 92.844498, 26.0116036 ], [ 92.84407, 26.0119169 ], [ 92.8421112, 26.0133511 ], [ 92.8392488, 26.0154715 ], [ 92.8376741, 26.0167229 ], [ 92.8369728, 26.0172873 ], [ 92.8360102, 26.0180618 ], [ 92.8348359, 26.019304 ], [ 92.8345361, 26.0196212 ], [ 92.8332479, 26.0209839 ], [ 92.8319784, 26.0222217 ], [ 92.8314829, 26.0227267 ], [ 92.8314579, 26.0227715 ] ] } },
{ "type": "Feature", "properties": { "asset_name": "OSM Way 393201103", "asset_type": "road", "osm_id": 393201103 }, "geometry": { "type": "LineString", "coordinates": [ [ 92.8530066, 25.9992209 ], [ 92.8517823, 25.9999985 ], [ 92.851036, 26.0004416 ], [ 92.8497343, 26.001294 ] ] } },
{ "type": "Feature", "properties": { "asset_name": "OSM Way 393201105", "asset_type": "road", "osm_id": 393201105 }, "geometry": { "type": "LineString", "coordinates": [ [ 92.8497202, 26.0013699 ], [ 92.849516, 26.001387 ], [ 92.8492362, 26.0014276 ], [ 92.8486507, 26.0015128 ], [ 92.8485771, 26.0015251 ], [ 92.848194, 26.0015894 ], [ 92.847784, 26.0016968 ], [ 92.8476851, 26.0017314 ] ] } },
{ "type": "Feature", "properties": { "asset_name": "OSM Way 393201108", "asset_type": "road", "osm_id": 393201108 }, "geometry": { "type": "LineString", "coordinates": [ [ 92.8530066, 25.9992209 ], [ 92.8528888, 25.9990026 ], [ 92.8526582, 25.9984255 ], [ 92.8526384, 25.9983556 ], [ 92.8524544, 25.9977067 ], [ 92.8524509, 25.9974881 ], [ 92.8524428, 25.9969913 ], [ 92.8523006, 25.996542 ], [ 92.8520404, 25.9962831 ], [ 92.8519776, 25.9962206 ], [ 92.8515047, 25.9957575 ], [ 92.8513278, 25.9954603 ], [ 92.8513001, 25.9950205 ], [ 92.8512893, 25.9948486 ], [ 92.8512129, 25.9938572 ], [ 92.8511125, 25.9925538 ], [ 92.8510087, 25.9904732 ], [ 92.8508895, 25.9886622 ], [ 92.8508241, 25.9877325 ], [ 92.850814, 25.9875998 ], [ 92.8506554, 25.9855062 ], [ 92.8506434, 25.9853477 ], [ 92.8504473, 25.982866 ], [ 92.8503742, 25.981525 ], [ 92.8501994, 25.9797959 ], [ 92.8501935, 25.979738 ], [ 92.8501935, 25.9784384 ], [ 92.8502435, 25.9777171 ], [ 92.8502666, 25.9773841 ], [ 92.8503549, 25.9764577 ], [ 92.8503819, 25.9761743 ], [ 92.8503858, 25.9751858 ], [ 92.8503935, 25.9745083 ], [ 92.8504281, 25.9738584 ], [ 92.8501358, 25.9707129 ], [ 92.850032, 25.9699144 ], [ 92.8500051, 25.9694408 ], [ 92.8481941, 25.9645425 ], [ 92.8479019, 25.9635711 ], [ 92.847552, 25.9623854 ], [ 92.847329, 25.9619705 ], [ 92.8471906, 25.9616802 ], [ 92.8467984, 25.961127 ], [ 92.8465446, 25.9608332 ], [ 92.8464754, 25.9605532 ], [ 92.8462909, 25.9598756 ], [ 92.8461101, 25.9591151 ], [ 92.8459487, 25.9585274 ], [ 92.845691, 25.9580641 ], [ 92.8453335, 25.9574176 ], [ 92.8449182, 25.956664 ], [ 92.8443069, 25.955613 ], [ 92.8435033, 25.9544963 ], [ 92.8433571, 25.9543304 ], [ 92.8432802, 25.9541299 ], [ 92.8433764, 25.9540365 ], [ 92.8439454, 25.953881 ], [ 92.8442799, 25.9537427 ], [ 92.8443991, 25.9536839 ], [ 92.8444491, 25.9535802 ], [ 92.8443914, 25.9532448 ], [ 92.8441377, 25.9524912 ], [ 92.8437378, 25.9517686 ], [ 92.8434071, 25.9511325 ], [ 92.8429303, 25.9506484 ], [ 92.8422152, 25.9501091 ], [ 92.8406157, 25.9489163 ], [ 92.8394968, 25.9481384 ], [ 92.8380588, 25.9470597 ], [ 92.8367938, 25.9460605 ] ] } },
{ "type": "Feature", "properties": { "asset_name": "OSM Way 393201109", "asset_type": "road", "osm_id": 393201109 }, "geometry": { "type": "LineString", "coordinates": [ [ 92.9906925, 25.9888006 ], [ 92.9881418, 25.987453 ], [ 92.9849821, 25.9861607 ], [ 92.9833084, 25.9853217 ], [ 92.9806048, 25.9841258 ], [ 92.9784805, 25.9834121 ], [ 92.9761306, 25.9827368 ], [ 92.9725525, 25.9821774 ], [ 92.9701815, 25.981729 ], [ 92.969468, 25.9817965 ], [ 92.9681644, 25.9815698 ], [ 92.9674295, 25.9813046 ], [ 92.9669682, 25.9812323 ], [ 92.9665229, 25.9812805 ], [ 92.9655305, 25.9815361 ], [ 92.965214, 25.9815409 ], [ 92.9645445, 25.9814705 ], [ 92.9635028, 25.9810876 ], [ 92.9614214, 25.9803257 ], [ 92.9590932, 25.9801521 ], [ 92.9580042, 25.9802823 ], [ 92.9569582, 25.980345 ], [ 92.9546032, 25.9807308 ], [ 92.9542457, 25.9807679 ], [ 92.9529778, 25.9808995 ], [ 92.9511335, 25.9809449 ], [ 92.9504619, 25.9807838 ], [ 92.9453281, 25.979448 ], [ 92.9438969, 25.9794885 ], [ 92.9436651, 25.9795589 ], [ 92.9417715, 25.9794625 ], [ 92.9366062, 25.9792497 ], [ 92.9362676, 25.9792358 ], [ 92.9344222, 25.9792214 ], [ 92.9332263, 25.9791558 ], [ 92.9330972, 25.9791322 ], [ 92.9316982, 25.9787652 ], [ 92.9313012, 25.978717 ], [ 92.9297992, 25.9789388 ], [ 92.9294322, 25.9790578 ], [ 92.9291447, 25.979151 ], [ 92.924262, 25.9816566 ], [ 92.9218169, 25.9834042 ], [ 92.9205617, 25.9842934 ], [ 92.9163828, 25.9872538 ], [ 92.9151409, 25.9881006 ], [ 92.9143757, 25.9887192 ], [ 92.9141143, 25.9889715 ], [ 92.9136452, 25.9891409 ], [ 92.9127877, 25.9898425 ], [ 92.9119764, 25.9904266 ], [ 92.9113036, 25.9907825 ], [ 92.9107076, 25.9909968 ], [ 92.9097579, 25.9913286 ], [ 92.9087659, 25.991733 ], [ 92.9079277, 25.9922134 ], [ 92.9076893, 25.9923896 ], [ 92.9074855, 25.9924622 ], [ 92.9072125, 25.9924276 ], [ 92.9070703, 25.9924069 ], [ 92.906755, 25.9925624 ], [ 92.9060552, 25.9929875 ], [ 92.9059235, 25.9930579 ], [ 92.9051824, 25.9934541 ], [ 92.9048017, 25.9936891 ], [ 92.904571, 25.9939172 ], [ 92.9040366, 25.9944771 ], [ 92.9036328, 25.9948158 ], [ 92.9033291, 25.9949505 ], [ 92.9023448, 25.9954724 ], [ 92.9011874, 25.9959424 ], [ 92.9004723, 25.9962223 ], [ 92.8996994, 25.9964401 ], [ 92.8991803, 25.9965541 ], [ 92.898619, 25.9967684 ], [ 92.8967619, 25.9974769 ], [ 92.8953738, 25.9980263 ], [ 92.8942703, 25.9983685 ], [ 92.8936551, 25.9987521 ], [ 92.8930937, 25.9990527 ], [ 92.8919287, 25.9996368 ], [ 92.8904369, 26.0003038 ], [ 92.8899716, 26.0004454 ], [ 92.8892218, 26.0006597 ], [ 92.8879953, 26.0009465 ], [ 92.8878492, 26.0010191 ], [ 92.8877569, 26.0012196 ], [ 92.8874032, 26.0016826 ], [ 92.8867841, 26.0024706 ], [ 92.8863804, 26.0028507 ], [ 92.8860344, 26.0030235 ], [ 92.8857883, 26.0031341 ], [ 92.884827, 26.0035798 ], [ 92.8841311, 26.0038183 ], [ 92.8833198, 26.0040187 ], [ 92.8831918, 26.0040277 ], [ 92.8823893, 26.0040844 ], [ 92.8817286, 26.004099 ], [ 92.8816088, 26.0041017 ], [ 92.8802207, 26.0041224 ], [ 92.878523, 26.0040632 ] ] } },
{ "type": "Feature", "properties": { "asset_name": "OSM Way 433877205", "asset_type": "road", "osm_id": 433877205 }, "geometry": { "type": "LineString", "coordinates": [ [ 92.8644573, 26.1123292 ], [ 92.8640065, 26.1137096 ], [ 92.864001, 26.1137196 ], [ 92.8639458, 26.1138872 ], [ 92.8637757, 26.1144035 ], [ 92.8634324, 26.1164073 ], [ 92.8632393, 26.1168119 ], [ 92.8624936, 26.118163 ], [ 92.8624802, 26.1183533 ], [ 92.8626438, 26.1186904 ], [ 92.862676, 26.1187844 ], [ 92.8627276, 26.118929 ], [ 92.8628127, 26.1190325 ] ] } },
{ "type": "Feature", "properties": { "asset_name": "OSM Way 433877209", "asset_type": "road", "osm_id": 433877209 }, "geometry": { "type": "LineString", "coordinates": [ [ 92.872797, 26.0987442 ], [ 92.8726603, 26.0987359 ], [ 92.8720879, 26.0987335 ], [ 92.8719001, 26.0987961 ], [ 92.8717365, 26.0989141 ], [ 92.8694727, 26.1014601 ], [ 92.8692623, 26.1019402 ], [ 92.8685085, 26.104964 ], [ 92.8673055, 26.1096396 ], [ 92.8671572, 26.1099146 ], [ 92.8669882, 26.1100762 ], [ 92.8666155, 26.1102884 ] ] } },
{ "type": "Feature", "properties": { "asset_name": "OSM Way 433877212", "asset_type": "road", "osm_id": 433877212 }, "geometry": { "type": "LineString", "coordinates": [ [ 92.8739579, 26.115155 ], [ 92.8732579, 26.1144072 ], [ 92.8729985, 26.1141897 ], [ 92.872594, 26.1139684 ], [ 92.872024, 26.1137232 ], [ 92.8703753, 26.1130812 ], [ 92.869784, 26.1128927 ], [ 92.869472, 26.1128408 ], [ 92.8691863, 26.1128441 ], [ 92.8685533, 26.1129221 ], [ 92.8679685, 26.1129405 ], [ 92.8670392, 26.112883 ], [ 92.8669547, 26.1128778 ], [ 92.8659247, 26.11282 ], [ 92.8656189, 26.1127093 ], [ 92.8652094, 26.1125412 ], [ 92.8648035, 26.1123745 ], [ 92.8644573, 26.1123292 ] ] } },
{ "type": "Feature", "properties": { "asset_name": "OSM Way 433877227", "asset_type": "road", "osm_id": 433877227 }, "geometry": { "type": "LineString", "coordinates": [ [ 92.8750072, 26.10513 ], [ 92.8737992, 26.1054127 ], [ 92.8734344, 26.1054175 ], [ 92.8717714, 26.1053548 ], [ 92.8705805, 26.105244 ], [ 92.8685085, 26.104964 ] ] } },
{ "type": "Feature", "properties": { "asset_name": "OSM Way 461726888", "asset_type": "road", "osm_id": 461726888 }, "geometry": { "type": "LineString", "coordinates": [ [ 92.6897326, 25.9237363 ], [ 92.6898989, 25.9236947 ], [ 92.6899794, 25.9236862 ], [ 92.6901282, 25.9237001 ], [ 92.6903871, 25.9237109 ], [ 92.690668, 25.9237393 ], [ 92.6909745, 25.9237761 ], [ 92.6912876, 25.9237936 ], [ 92.6914881, 25.9237881 ], [ 92.6916584, 25.9237737 ], [ 92.6919179, 25.9237399 ], [ 92.6921707, 25.923717 ], [ 92.6923082, 25.923723 ], [ 92.6924477, 25.9237562 ], [ 92.6925704, 25.9238219 ], [ 92.6927554, 25.9239636 ], [ 92.693046, 25.9243007 ], [ 92.6934098, 25.9245835 ], [ 92.6935636, 25.9248193 ], [ 92.6936763, 25.9254321 ], [ 92.6935931, 25.9264042 ], [ 92.6936226, 25.9274994 ] ] } },
{ "type": "Feature", "properties": { "asset_name": "OSM Way 461727375", "asset_type": "road", "osm_id": 461727375 }, "geometry": { "type": "LineString", "coordinates": [ [ 92.6936226, 25.9274994 ], [ 92.6938238, 25.9277551 ], [ 92.6941242, 25.9280469 ], [ 92.6947669, 25.9283924 ], [ 92.6963901, 25.929226 ], [ 92.6976004, 25.929668 ], [ 92.6978793, 25.9297403 ], [ 92.6993213, 25.9296178 ], [ 92.6994379, 25.9296077 ], [ 92.6997129, 25.929584 ], [ 92.699906, 25.9296467 ], [ 92.7001045, 25.9298397 ], [ 92.7002721, 25.930143 ], [ 92.7004145, 25.9304009 ] ] } },
{ "type": "Feature", "properties": { "asset_name": "OSM Way 461728227", "asset_type": "road", "osm_id": 461728227 }, "geometry": { "type": "LineString", "coordinates": [ [ 92.9593107, 26.0672834 ], [ 92.9587338, 26.0672688 ], [ 92.9573079, 26.0670008 ], [ 92.9553784, 26.0670085 ], [ 92.9549977, 26.0670401 ], [ 92.954641, 26.0671244 ], [ 92.9544076, 26.0672208 ], [ 92.9520875, 26.0683772 ], [ 92.9517922, 26.0685048 ], [ 92.9516208, 26.0685435 ], [ 92.9513526, 26.0685604 ], [ 92.9467204, 26.0687507 ], [ 92.9464146, 26.0687531 ], [ 92.9451843, 26.0688127 ], [ 92.9435399, 26.0689703 ], [ 92.9431638, 26.0690109 ], [ 92.9428803, 26.069068 ], [ 92.9416913, 26.0693723 ], [ 92.9410851, 26.069553 ], [ 92.9407552, 26.0696614 ], [ 92.9405415, 26.0697162 ], [ 92.9402885, 26.0697192 ], [ 92.9397019, 26.0696993 ], [ 92.9393095, 26.0696181 ], [ 92.9388562, 26.0694928 ], [ 92.9385727, 26.0694584 ], [ 92.9379021, 26.0694319 ], [ 92.9377189, 26.0694012 ], [ 92.9375553, 26.0693434 ], [ 92.937212, 26.0691796 ], [ 92.9367185, 26.0689699 ], [ 92.9359245, 26.0686688 ], [ 92.9340923, 26.0679626 ], [ 92.9331136, 26.0675966 ], [ 92.9321104, 26.0672858 ], [ 92.9310724, 26.0668593 ], [ 92.9300342, 26.066517 ], [ 92.9255291, 26.0664997 ], [ 92.9246297, 26.0664064 ], [ 92.9218813, 26.0659696 ], [ 92.9131148, 26.0656111 ], [ 92.9074178, 26.0662231 ], [ 92.9041162, 26.0666088 ], [ 92.90274, 26.0667917 ], [ 92.9023805, 26.0667821 ], [ 92.9017754, 26.0666346 ], [ 92.9013999, 26.0664949 ], [ 92.8992318, 26.0654377 ], [ 92.8989599, 26.0652935 ] ] } },
{ "type": "Feature", "properties": { "asset_name": "OSM Way 499433238", "asset_type": "road", "osm_id": 499433238 }, "geometry": { "type": "LineString", "coordinates": [ [ 92.6729697, 26.1720734 ], [ 92.67341, 26.1724052 ], [ 92.6737855, 26.1726928 ], [ 92.6740497, 26.1728938 ], [ 92.6743206, 26.1730876 ], [ 92.6745205, 26.1732188 ], [ 92.6747069, 26.1733404 ], [ 92.6750904, 26.1735871 ], [ 92.6758361, 26.1740421 ], [ 92.6762009, 26.1742515 ], [ 92.6764905, 26.1743767 ], [ 92.6768446, 26.1744802 ], [ 92.6772067, 26.1745428 ], [ 92.6784566, 26.1746655 ], [ 92.6793525, 26.174745 ], [ 92.6797762, 26.1747907 ], [ 92.6802698, 26.1748629 ], [ 92.6809055, 26.1749351 ], [ 92.6814902, 26.1749905 ], [ 92.6823458, 26.1750579 ], [ 92.6826623, 26.1750844 ] ] } },
{ "type": "Feature", "properties": { "asset_name": "OSM Way 499433239", "asset_type": "road", "osm_id": 499433239 }, "geometry": { "type": "LineString", "coordinates": [ [ 92.6727408, 26.1718973 ], [ 92.6729697, 26.1720734 ] ] } },
{ "type": "Feature", "properties": { "asset_name": "OSM Way 499433240", "asset_type": "road", "osm_id": 499433240 }, "geometry": { "type": "LineString", "coordinates": [ [ 92.6883218, 26.1753672 ], [ 92.6888314, 26.1754009 ], [ 92.6891989, 26.1754178 ], [ 92.6898855, 26.1754527 ], [ 92.6914814, 26.1755417 ], [ 92.6920661, 26.1755646 ], [ 92.6923377, 26.1755749 ], [ 92.6924443, 26.175579 ], [ 92.6925959, 26.1755826 ], [ 92.6926951, 26.1755802 ], [ 92.692789, 26.175573 ], [ 92.692958, 26.1755417 ], [ 92.6932289, 26.1754779 ], [ 92.6936822, 26.1753672 ], [ 92.6943648, 26.1752035 ], [ 92.6951131, 26.1750254 ], [ 92.6954108, 26.174946 ], [ 92.6956241, 26.174881 ], [ 92.6959567, 26.1747787 ], [ 92.6964059, 26.1746451 ], [ 92.6968646, 26.1745018 ] ] } },
{ "type": "Feature", "properties": { "asset_name": "OSM Way 499433241", "asset_type": "road", "osm_id": 499433241 }, "geometry": { "type": "LineString", "coordinates": [ [ 92.6826623, 26.1750844 ], [ 92.6834691, 26.1751546 ] ] } },
{ "type": "Feature", "properties": { "asset_name": "OSM Way 499433242", "asset_type": "road", "osm_id": 499433242 }, "geometry": { "type": "LineString", "coordinates": [ [ 92.7473532, 26.1926336 ], [ 92.7475141, 26.1927888 ], [ 92.7481914, 26.1934158 ], [ 92.7484998, 26.1936986 ], [ 92.7488478, 26.1940175 ], [ 92.7492093, 26.194352 ], [ 92.7495633, 26.1946745 ], [ 92.7499187, 26.194991 ], [ 92.7502687, 26.1953171 ], [ 92.7505825, 26.1956023 ], [ 92.7510814, 26.1960451 ], [ 92.7513778, 26.1963123 ], [ 92.7515522, 26.1964808 ], [ 92.7517131, 26.196624 ], [ 92.7521047, 26.1969922 ], [ 92.7525392, 26.1974037 ], [ 92.7530166, 26.1978369 ], [ 92.7533224, 26.1981161 ], [ 92.753773, 26.1985373 ], [ 92.7545777, 26.1992713 ], [ 92.755031, 26.1997069 ], [ 92.7555165, 26.200169 ], [ 92.755892, 26.2005252 ], [ 92.7562514, 26.2008332 ], [ 92.7568924, 26.2014156 ], [ 92.7571177, 26.2016226 ], [ 92.7573457, 26.2018392 ], [ 92.7575026, 26.2020209 ], [ 92.7575657, 26.2021039 ], [ 92.7576314, 26.202205 ], [ 92.7576904, 26.2023409 ], [ 92.7577615, 26.2025443 ], [ 92.7578607, 26.2028499 ], [ 92.7580002, 26.2033144 ], [ 92.7581772, 26.2039088 ], [ 92.7584803, 26.2049148 ], [ 92.7586144, 26.2053407 ], [ 92.758829, 26.2059953 ], [ 92.7591133, 26.2068953 ], [ 92.7593306, 26.2075667 ], [ 92.7594995, 26.2080865 ], [ 92.7595961, 26.2083729 ], [ 92.7597061, 26.2086857 ], [ 92.7598134, 26.2090238 ], [ 92.7598831, 26.209238 ], [ 92.75993, 26.209374 ], [ 92.759981, 26.2095003 ], [ 92.7600333, 26.2096303 ], [ 92.7600896, 26.2097277 ], [ 92.7601969, 26.2098745 ], [ 92.7603632, 26.2100767 ], [ 92.7607468, 26.2105628 ], [ 92.7613905, 26.2113809 ], [ 92.7624902, 26.2127887 ], [ 92.7632064, 26.2135804 ], [ 92.7640566, 26.2144491 ], [ 92.7642363, 26.2146319 ], [ 92.7645287, 26.2148702 ], [ 92.7647433, 26.2150266 ], [ 92.765438, 26.2154862 ], [ 92.7660978, 26.215953 ], [ 92.7665511, 26.2162947 ], [ 92.7668327, 26.2165257 ], [ 92.7669695, 26.2166484 ], [ 92.7671519, 26.2168409 ], [ 92.7675515, 26.2172524 ], [ 92.7679378, 26.2175845 ], [ 92.7685091, 26.2181018 ], [ 92.7691045, 26.2186336 ], [ 92.769641, 26.2191052 ], [ 92.7710223, 26.2203107 ], [ 92.7713451, 26.2206483 ], [ 92.7714112, 26.2207174 ], [ 92.7717036, 26.2210735 ], [ 92.7719504, 26.2213695 ], [ 92.7723768, 26.2219229 ], [ 92.772696, 26.2223488 ], [ 92.7730527, 26.2228637 ], [ 92.7732646, 26.2231958 ], [ 92.7734578, 26.2234869 ], [ 92.7737045, 26.2238069 ], [ 92.7740881, 26.2242689 ], [ 92.7746916, 26.2249522 ], [ 92.7752387, 26.2255514 ], [ 92.7757001, 26.2260518 ], [ 92.7759415, 26.2263213 ], [ 92.7762821, 26.2267063 ], [ 92.7765799, 26.2270768 ], [ 92.7768588, 26.2273848 ], [ 92.7771056, 26.2276398 ], [ 92.7774623, 26.2279526 ], [ 92.7778995, 26.2283015 ], [ 92.7787417, 26.2290666 ], [ 92.779305, 26.2296393 ], [ 92.779946, 26.2303514 ], [ 92.7803993, 26.2308471 ], [ 92.7807775, 26.2312874 ], [ 92.7811798, 26.2317662 ], [ 92.7813274, 26.231961 ], [ 92.7814883, 26.2321848 ], [ 92.7816412, 26.2324759 ], [ 92.7817726, 26.2327261 ], [ 92.7818799, 26.2330076 ], [ 92.7820864, 26.2334503 ], [ 92.7822849, 26.2337727 ], [ 92.7826202, 26.234302 ], [ 92.7828294, 26.2346798 ], [ 92.7830064, 26.2350503 ], [ 92.783213, 26.235517 ], [ 92.7833578, 26.2358875 ], [ 92.7834758, 26.2362701 ], [ 92.7835777, 26.236655 ], [ 92.7836904, 26.2371242 ], [ 92.7838004, 26.237639 ], [ 92.7838755, 26.2380576 ], [ 92.7839024, 26.2381842 ], [ 92.7839854, 26.2385749 ], [ 92.7841276, 26.2392148 ], [ 92.7842054, 26.239607 ], [ 92.7843985, 26.2407281 ], [ 92.7846372, 26.2423448 ], [ 92.7846989, 26.2428043 ], [ 92.7847472, 26.2432758 ], [ 92.7848089, 26.2436751 ], [ 92.7848437, 26.2438893 ], [ 92.7848947, 26.2441202 ], [ 92.7850234, 26.2446711 ], [ 92.7851012, 26.2449887 ], [ 92.7851817, 26.2452725 ], [ 92.7852729, 26.2454818 ], [ 92.7853802, 26.2456959 ], [ 92.7854419, 26.2458234 ], [ 92.7855089, 26.2459846 ], [ 92.7855438, 26.2461747 ], [ 92.7855653, 26.2464056 ], [ 92.7855948, 26.2467761 ], [ 92.7856066, 26.2469756 ], [ 92.7856135, 26.2470912 ], [ 92.7856243, 26.2474785 ], [ 92.7857262, 26.2490013 ], [ 92.7857718, 26.2496051 ], [ 92.7858201, 26.2507406 ], [ 92.7858308, 26.2513155 ], [ 92.7858093, 26.251722 ], [ 92.7857316, 26.2525375 ], [ 92.7856806, 26.2529296 ], [ 92.7855974, 26.2533506 ], [ 92.7855089, 26.2536489 ], [ 92.7853131, 26.2543369 ], [ 92.7851897, 26.2547602 ], [ 92.7849725, 26.2555252 ], [ 92.7848974, 26.2557777 ], [ 92.7846721, 26.2564152 ], [ 92.7845004, 26.2569155 ], [ 92.7843744, 26.2572475 ], [ 92.7841705, 26.2577334 ], [ 92.7841035, 26.2578994 ], [ 92.7840525, 26.2580918 ], [ 92.7839667, 26.2584767 ], [ 92.783846, 26.2590732 ], [ 92.7837494, 26.2596 ], [ 92.7836341, 26.2602086 ], [ 92.7834597, 26.2613655 ], [ 92.7833712, 26.2619621 ], [ 92.7831432, 26.2631551 ], [ 92.7830279, 26.2637589 ], [ 92.7829447, 26.2641894 ], [ 92.782816, 26.2646512 ], [ 92.7824914, 26.2656975 ], [ 92.7823949, 26.2659898 ], [ 92.7822755, 26.2664011 ], [ 92.7821428, 26.2668617 ], [ 92.7820261, 26.2672453 ], [ 92.7819067, 26.2676037 ], [ 92.7817632, 26.2680956 ], [ 92.7815942, 26.2686451 ], [ 92.7814333, 26.2691406 ], [ 92.7812402, 26.2697624 ], [ 92.7811262, 26.2701845 ], [ 92.7810363, 26.2705392 ], [ 92.7810082, 26.2706715 ], [ 92.7809867, 26.270799 ], [ 92.7809693, 26.2709193 ], [ 92.7809505, 26.2710756 ], [ 92.7809197, 26.2713726 ], [ 92.7808902, 26.2716564 ], [ 92.7808741, 26.2718019 ], [ 92.7808633, 26.2718982 ], [ 92.7808379, 26.2719944 ], [ 92.7808084, 26.2720701 ], [ 92.780744, 26.2721639 ], [ 92.7806716, 26.2722493 ], [ 92.7805723, 26.2723491 ], [ 92.780453, 26.2724381 ], [ 92.7803229, 26.2725271 ], [ 92.7797703, 26.2728807 ], [ 92.779604, 26.2729925 ], [ 92.7794994, 26.2730803 ], [ 92.779415, 26.2731873 ], [ 92.7793586, 26.2732955 ], [ 92.7793117, 26.273405 ], [ 92.7792741, 26.2735481 ], [ 92.7792393, 26.2737345 ], [ 92.7791977, 26.2739329 ], [ 92.7791508, 26.2741602 ], [ 92.7791065, 26.2744187 ], [ 92.7790314, 26.2747386 ], [ 92.7789724, 26.274943 ], [ 92.7789254, 26.2751402 ], [ 92.7789, 26.2752617 ], [ 92.7789026, 26.2753567 ], [ 92.7789107, 26.2754373 ], [ 92.7789415, 26.2755202 ], [ 92.7789912, 26.2756165 ], [ 92.779073, 26.2757379 ], [ 92.7791937, 26.275958 ], [ 92.7795598, 26.2765857 ], [ 92.7799259, 26.2772519 ], [ 92.7801579, 26.2776752 ], [ 92.7803014, 26.2779554 ], [ 92.7805482, 26.2784291 ], [ 92.7807172, 26.2788055 ], [ 92.7808566, 26.2791146 ], [ 92.7810296, 26.2794717 ], [ 92.7811101, 26.2796677 ], [ 92.7812402, 26.2799383 ], [ 92.7814065, 26.2803135 ], [ 92.7815634, 26.280679 ], [ 92.781727, 26.2811023 ], [ 92.7818048, 26.2812923 ], [ 92.7818812, 26.2814714 ], [ 92.7819456, 26.2816061 ], [ 92.7820247, 26.2817396 ], [ 92.7821146, 26.2818779 ], [ 92.7821857, 26.2819705 ], [ 92.7822581, 26.282045 ], [ 92.782352, 26.2821148 ], [ 92.7824767, 26.2821893 ], [ 92.7827235, 26.2823264 ], [ 92.7830574, 26.2825104 ], [ 92.7832934, 26.2826439 ], [ 92.7835777, 26.2827942 ], [ 92.783858, 26.2829445 ], [ 92.7842402, 26.2831513 ], [ 92.7850127, 26.283601 ], [ 92.7855492, 26.2839161 ], [ 92.7862519, 26.2843105 ], [ 92.7870727, 26.284765 ], [ 92.7878854, 26.2852075 ], [ 92.7882233, 26.2853975 ], [ 92.7885854, 26.2856043 ], [ 92.7890012, 26.2858303 ], [ 92.7893713, 26.2860083 ], [ 92.7898085, 26.2862392 ], [ 92.7901572, 26.2864412 ], [ 92.7904549, 26.2866167 ], [ 92.7907044, 26.2868019 ], [ 92.7908599, 26.2869125 ], [ 92.7909994, 26.2870279 ], [ 92.7910987, 26.2871374 ], [ 92.7911925, 26.2872756 ], [ 92.7912569, 26.2873935 ], [ 92.7912998, 26.2875077 ], [ 92.791324, 26.2876147 ], [ 92.7913535, 26.2877819 ], [ 92.7913682, 26.2879586 ], [ 92.791383, 26.2881774 ], [ 92.7913789, 26.2885454 ], [ 92.7913722, 26.2889831 ], [ 92.7913763, 26.2895482 ], [ 92.7913816, 26.2901253 ], [ 92.7913924, 26.2903045 ], [ 92.7914031, 26.2904367 ], [ 92.7914366, 26.2905907 ], [ 92.791501, 26.2907842 ], [ 92.7918041, 26.2915489 ], [ 92.7918189, 26.2915912 ], [ 92.791914, 26.291864 ], [ 92.7920106, 26.2921309 ], [ 92.7921072, 26.2923593 ], [ 92.7922305, 26.2926094 ], [ 92.7923888, 26.2928764 ], [ 92.792488, 26.2930471 ], [ 92.7925672, 26.2932178 ], [ 92.7926101, 26.2933525 ], [ 92.7926302, 26.2934619 ], [ 92.7926342, 26.2935797 ], [ 92.7926302, 26.2938094 ], [ 92.7926141, 26.2940354 ], [ 92.7925551, 26.2944178 ], [ 92.7925014, 26.2948097 ], [ 92.7924773, 26.2950141 ], [ 92.7924478, 26.2952378 ], [ 92.7924103, 26.2953892 ], [ 92.7923486, 26.2955768 ], [ 92.7922574, 26.2958173 ], [ 92.7921179, 26.296113 ], [ 92.7917907, 26.2967094 ], [ 92.7914634, 26.2972865 ], [ 92.7911764, 26.2978011 ], [ 92.7910866, 26.2979682 ], [ 92.7910624, 26.2980319 ], [ 92.7910356, 26.2981017 ], [ 92.7910343, 26.298163 ], [ 92.7910423, 26.2982291 ], [ 92.7910772, 26.2982868 ], [ 92.7911577, 26.2983578 ], [ 92.7913065, 26.2984383 ], [ 92.7914272, 26.2984876 ], [ 92.7915573, 26.2985249 ], [ 92.7919006, 26.2985946 ], [ 92.7923861, 26.2986788 ], [ 92.7931827, 26.2988327 ], [ 92.7943844, 26.2990803 ], [ 92.7958998, 26.2993905 ], [ 92.7979624, 26.2998113 ], [ 92.799671, 26.3001889 ], [ 92.8003424, 26.3003213 ], [ 92.8013541, 26.3005207 ], [ 92.801629, 26.3005676 ], [ 92.8018704, 26.300606 ], [ 92.8020743, 26.3006373 ], [ 92.8023143, 26.3006613 ], [ 92.8025007, 26.3006758 ], [ 92.8027166, 26.300683 ], [ 92.8030023, 26.300671 ], [ 92.8032678, 26.3006517 ], [ 92.8035884, 26.3006277 ], [ 92.8040859, 26.3005712 ], [ 92.8048557, 26.300475 ], [ 92.805203, 26.3004365 ], [ 92.8056389, 26.3003992 ], [ 92.8059259, 26.3003836 ], [ 92.8062867, 26.3003728 ], [ 92.8065589, 26.3003764 ], [ 92.8067359, 26.3003812 ], [ 92.8068888, 26.3003968 ], [ 92.8070739, 26.3004353 ], [ 92.807259, 26.3004726 ], [ 92.8073971, 26.3004942 ], [ 92.807605, 26.3005111 ], [ 92.807849, 26.3005255 ], [ 92.8082353, 26.3005543 ], [ 92.8083722, 26.3005577 ], [ 92.8085276, 26.3005616 ], [ 92.8087985, 26.3005712 ], [ 92.8090963, 26.3005952 ], [ 92.8094637, 26.3006241 ], [ 92.8096957, 26.3006565 ], [ 92.8098661, 26.3006974 ], [ 92.810027, 26.3007515 ], [ 92.8102255, 26.3008309 ], [ 92.8104562, 26.3009439 ], [ 92.8106841, 26.3010617 ], [ 92.8109229, 26.3011915 ], [ 92.8112501, 26.3013358 ], [ 92.8114915, 26.3014248 ], [ 92.8118241, 26.3015354 ], [ 92.8120923, 26.3016244 ], [ 92.8123873, 26.3016941 ], [ 92.8126851, 26.3017542 ], [ 92.812956, 26.3017951 ], [ 92.8132993, 26.3018312 ], [ 92.8136721, 26.3018841 ], [ 92.8140637, 26.3019466 ], [ 92.8143615, 26.3020115 ], [ 92.8147155, 26.3020932 ], [ 92.8149918, 26.3021798 ], [ 92.8150964, 26.3022207 ], [ 92.8151929, 26.3022664 ], [ 92.8153136, 26.3023265 ], [ 92.8155081, 26.3024431 ], [ 92.8156261, 26.3025152 ], [ 92.815775, 26.3026174 ] ] } },
{ "type": "Feature", "properties": { "asset_name": "OSM Way 499433243", "asset_type": "road", "osm_id": 499433243 }, "geometry": { "type": "LineString", "coordinates": [ [ 92.7146973, 26.1730599 ], [ 92.7152055, 26.1734956 ] ] } },
{ "type": "Feature", "properties": { "asset_name": "OSM Way 499433245", "asset_type": "road", "osm_id": 499433245 }, "geometry": { "type": "LineString", "coordinates": [ [ 92.6614085, 26.1611209 ], [ 92.6614541, 26.1619454 ], [ 92.6614702, 26.1621404 ], [ 92.6614889, 26.1623703 ], [ 92.6615104, 26.1626568 ], [ 92.6615319, 26.1629698 ], [ 92.6615466, 26.1631323 ], [ 92.6615614, 26.1632611 ], [ 92.6615949, 26.1634139 ], [ 92.6616418, 26.1635981 ], [ 92.6616982, 26.1638136 ], [ 92.6617813, 26.1641518 ], [ 92.661847, 26.1643973 ], [ 92.6619355, 26.1647259 ], [ 92.6619945, 26.1649679 ], [ 92.6620871, 26.1653519 ], [ 92.6621568, 26.1656275 ], [ 92.6622279, 26.1658827 ], [ 92.6622856, 26.1661066 ], [ 92.6623768, 26.1664316 ], [ 92.6624291, 26.1665977 ], [ 92.6624653, 26.1666807 ], [ 92.6625082, 26.1667577 ], [ 92.6625793, 26.1668516 ], [ 92.6628032, 26.1670839 ], [ 92.6629414, 26.1672163 ], [ 92.6630419, 26.167303 ], [ 92.6632109, 26.1674498 ], [ 92.6634563, 26.1676593 ], [ 92.6637407, 26.167894 ], [ 92.6639982, 26.1681203 ], [ 92.6640867, 26.1682009 ], [ 92.6641712, 26.1682828 ], [ 92.664257, 26.1683779 ], [ 92.6643267, 26.1684838 ], [ 92.6644394, 26.168698 ], [ 92.6645024, 26.1688569 ], [ 92.6646553, 26.1692517 ], [ 92.6647921, 26.1695911 ], [ 92.6649088, 26.1698643 ], [ 92.6650174, 26.1701243 ], [ 92.6651502, 26.1704373 ], [ 92.6652534, 26.170666 ], [ 92.6653071, 26.1707514 ], [ 92.6653567, 26.1708188 ], [ 92.6654452, 26.1709223 ], [ 92.6655297, 26.171003 ], [ 92.6656397, 26.1710764 ], [ 92.6657322, 26.1711161 ], [ 92.6658451, 26.1711405 ], [ 92.6659924, 26.1711534 ], [ 92.6664269, 26.1711402 ], [ 92.6667608, 26.1711173 ], [ 92.6670438, 26.1710969 ], [ 92.6672986, 26.171092 ], [ 92.6676084, 26.1710896 ], [ 92.6680939, 26.1710993 ], [ 92.6691292, 26.171139 ], [ 92.6704958, 26.1711835 ], [ 92.6710108, 26.1712058 ], [ 92.6711751, 26.171216 ], [ 92.6712964, 26.1712329 ], [ 92.6714104, 26.1712557 ], [ 92.6715513, 26.1712894 ], [ 92.6716988, 26.171334 ], [ 92.6718584, 26.1713942 ], [ 92.6719965, 26.1714567 ], [ 92.6721507, 26.1715302 ], [ 92.6723492, 26.1716469 ], [ 92.6725504, 26.1717757 ], [ 92.6727408, 26.1718973 ] ] } },
{ "type": "Feature", "properties": { "asset_name": "OSM Way 499436157", "asset_type": "road", "osm_id": 499436157 }, "geometry": { "type": "LineString", "coordinates": [ [ 92.8659456, 26.1106222 ], [ 92.8657321, 26.1107327 ], [ 92.8656511, 26.1107726 ], [ 92.8655048, 26.1108446 ], [ 92.8644573, 26.1123292 ] ] } },
{ "type": "Feature", "properties": { "asset_name": "OSM Way 499436159", "asset_type": "road", "osm_id": 499436159 }, "geometry": { "type": "LineString", "coordinates": [ [ 92.8666155, 26.1102884 ], [ 92.8659456, 26.1106222 ] ] } },
{ "type": "Feature", "properties": { "asset_name": "OSM Way 526581780", "asset_type": "road", "osm_id": 526581780 }, "geometry": { "type": "LineString", "coordinates": [ [ 92.8537469, 26.0029666 ], [ 92.8540166, 26.0027667 ], [ 92.8542974, 26.0025935 ], [ 92.8545303, 26.0024578 ], [ 92.8547717, 26.0023247 ] ] } },
{ "type": "Feature", "properties": { "asset_name": "OSM Way 526581859", "asset_type": "road", "osm_id": 526581859 }, "geometry": { "type": "LineString", "coordinates": [ [ 92.878523, 26.0040632 ], [ 92.8780342, 26.0040182 ], [ 92.8778759, 26.004019 ], [ 92.8777364, 26.0040398 ], [ 92.8773153, 26.0040953 ], [ 92.8770981, 26.0041339 ], [ 92.8768808, 26.00417 ], [ 92.8767065, 26.0042014 ], [ 92.8765101, 26.0042245 ], [ 92.8763932, 26.0042212 ], [ 92.8761948, 26.0042014 ], [ 92.8759158, 26.0041546 ], [ 92.8756465, 26.0040871 ], [ 92.8754045, 26.0040259 ], [ 92.8750328, 26.0039651 ], [ 92.8747753, 26.0039314 ], [ 92.8746227, 26.003927 ], [ 92.8744636, 26.0039246 ], [ 92.8741718, 26.0039892 ], [ 92.8731284, 26.0042399 ], [ 92.8730508, 26.0042588 ], [ 92.8718383, 26.0045328 ], [ 92.8715486, 26.0045847 ], [ 92.8709588, 26.0047161 ], [ 92.8706603, 26.0047795 ], [ 92.8705643, 26.0048159 ], [ 92.8704811, 26.0048619 ], [ 92.870417, 26.0049012 ], [ 92.8703658, 26.0049559 ], [ 92.869847, 26.0057124 ], [ 92.8695276, 26.0062022 ], [ 92.8694288, 26.0063517 ], [ 92.8693154, 26.0064891 ], [ 92.8692339, 26.0065813 ], [ 92.8691768, 26.0066111 ], [ 92.8691074, 26.0066156 ], [ 92.869038, 26.0066048 ], [ 92.8688015, 26.0065372 ], [ 92.8686926, 26.0065029 ], [ 92.8684158, 26.0064099 ], [ 92.8682092, 26.0063447 ], [ 92.8679625, 26.0062842 ], [ 92.8676976, 26.0062477 ], [ 92.8675314, 26.0062344 ], [ 92.8674994, 26.0062327 ] ] } },
{ "type": "Feature", "properties": { "asset_name": "OSM Way 601129761", "asset_type": "road", "osm_id": 601129761 }, "geometry": { "type": "LineString", "coordinates": [ [ 92.9077278, 26.0494579 ], [ 92.9086078, 26.047777 ], [ 92.9092116, 26.0467088 ], [ 92.9098213, 26.0457276 ], [ 92.9105892, 26.0444458 ], [ 92.9113827, 26.0429936 ], [ 92.9117629, 26.0421671 ], [ 92.9121963, 26.0412268 ], [ 92.9124375, 26.040584 ], [ 92.9128872, 26.0389127 ], [ 92.9134391, 26.0371936 ], [ 92.9141382, 26.0350704 ], [ 92.9148127, 26.0331345 ], [ 92.9155445, 26.0310884 ], [ 92.916189, 26.0288734 ], [ 92.9169386, 26.0271099 ], [ 92.9175151, 26.0257213 ], [ 92.9179075, 26.0248176 ], [ 92.9180874, 26.0244025 ], [ 92.9182959, 26.0239102 ], [ 92.9189541, 26.0220072 ], [ 92.9195878, 26.0202033 ], [ 92.9200702, 26.0188477 ], [ 92.9203237, 26.0181496 ], [ 92.9207243, 26.0165956 ], [ 92.9210064, 26.0149717 ], [ 92.9212762, 26.0133441 ], [ 92.9214806, 26.011474 ], [ 92.9216115, 26.0106914 ], [ 92.9220144, 26.0092098 ], [ 92.9220571, 26.0090527 ], [ 92.9226826, 26.0071531 ], [ 92.9232917, 26.0052241 ], [ 92.9239704, 26.0029718 ], [ 92.9245795, 26.0011199 ], [ 92.9251968, 25.9990622 ], [ 92.9254176, 25.9982023 ], [ 92.9257078, 25.9975042 ], [ 92.9262638, 25.9962916 ], [ 92.9265459, 25.9955603 ], [ 92.9269752, 25.9942081 ], [ 92.9271551, 25.9936385 ], [ 92.9272178, 25.9926369 ], [ 92.9272246, 25.9925287 ], [ 92.927196, 25.9917791 ], [ 92.9269425, 25.9895522 ], [ 92.9268648, 25.9890304 ], [ 92.9268485, 25.9883983 ], [ 92.9269916, 25.9879096 ], [ 92.9271142, 25.9874722 ], [ 92.927429, 25.9870055 ], [ 92.928308, 25.9858406 ], [ 92.9296734, 25.9842016 ], [ 92.9313741, 25.9822943 ], [ 92.9318443, 25.981732 ], [ 92.9322326, 25.9812064 ], [ 92.9326537, 25.9803465 ], [ 92.9330094, 25.9796151 ], [ 92.9332263, 25.9791558 ], [ 92.9341051, 25.9780789 ], [ 92.9358098, 25.9757415 ], [ 92.937347, 25.9739333 ], [ 92.939109, 25.9719266 ], [ 92.9410141, 25.9698169 ], [ 92.9430174, 25.967619 ], [ 92.9447344, 25.9657151 ], [ 92.9452003, 25.9651776 ], [ 92.946759, 25.9634641 ], [ 92.9479295, 25.9621921 ], [ 92.9496907, 25.9603825 ], [ 92.9510325, 25.9589561 ], [ 92.9522669, 25.9576679 ], [ 92.9527833, 25.9571093 ] ] } },
{ "type": "Feature", "properties": { "asset_name": "OSM Way 601129763", "asset_type": "road", "osm_id": 601129763 }, "geometry": { "type": "LineString", "coordinates": [ [ 92.9526658, 25.9570325 ], [ 92.9520884, 25.9576574 ], [ 92.9515727, 25.9582232 ], [ 92.9500142, 25.9598381 ], [ 92.9483788, 25.9614781 ], [ 92.9466612, 25.9633887 ], [ 92.9462999, 25.9637957 ], [ 92.9444187, 25.9658778 ], [ 92.941576, 25.9689984 ], [ 92.939479, 25.9713004 ], [ 92.9380925, 25.9729152 ], [ 92.9366064, 25.9745717 ], [ 92.9354414, 25.9760217 ], [ 92.9347677, 25.976955 ], [ 92.9330972, 25.9791322 ], [ 92.9326823, 25.9798709 ], [ 92.9321687, 25.9809251 ], [ 92.9318709, 25.9815006 ], [ 92.9313755, 25.982092 ], [ 92.9304799, 25.9830966 ], [ 92.9291722, 25.9845856 ], [ 92.9277178, 25.9863667 ], [ 92.9270085, 25.9873997 ], [ 92.9267549, 25.9880266 ], [ 92.9267113, 25.9887106 ], [ 92.9267905, 25.9895476 ], [ 92.9268936, 25.9905628 ], [ 92.92706, 25.9915139 ], [ 92.9270878, 25.9924828 ], [ 92.9269887, 25.9935122 ], [ 92.9267351, 25.9945879 ], [ 92.9264735, 25.9954107 ], [ 92.9257761, 25.9970242 ], [ 92.9253085, 25.9980322 ], [ 92.9250033, 25.9992325 ], [ 92.9245595, 26.0006786 ], [ 92.923969, 26.0026625 ], [ 92.9233587, 26.0045751 ], [ 92.922804, 26.0064378 ], [ 92.9222135, 26.0080939 ], [ 92.9218759, 26.0092434 ], [ 92.9216508, 26.01001 ], [ 92.9213932, 26.0112209 ], [ 92.9212545, 26.0122537 ], [ 92.9210603, 26.0141091 ], [ 92.9207274, 26.015847 ], [ 92.9203153, 26.0176704 ], [ 92.9199943, 26.0187174 ], [ 92.9195743, 26.019857 ], [ 92.9188213, 26.0219616 ], [ 92.9182309, 26.0237884 ], [ 92.9177712, 26.0248425 ], [ 92.9174383, 26.0256081 ], [ 92.9168875, 26.0269185 ], [ 92.9161005, 26.0288565 ], [ 92.9158056, 26.0299061 ], [ 92.9151002, 26.0318931 ], [ 92.9144662, 26.0337197 ], [ 92.9138361, 26.0356389 ], [ 92.9132417, 26.0373801 ], [ 92.9127027, 26.0390928 ], [ 92.9122113, 26.0408801 ], [ 92.9116803, 26.0420337 ], [ 92.9111929, 26.043052 ], [ 92.9104622, 26.0443879 ], [ 92.9097395, 26.0455961 ], [ 92.9090738, 26.0466658 ], [ 92.9084718, 26.0477292 ], [ 92.9075806, 26.0494201 ] ] } },
{ "type": "Feature", "properties": { "asset_name": "OSM Way 608605409", "asset_type": "road", "osm_id": 608605409 }, "geometry": { "type": "LineString", "coordinates": [ [ 92.5993864, 25.8734016 ], [ 92.5996439, 25.8734921 ], [ 92.5997861, 25.8735645 ], [ 92.5998652, 25.8736333 ], [ 92.5999014, 25.8736779 ], [ 92.5999497, 25.8737648 ], [ 92.6000275, 25.8739325 ], [ 92.6001093, 25.8740641 ], [ 92.6002206, 25.8741859 ], [ 92.6003855, 25.8743283 ], [ 92.6005854, 25.8744743 ], [ 92.6007342, 25.8746071 ], [ 92.6008147, 25.874741 ], [ 92.6008335, 25.8748279 ], [ 92.6008496, 25.8749377 ], [ 92.6008643, 25.8750765 ], [ 92.6008925, 25.8751826 ], [ 92.6009461, 25.8752659 ], [ 92.6010427, 25.875354 ], [ 92.6012519, 25.875506 ], [ 92.601335, 25.8755748 ], [ 92.6013954, 25.8756484 ], [ 92.6014195, 25.8757268 ], [ 92.6014343, 25.8758427 ], [ 92.6014075, 25.8759633 ], [ 92.6013498, 25.8760961 ], [ 92.6013096, 25.8761709 ], [ 92.6012009, 25.8762698 ], [ 92.6009314, 25.8764363 ], [ 92.6006028, 25.8766391 ], [ 92.6002461, 25.8768502 ], [ 92.6000369, 25.876995 ], [ 92.5999685, 25.8770891 ], [ 92.599939, 25.8771688 ], [ 92.599943, 25.8772943 ], [ 92.5999711, 25.8774342 ], [ 92.6000315, 25.8776852 ], [ 92.6000932, 25.8779422 ], [ 92.6001428, 25.8781401 ], [ 92.6001401, 25.878303 ], [ 92.6001093, 25.8784176 ], [ 92.600061, 25.8784985 ], [ 92.5999725, 25.8785781 ], [ 92.599892, 25.8786119 ], [ 92.5997955, 25.878624 ], [ 92.5996023, 25.8786119 ], [ 92.5994159, 25.8785685 ], [ 92.5992711, 25.8785455 ], [ 92.5991786, 25.878548 ], [ 92.5990391, 25.8785733 ], [ 92.5989345, 25.8786312 ], [ 92.598854, 25.8786927 ], [ 92.5987749, 25.8787712 ], [ 92.5987118, 25.8788375 ], [ 92.5986595, 25.8788701 ], [ 92.5985201, 25.8789003 ], [ 92.5984208, 25.8789232 ], [ 92.5983256, 25.8789546 ], [ 92.5982612, 25.8790047 ], [ 92.5982136, 25.8790638 ], [ 92.5981814, 25.8791416 ], [ 92.5981781, 25.8792092 ], [ 92.5981835, 25.8792864 ], [ 92.5982103, 25.8794276 ], [ 92.5982398, 25.8796013 ], [ 92.5982156, 25.8797449 ], [ 92.5981432, 25.8799211 ], [ 92.5980265, 25.8801334 ], [ 92.5979501, 25.8802625 ], [ 92.5978763, 25.880347 ], [ 92.5977449, 25.880417 ], [ 92.5976202, 25.8804447 ], [ 92.5974981, 25.8804435 ], [ 92.5973506, 25.8804496 ], [ 92.5972179, 25.8804785 ], [ 92.5970368, 25.8805256 ], [ 92.5967807, 25.8805714 ], [ 92.5963515, 25.8806016 ], [ 92.5960538, 25.8806076 ], [ 92.595921, 25.8806173 ], [ 92.5958258, 25.8806535 ], [ 92.5957614, 25.8807078 ], [ 92.5957225, 25.8807669 ], [ 92.5957252, 25.8808067 ], [ 92.5957507, 25.8808767 ], [ 92.5958419, 25.8810155 ], [ 92.5959411, 25.8811566 ], [ 92.5960001, 25.8812676 ], [ 92.5960337, 25.8813835 ], [ 92.5960913, 25.881509 ], [ 92.5961785, 25.8816212 ], [ 92.5963475, 25.8817756 ], [ 92.5965339, 25.881883 ], [ 92.5966559, 25.8819349 ], [ 92.596845, 25.8820073 ], [ 92.5969671, 25.8820676 ], [ 92.5970985, 25.8821316 ], [ 92.5972283, 25.8821478 ], [ 92.5973188, 25.8821481 ], [ 92.5973744, 25.8821415 ], [ 92.5974709, 25.8821206 ], [ 92.5975197, 25.8821068 ], [ 92.5976108, 25.8820603 ], [ 92.5977888, 25.8819788 ], [ 92.5979055, 25.8819447 ], [ 92.5979856, 25.8819351 ], [ 92.5980885, 25.8819514 ], [ 92.5981576, 25.8819752 ], [ 92.5982076, 25.8819964 ], [ 92.5982585, 25.882041 ], [ 92.5982873, 25.8820838 ], [ 92.5983152, 25.8821978 ], [ 92.5983511, 25.8823113 ], [ 92.5983705, 25.8825514 ], [ 92.5983879, 25.8826784 ], [ 92.5984336, 25.8827873 ], [ 92.5985442, 25.8830449 ], [ 92.5985489, 25.8831559 ], [ 92.5985455, 25.8833984 ], [ 92.5985482, 25.8838436 ], [ 92.5985247, 25.8839872 ], [ 92.5985187, 25.8840475 ], [ 92.5985052, 25.8840982 ], [ 92.5984739, 25.8841574 ], [ 92.5982464, 25.8846188 ], [ 92.5981338, 25.8849983 ], [ 92.5980245, 25.8852848 ], [ 92.5979432, 25.8856948 ], [ 92.5979131, 25.8860363 ], [ 92.5979017, 25.886163 ], [ 92.5979044, 25.8862203 ], [ 92.5979325, 25.8863199 ], [ 92.5980412, 25.886525 ], [ 92.5981109, 25.8866637 ], [ 92.598135, 25.8867633 ], [ 92.5981404, 25.8869038 ], [ 92.5981223, 25.887004 ], [ 92.5980841, 25.8871548 ], [ 92.5980311, 25.8873448 ], [ 92.5979376, 25.8875235 ], [ 92.5978531, 25.887673 ], [ 92.5976693, 25.8878691 ], [ 92.597505, 25.8880073 ], [ 92.5973978, 25.8880875 ], [ 92.5973039, 25.8881551 ], [ 92.5972268, 25.8882432 ], [ 92.5971986, 25.8883089 ], [ 92.5971892, 25.8883813 ], [ 92.5971879, 25.8884392 ], [ 92.5972053, 25.8885249 ], [ 92.597269, 25.8886992 ], [ 92.5974217, 25.8890366 ], [ 92.5975654, 25.8892856 ], [ 92.5976834, 25.8894919 ], [ 92.5977404, 25.8896337 ], [ 92.5977478, 25.8897597 ], [ 92.5977378, 25.8898967 ], [ 92.5977257, 25.8900276 ], [ 92.5977217, 25.8901814 ], [ 92.5977773, 25.8903558 ], [ 92.5978444, 25.8904945 ], [ 92.5979717, 25.8906652 ], [ 92.5980167, 25.8907979 ], [ 92.5980408, 25.8909324 ], [ 92.5980395, 25.8910965 ], [ 92.5980053, 25.8912437 ], [ 92.5979362, 25.8914054 ], [ 92.5978644, 25.8915344 ], [ 92.5978148, 25.8916134 ], [ 92.5977685, 25.8917359 ], [ 92.597739, 25.8918903 ], [ 92.5977302, 25.8920358 ], [ 92.5977791, 25.8924606 ], [ 92.5978589, 25.8929083 ], [ 92.5978884, 25.893333 ], [ 92.5979481, 25.8940585 ], [ 92.598081, 25.8947614 ], [ 92.5980985, 25.8948843 ], [ 92.5980969, 25.8949555 ], [ 92.5980869, 25.8950679 ], [ 92.5980756, 25.8951523 ], [ 92.5978202, 25.8956835 ], [ 92.5977223, 25.8959031 ], [ 92.5977062, 25.8959441 ], [ 92.5976508, 25.8961439 ], [ 92.5976269, 25.8962246 ], [ 92.597596, 25.8963179 ], [ 92.5975792, 25.8963643 ], [ 92.5975603, 25.8964078 ], [ 92.5973093, 25.8968727 ], [ 92.5971817, 25.8971095 ], [ 92.5970934, 25.897301 ], [ 92.5970236, 25.8974636 ], [ 92.5969665, 25.8976116 ], [ 92.5969231, 25.8977211 ], [ 92.5968835, 25.8978198 ], [ 92.5968463, 25.8979084 ], [ 92.5968154, 25.8980053 ], [ 92.596793, 25.8980782 ], [ 92.5967753, 25.8981561 ], [ 92.5967275, 25.8983242 ], [ 92.5966787, 25.8985158 ], [ 92.5964962, 25.8989381 ], [ 92.5964158, 25.8991022 ], [ 92.5963809, 25.8991686 ], [ 92.5963447, 25.8992168 ], [ 92.5963018, 25.8992639 ], [ 92.5962548, 25.8993133 ], [ 92.596177, 25.8993821 ], [ 92.596059, 25.8994895 ], [ 92.5959477, 25.8995799 ], [ 92.5958525, 25.8996596 ], [ 92.5957626, 25.8997573 ], [ 92.5956782, 25.8998779 ], [ 92.5955856, 25.900012 ], [ 92.5953322, 25.9002917 ], [ 92.5952151, 25.9004353 ], [ 92.595164, 25.900533 ], [ 92.5951208, 25.9006364 ], [ 92.5951013, 25.9006943 ], [ 92.5950954, 25.9007307 ], [ 92.5950961, 25.9007665 ], [ 92.5951087, 25.9008152 ], [ 92.5952169, 25.9009684 ], [ 92.5953242, 25.9011844 ], [ 92.5953604, 25.9013424 ], [ 92.5953752, 25.9015065 ], [ 92.5953376, 25.9017056 ], [ 92.5953054, 25.9020458 ], [ 92.5953215, 25.9025114 ], [ 92.595351, 25.9028251 ], [ 92.5953604, 25.903082 ], [ 92.595339, 25.9032063 ], [ 92.5953008, 25.9033225 ], [ 92.5952718, 25.9033929 ], [ 92.5952108, 25.9034924 ], [ 92.5951632, 25.9035539 ], [ 92.5951109, 25.9036022 ], [ 92.5950757, 25.9036314 ], [ 92.5950244, 25.9036643 ], [ 92.5949944, 25.9036776 ], [ 92.59496, 25.9036908 ], [ 92.5948902, 25.9037114 ], [ 92.5948091, 25.9037307 ], [ 92.5946086, 25.9037632 ], [ 92.5943833, 25.9038 ], [ 92.5941316, 25.9038389 ], [ 92.594097, 25.9038441 ], [ 92.5940661, 25.9038495 ], [ 92.5940362, 25.9038558 ], [ 92.5938543, 25.9039038 ], [ 92.5938215, 25.903916 ], [ 92.593774, 25.9039376 ], [ 92.593742, 25.9039623 ], [ 92.5937096, 25.9039928 ], [ 92.5934696, 25.9042536 ], [ 92.5933447, 25.9044149 ], [ 92.5932642, 25.9045276 ], [ 92.5931395, 25.9047553 ], [ 92.5929746, 25.9050468 ], [ 92.592949, 25.9050948 ], [ 92.5929277, 25.9051435 ], [ 92.5929016, 25.9052311 ], [ 92.5928771, 25.9053664 ], [ 92.5928283, 25.9058147 ], [ 92.592826, 25.9059096 ], [ 92.5928311, 25.9059623 ], [ 92.5928348, 25.9059805 ], [ 92.5928421, 25.9060078 ], [ 92.592856, 25.9060416 ], [ 92.5928738, 25.9060778 ], [ 92.5929207, 25.9061557 ], [ 92.5930336, 25.9062965 ], [ 92.5931151, 25.9064511 ], [ 92.5931276, 25.9064828 ], [ 92.5931352, 25.9065244 ], [ 92.5931358, 25.9065607 ], [ 92.5931288, 25.9066055 ], [ 92.5930818, 25.9067452 ], [ 92.5930414, 25.9068525 ], [ 92.5930201, 25.9069195 ], [ 92.5930104, 25.9070013 ], [ 92.5930035, 25.907131 ], [ 92.5930238, 25.9072524 ], [ 92.5930493, 25.9073828 ], [ 92.5930811, 25.9075109 ], [ 92.5931429, 25.9077661 ], [ 92.5931446, 25.9078481 ], [ 92.593126, 25.9078991 ], [ 92.5930965, 25.9079418 ], [ 92.5930385, 25.9079784 ], [ 92.592938, 25.9080263 ], [ 92.5926608, 25.9081523 ], [ 92.5924817, 25.9082391 ], [ 92.5922947, 25.9083266 ], [ 92.5921297, 25.9083833 ], [ 92.5920177, 25.9084472 ], [ 92.5919702, 25.9084822 ], [ 92.5919568, 25.908494 ], [ 92.5919434, 25.9085074 ], [ 92.5919271, 25.9085252 ], [ 92.5919122, 25.9085472 ], [ 92.5918946, 25.9085762 ], [ 92.5918781, 25.9086119 ], [ 92.5918668, 25.908644 ], [ 92.5918525, 25.9086851 ], [ 92.591844, 25.9087275 ], [ 92.5918373, 25.9087962 ], [ 92.5918494, 25.9089665 ], [ 92.5918347, 25.9092187 ], [ 92.5918092, 25.9093755 ], [ 92.5916751, 25.9095926 ], [ 92.5914632, 25.9098773 ], [ 92.5912352, 25.9102368 ], [ 92.5911239, 25.9103634 ], [ 92.5910085, 25.9104346 ], [ 92.5908637, 25.9105372 ], [ 92.5906974, 25.9106385 ], [ 92.5906236, 25.9107374 ], [ 92.5906062, 25.910823 ], [ 92.590633, 25.9109292 ], [ 92.5907095, 25.9110571 ], [ 92.5908436, 25.9112199 ], [ 92.590971, 25.9114443 ], [ 92.5910394, 25.9116011 ], [ 92.591089, 25.9118291 ], [ 92.5911225, 25.9119533 ], [ 92.5911671, 25.9121327 ], [ 92.591174, 25.9121589 ], [ 92.5911775, 25.9121852 ], [ 92.5911751, 25.9122129 ], [ 92.5911647, 25.9122451 ], [ 92.5911511, 25.9122706 ], [ 92.5911341, 25.9122875 ], [ 92.5911128, 25.9123022 ], [ 92.591078, 25.9123102 ], [ 92.5910516, 25.9123139 ], [ 92.5910221, 25.9123157 ], [ 92.5909937, 25.9123134 ], [ 92.5909617, 25.9123047 ], [ 92.5907266, 25.9122264 ], [ 92.590659, 25.9122209 ], [ 92.590576, 25.9122267 ], [ 92.5905238, 25.9122487 ], [ 92.590493, 25.9122679 ], [ 92.5904589, 25.9123196 ], [ 92.5904344, 25.9123741 ], [ 92.5904132, 25.9124411 ], [ 92.5903487, 25.9126071 ], [ 92.5902803, 25.9128001 ], [ 92.5902495, 25.9129027 ], [ 92.5902629, 25.9130124 ], [ 92.5903179, 25.9131536 ], [ 92.5903675, 25.9132995 ], [ 92.590389, 25.9133888 ], [ 92.5904082, 25.9134634 ], [ 92.5904132, 25.9135096 ], [ 92.5904141, 25.9135442 ], [ 92.5904034, 25.9136389 ], [ 92.5903866, 25.913806 ], [ 92.5903819, 25.9138787 ], [ 92.590383, 25.9139521 ], [ 92.5903925, 25.9140326 ], [ 92.5904003, 25.9140849 ], [ 92.5904113, 25.914121 ], [ 92.5904273, 25.9141816 ], [ 92.590455, 25.9142312 ], [ 92.5904939, 25.9142885 ], [ 92.5905201, 25.9143166 ], [ 92.5905476, 25.9143422 ], [ 92.5906005, 25.9143874 ], [ 92.590677, 25.9144526 ], [ 92.5907534, 25.9144845 ], [ 92.5908212, 25.9145081 ], [ 92.5909127, 25.9145106 ], [ 92.5909998, 25.9145191 ], [ 92.5910642, 25.9145372 ], [ 92.5911748, 25.9145914 ], [ 92.5912573, 25.914665 ], [ 92.5913619, 25.914776 ], [ 92.5914853, 25.9148996 ], [ 92.5915396, 25.914975 ], [ 92.591606, 25.9150902 ], [ 92.5916375, 25.9152048 ], [ 92.5916596, 25.9153236 ], [ 92.5916905, 25.9155607 ], [ 92.5917006, 25.9158242 ], [ 92.5916507, 25.9164405 ], [ 92.5915383, 25.9169002 ], [ 92.5914431, 25.9173115 ], [ 92.5914149, 25.9174985 ], [ 92.5914082, 25.9176179 ], [ 92.5914162, 25.917689 ], [ 92.591431, 25.9177524 ], [ 92.5914491, 25.9178235 ], [ 92.5914615, 25.9178813 ], [ 92.591562, 25.9182186 ], [ 92.5916144, 25.9184367 ], [ 92.5916228, 25.9185993 ], [ 92.5916067, 25.918803 ], [ 92.5915731, 25.9189592 ], [ 92.5915477, 25.91911 ], [ 92.5915423, 25.9192065 ], [ 92.5915517, 25.9192752 ], [ 92.5915752, 25.9193205 ], [ 92.5915941, 25.9193516 ], [ 92.591613, 25.9193784 ], [ 92.5916443, 25.9194137 ], [ 92.5918256, 25.9196495 ], [ 92.5918423, 25.9196734 ], [ 92.5918619, 25.9197095 ], [ 92.5918751, 25.9197442 ], [ 92.5919187, 25.9199248 ], [ 92.5919534, 25.9200142 ], [ 92.5919838, 25.9200871 ], [ 92.5920122, 25.9201189 ], [ 92.5920409, 25.9201459 ], [ 92.5920638, 25.9201636 ], [ 92.5921002, 25.9201878 ], [ 92.5921663, 25.9202216 ], [ 92.5921985, 25.9202344 ], [ 92.5922305, 25.9202444 ], [ 92.5922711, 25.9202504 ], [ 92.592361, 25.9202529 ], [ 92.5927411, 25.9202448 ], [ 92.5927775, 25.9202526 ], [ 92.5928349, 25.9202719 ], [ 92.5928723, 25.9202919 ], [ 92.5929084, 25.9203136 ], [ 92.5929546, 25.920355 ], [ 92.5929963, 25.9204071 ], [ 92.593024, 25.92045 ], [ 92.5930404, 25.9204853 ], [ 92.5930537, 25.9205211 ], [ 92.593072, 25.9205867 ], [ 92.5931499, 25.921034 ], [ 92.5931664, 25.9210991 ], [ 92.5931828, 25.9211405 ], [ 92.5932086, 25.9211837 ], [ 92.5932391, 25.9212289 ], [ 92.5932918, 25.9212724 ], [ 92.5933307, 25.9212908 ], [ 92.5933719, 25.9213034 ], [ 92.5934259, 25.9213064 ], [ 92.59351, 25.9212983 ], [ 92.5936488, 25.9212859 ], [ 92.5938503, 25.9212811 ], [ 92.5940622, 25.9212956 ], [ 92.5943036, 25.9213354 ], [ 92.5944927, 25.9213945 ], [ 92.5946496, 25.9215103 ], [ 92.5948025, 25.9216792 ], [ 92.5949568, 25.9218528 ], [ 92.5950225, 25.921965 ], [ 92.595064, 25.9220458 ], [ 92.5950681, 25.9221248 ], [ 92.5950493, 25.9221839 ], [ 92.5950252, 25.9222316 ], [ 92.5949943, 25.9222792 ], [ 92.594938, 25.9223558 ], [ 92.5949031, 25.9224475 ], [ 92.5949065, 25.9225205 ], [ 92.5949179, 25.9225717 ], [ 92.5949333, 25.9226115 ], [ 92.5949796, 25.9227044 ], [ 92.5950667, 25.9228395 ], [ 92.5951163, 25.9229251 ], [ 92.5951512, 25.9230506 ], [ 92.5951754, 25.9232709 ], [ 92.5951982, 25.9233818 ], [ 92.5952362, 25.9234905 ], [ 92.5953001, 25.923603 ], [ 92.595351, 25.9236669 ], [ 92.5954047, 25.9237224 ], [ 92.5954892, 25.9238093 ], [ 92.5956394, 25.9239685 ], [ 92.5958285, 25.9242495 ], [ 92.5959398, 25.9243966 ], [ 92.5960135, 25.9244509 ], [ 92.5960806, 25.9244775 ], [ 92.5961785, 25.9244992 ], [ 92.5963032, 25.924498 ], [ 92.5965634, 25.9244678 ], [ 92.5968195, 25.9244316 ], [ 92.5969926, 25.9243786 ], [ 92.5971669, 25.9242809 ], [ 92.5973184, 25.924153 ], [ 92.5974539, 25.924065 ], [ 92.5975867, 25.9240131 ], [ 92.5977074, 25.9240348 ], [ 92.5977999, 25.924118 ], [ 92.5978589, 25.9241976 ], [ 92.5978924, 25.9242881 ], [ 92.5978965, 25.9243894 ], [ 92.5978763, 25.9244726 ], [ 92.5978293, 25.9245498 ], [ 92.5977637, 25.9246511 ], [ 92.5976135, 25.9248104 ], [ 92.5974807, 25.924972 ], [ 92.597415, 25.925101 ], [ 92.5973858, 25.9251641 ], [ 92.5973723, 25.9252219 ], [ 92.5973567, 25.9252806 ], [ 92.5973547, 25.9253348 ], [ 92.597358, 25.9253756 ], [ 92.5973633, 25.9254084 ], [ 92.5973741, 25.9254455 ], [ 92.5973899, 25.9254716 ], [ 92.5974205, 25.9255025 ], [ 92.5974455, 25.9255164 ], [ 92.5974873, 25.9255344 ], [ 92.597528, 25.9255464 ], [ 92.5975794, 25.9255519 ], [ 92.5977209, 25.9255642 ], [ 92.5979896, 25.9255619 ], [ 92.5980939, 25.9255775 ], [ 92.5981607, 25.9255968 ], [ 92.598182, 25.9256054 ], [ 92.5982033, 25.92562 ], [ 92.5982189, 25.9256357 ], [ 92.5982525, 25.9256619 ], [ 92.5982874, 25.9256963 ], [ 92.5983424, 25.9257819 ], [ 92.5983874, 25.9258727 ], [ 92.5984376, 25.9259954 ], [ 92.5984564, 25.9261775 ], [ 92.5984631, 25.9263331 ], [ 92.5984872, 25.9264242 ], [ 92.598521, 25.92648 ], [ 92.5985616, 25.9265134 ], [ 92.5986025, 25.9265436 ], [ 92.5986508, 25.9265719 ], [ 92.5988473, 25.9266172 ], [ 92.5990565, 25.9266702 ], [ 92.5991638, 25.9267329 ], [ 92.5992174, 25.9267957 ], [ 92.599251, 25.9269018 ], [ 92.5992912, 25.9271177 ], [ 92.599327, 25.9272585 ], [ 92.5993433, 25.9273093 ], [ 92.5993642, 25.9273504 ], [ 92.5993835, 25.9273692 ], [ 92.5994055, 25.9273877 ], [ 92.5994306, 25.9273984 ], [ 92.599443, 25.9274029 ], [ 92.5994596, 25.9274074 ], [ 92.5994842, 25.9274093 ], [ 92.5995196, 25.9274082 ], [ 92.5996158, 25.9274072 ], [ 92.5997177, 25.9274084 ], [ 92.5997955, 25.9274265 ], [ 92.5998867, 25.9274723 ], [ 92.5999846, 25.9275628 ], [ 92.6000784, 25.9276713 ], [ 92.6001549, 25.9277497 ], [ 92.6002541, 25.9278221 ], [ 92.6003882, 25.9278788 ], [ 92.6005183, 25.9279198 ], [ 92.600639, 25.9279849 ], [ 92.6007758, 25.928085 ], [ 92.6008415, 25.928196 ], [ 92.6008683, 25.9282949 ], [ 92.6008885, 25.928436 ], [ 92.6009294, 25.9285693 ], [ 92.6010152, 25.9286977 ], [ 92.6010822, 25.9287743 ], [ 92.6011198, 25.9288804 ], [ 92.6011305, 25.9290065 ], [ 92.6011332, 25.9291428 ], [ 92.6011386, 25.929261 ], [ 92.6011399, 25.9293882 ], [ 92.6011466, 25.9294992 ], [ 92.6011285, 25.9296228 ], [ 92.6010601, 25.9297862 ], [ 92.6010018, 25.9299912 ], [ 92.6009636, 25.9301595 ], [ 92.600924, 25.9303302 ], [ 92.6009092, 25.9305436 ], [ 92.600922, 25.9306407 ], [ 92.6009327, 25.9307113 ], [ 92.6009595, 25.93078 ], [ 92.6010219, 25.9308596 ], [ 92.6010829, 25.9309236 ], [ 92.6011808, 25.9309989 ], [ 92.6013391, 25.9311214 ], [ 92.6015141, 25.9312546 ], [ 92.601724, 25.9314211 ], [ 92.6020733, 25.9316261 ], [ 92.6022953, 25.9317383 ], [ 92.6024348, 25.9318155 ], [ 92.6025501, 25.9319113 ], [ 92.602642, 25.9320126 ], [ 92.6027157, 25.9321248 ], [ 92.6027774, 25.9322358 ], [ 92.6027982, 25.9323377 ], [ 92.6027995, 25.9324366 ], [ 92.6027928, 25.9325355 ], [ 92.60276, 25.9326983 ], [ 92.6027144, 25.9328563 ], [ 92.6026708, 25.933036 ], [ 92.602656, 25.9331681 ], [ 92.6026755, 25.9332645 ], [ 92.6027177, 25.9333646 ], [ 92.6027452, 25.9334316 ], [ 92.6027834, 25.9335088 ], [ 92.6028297, 25.9335914 ], [ 92.602929, 25.933879 ], [ 92.6030067, 25.9340883 ], [ 92.6030336, 25.9342113 ], [ 92.6030362, 25.9343198 ], [ 92.6030175, 25.9344875 ], [ 92.6029672, 25.9347082 ], [ 92.6029424, 25.9348837 ], [ 92.602931, 25.9350121 ], [ 92.6029303, 25.9351146 ], [ 92.6029383, 25.9352189 ], [ 92.6029504, 25.9353251 ], [ 92.6029886, 25.935433 ], [ 92.6030403, 25.935503 ], [ 92.6031221, 25.9355681 ], [ 92.6032298, 25.9356128 ], [ 92.6033447, 25.935664 ], [ 92.6034808, 25.935752 ], [ 92.6036163, 25.9358913 ], [ 92.6037598, 25.9360378 ], [ 92.6038543, 25.9361361 ], [ 92.60392, 25.9362561 ], [ 92.6039381, 25.9362914 ], [ 92.6039952, 25.9364413 ], [ 92.60404, 25.9365701 ], [ 92.6040635, 25.9366994 ], [ 92.6040763, 25.9367856 ], [ 92.604089, 25.9368543 ], [ 92.6040971, 25.9369864 ], [ 92.6041011, 25.9371528 ], [ 92.6040937, 25.9373223 ], [ 92.6041017, 25.9374332 ], [ 92.6041152, 25.9375056 ], [ 92.6041286, 25.9375629 ], [ 92.6041413, 25.9376117 ], [ 92.6041648, 25.9376515 ], [ 92.6042057, 25.937719 ], [ 92.6042352, 25.9377619 ], [ 92.6042613, 25.9377932 ], [ 92.6042934, 25.9378208 ], [ 92.6043423, 25.9378756 ], [ 92.6044118, 25.9379392 ], [ 92.6044758, 25.937985 ], [ 92.6046737, 25.9381291 ], [ 92.604781, 25.9382171 ], [ 92.6048541, 25.9382949 ], [ 92.6049554, 25.9384004 ], [ 92.605053, 25.9385226 ], [ 92.6051197, 25.9386243 ], [ 92.6051853, 25.9387388 ], [ 92.6052352, 25.938832 ], [ 92.605278, 25.938907 ], [ 92.6053297, 25.9390083 ], [ 92.605483, 25.9394617 ], [ 92.6055173, 25.9395336 ], [ 92.6055555, 25.939598 ], [ 92.6055901, 25.9396455 ], [ 92.6056133, 25.9396774 ], [ 92.6056415, 25.9397007 ], [ 92.6056613, 25.9397182 ], [ 92.6057229, 25.9397692 ], [ 92.6057867, 25.9398183 ], [ 92.6058298, 25.939861 ], [ 92.6058512, 25.9399104 ], [ 92.605866, 25.9399574 ], [ 92.605874, 25.9400117 ], [ 92.605876, 25.9400467 ], [ 92.6058667, 25.9400931 ], [ 92.6058526, 25.9401564 ], [ 92.6058195, 25.9402323 ], [ 92.6057569, 25.9403152 ], [ 92.6057185, 25.9403718 ], [ 92.605679, 25.940437 ], [ 92.6056309, 25.9405055 ], [ 92.6055952, 25.9405625 ], [ 92.6055749, 25.9406023 ], [ 92.6055599, 25.9406363 ], [ 92.6055451, 25.9406724 ], [ 92.6055347, 25.9407068 ], [ 92.6055183, 25.9407736 ], [ 92.6055119, 25.9408283 ], [ 92.6055064, 25.9409156 ], [ 92.6055039, 25.9409544 ], [ 92.6054979, 25.9409963 ], [ 92.6054715, 25.9411287 ], [ 92.6054367, 25.9412878 ], [ 92.605423, 25.9414217 ], [ 92.6054203, 25.9414773 ], [ 92.605427, 25.9415684 ], [ 92.6054764, 25.9417493 ], [ 92.6055058, 25.9418556 ], [ 92.6055539, 25.941968 ], [ 92.6055913, 25.9420382 ], [ 92.6056294, 25.9420913 ], [ 92.6056863, 25.9421681 ], [ 92.6057513, 25.9422418 ], [ 92.605778, 25.9422744 ], [ 92.6058128, 25.942327 ], [ 92.6058209, 25.942373 ], [ 92.6058157, 25.9426733 ], [ 92.6058117, 25.9428505 ], [ 92.605821, 25.9429856 ], [ 92.6058358, 25.9431038 ], [ 92.6058559, 25.9431858 ], [ 92.6059055, 25.9432835 ], [ 92.6059645, 25.9433787 ], [ 92.6059994, 25.9434569 ], [ 92.6060273, 25.9435071 ], [ 92.6060443, 25.9435559 ], [ 92.6060552, 25.9436124 ], [ 92.6060569, 25.9436593 ], [ 92.6060589, 25.9437227 ], [ 92.6060435, 25.943975 ], [ 92.6060461, 25.9440684 ], [ 92.6060556, 25.9441612 ], [ 92.6061274, 25.9445804 ], [ 92.6061452, 25.9447591 ] ] } },
{ "type": "Feature", "properties": { "asset_name": "Baithalangso Rd", "asset_type": "road", "osm_id": 608658007 }, "geometry": { "type": "LineString", "coordinates": [ [ 92.6061452, 25.9447591 ], [ 92.6061486, 25.944793 ], [ 92.6061644, 25.9449793 ], [ 92.6061662, 25.945078 ], [ 92.6061665, 25.9450977 ], [ 92.6061579, 25.9452083 ], [ 92.6061422, 25.9452911 ], [ 92.6061242, 25.9453559 ], [ 92.606109, 25.9453923 ], [ 92.6060795, 25.9454417 ], [ 92.6060291, 25.9455223 ], [ 92.6059656, 25.9455959 ], [ 92.6058673, 25.9456836 ], [ 92.6057477, 25.9457825 ], [ 92.6056903, 25.9458223 ], [ 92.6055991, 25.9458717 ], [ 92.6054472, 25.945951 ], [ 92.6053367, 25.9460264 ], [ 92.6052944, 25.9460609 ], [ 92.6052481, 25.9461174 ], [ 92.605229, 25.9461498 ], [ 92.6052127, 25.9461899 ], [ 92.6051811, 25.9462937 ], [ 92.6051219, 25.9464565 ], [ 92.6050633, 25.946589 ], [ 92.6049654, 25.9467325 ], [ 92.6048504, 25.9468865 ], [ 92.6048098, 25.9469666 ], [ 92.604763, 25.9470413 ], [ 92.604661, 25.9472293 ], [ 92.6045577, 25.9473849 ], [ 92.6044813, 25.9475103 ], [ 92.6044276, 25.9476369 ], [ 92.6044142, 25.9477418 ], [ 92.604403, 25.9478301 ], [ 92.6044043, 25.9478776 ], [ 92.6044224, 25.9479627 ], [ 92.6044362, 25.9480118 ], [ 92.6044656, 25.9480796 ], [ 92.604553, 25.9482091 ], [ 92.6046087, 25.9483068 ], [ 92.6046529, 25.9484376 ], [ 92.6046717, 25.9485419 ], [ 92.6046697, 25.9486571 ], [ 92.6046704, 25.948768 ], [ 92.6046442, 25.9488597 ], [ 92.604604, 25.9489459 ], [ 92.6045363, 25.9490526 ], [ 92.6044719, 25.9491581 ], [ 92.6044478, 25.9492414 ], [ 92.6044357, 25.9493191 ], [ 92.6044263, 25.9494114 ], [ 92.6044397, 25.9495151 ], [ 92.6044478, 25.949614 ], [ 92.6044585, 25.9497738 ], [ 92.6044504, 25.949875 ], [ 92.6044196, 25.9499788 ], [ 92.6043713, 25.9501102 ], [ 92.6043043, 25.9502826 ], [ 92.6042707, 25.9504008 ], [ 92.6042305, 25.9505636 ], [ 92.604197, 25.9507421 ], [ 92.6041836, 25.9510134 ], [ 92.6041648, 25.9511871 ], [ 92.6041675, 25.9513872 ], [ 92.6041567, 25.9515102 ], [ 92.6041272, 25.9517164 ], [ 92.6040481, 25.9519685 ], [ 92.6039837, 25.9522145 ], [ 92.6039408, 25.9523953 ], [ 92.6039167, 25.952534 ], [ 92.6039073, 25.9526558 ], [ 92.6039287, 25.9527836 ], [ 92.6039918, 25.952903 ], [ 92.6040857, 25.9530465 ], [ 92.6041152, 25.9531598 ], [ 92.6041138, 25.9532599 ], [ 92.6041111, 25.9533486 ], [ 92.6041085, 25.9534758 ], [ 92.6041199, 25.9535355 ], [ 92.6041406, 25.953609 ], [ 92.6041916, 25.9536989 ], [ 92.6045279, 25.9541304 ], [ 92.6045577, 25.9541921 ], [ 92.6045553, 25.9542531 ], [ 92.6045462, 25.9542703 ], [ 92.6045157, 25.9543043 ], [ 92.6044636, 25.9543365 ], [ 92.6044264, 25.9543425 ], [ 92.6043767, 25.9543368 ], [ 92.6043472, 25.9543296 ], [ 92.6042855, 25.9543006 ], [ 92.6042633, 25.9542833 ], [ 92.6042485, 25.9542647 ], [ 92.6042024, 25.954186 ], [ 92.6039056, 25.9535868 ], [ 92.6038914, 25.9535679 ], [ 92.6038714, 25.9535508 ], [ 92.6038429, 25.9535367 ], [ 92.6038175, 25.9535337 ], [ 92.6037827, 25.9535379 ], [ 92.6037535, 25.9535458 ], [ 92.6037068, 25.9535861 ], [ 92.6036793, 25.9536259 ], [ 92.6036391, 25.9537121 ], [ 92.6036096, 25.9538122 ], [ 92.6035935, 25.9539461 ], [ 92.6035955, 25.9540709 ], [ 92.6035935, 25.9541547 ], [ 92.603576, 25.9542041 ], [ 92.6035271, 25.9542602 ], [ 92.6034607, 25.954297 ], [ 92.603381, 25.9543441 ], [ 92.6032723, 25.9543832 ], [ 92.603159, 25.9544314 ], [ 92.6029739, 25.9545008 ], [ 92.602819, 25.9545472 ], [ 92.6026674, 25.9545677 ], [ 92.6025508, 25.9545701 ], [ 92.6024314, 25.9545713 ], [ 92.6022973, 25.954587 ], [ 92.6022014, 25.9545695 ], [ 92.6021377, 25.9545375 ], [ 92.6020411, 25.9544694 ], [ 92.6019969, 25.9544091 ], [ 92.6019251, 25.9543289 ], [ 92.6018621, 25.9542662 ], [ 92.6017622, 25.9542198 ], [ 92.6015932, 25.9541161 ], [ 92.6014531, 25.9539847 ], [ 92.6013471, 25.9538797 ], [ 92.6012338, 25.9537983 ], [ 92.601162, 25.9537375 ], [ 92.6010843, 25.9536331 ], [ 92.601032, 25.9535542 ], [ 92.6009716, 25.9534414 ], [ 92.6009166, 25.953351 ], [ 92.6008677, 25.9533027 ], [ 92.6008087, 25.9532545 ], [ 92.6007242, 25.9531906 ], [ 92.6006162, 25.9531182 ], [ 92.6004674, 25.952988 ], [ 92.6003131, 25.9528735 ], [ 92.6001958, 25.952789 ], [ 92.6000798, 25.9526968 ], [ 92.5999711, 25.9525967 ], [ 92.5998357, 25.9524653 ], [ 92.5997244, 25.9523537 ], [ 92.5996453, 25.9523097 ], [ 92.5995534, 25.9522717 ], [ 92.5994159, 25.9522295 ], [ 92.5993194, 25.9521891 ], [ 92.5992537, 25.9521312 ], [ 92.599147, 25.9520269 ], [ 92.5990444, 25.9519196 ], [ 92.5989264, 25.9517918 ], [ 92.5987997, 25.9516344 ], [ 92.5987219, 25.9515199 ], [ 92.5987011, 25.9514427 ], [ 92.5987078, 25.9513722 ], [ 92.5987212, 25.95131 ], [ 92.598734, 25.9512588 ], [ 92.5987286, 25.9511937 ], [ 92.5987132, 25.9511165 ], [ 92.5986629, 25.9510267 ], [ 92.5964595, 25.9490629 ], [ 92.5963991, 25.9490568 ], [ 92.5963435, 25.9490659 ], [ 92.5962952, 25.9490936 ], [ 92.5961624, 25.949188 ], [ 92.5961121, 25.9492275 ], [ 92.5960384, 25.9492543 ], [ 92.5959814, 25.9492522 ], [ 92.5959307, 25.9492453 ], [ 92.59587, 25.9492151 ], [ 92.5958369, 25.9491711 ], [ 92.5957973, 25.9490761 ], [ 92.5957675, 25.9489963 ], [ 92.5957383, 25.9489562 ], [ 92.5956749, 25.9489197 ], [ 92.5955965, 25.9488772 ], [ 92.5955378, 25.9488642 ], [ 92.5954781, 25.9488763 ], [ 92.5953976, 25.9489266 ], [ 92.595337, 25.9489785 ], [ 92.5952645, 25.9490177 ], [ 92.5951921, 25.9490433 ], [ 92.5951013, 25.9490496 ], [ 92.5949956, 25.9490638 ], [ 92.5949256, 25.949087 ], [ 92.5948216, 25.9491491 ], [ 92.5947107, 25.9491955 ], [ 92.5945812, 25.9492112 ], [ 92.5944716, 25.9492221 ], [ 92.5943834, 25.9492076 ], [ 92.5942678, 25.9491648 ], [ 92.5941675, 25.9491274 ], [ 92.594071, 25.9490743 ], [ 92.5939489, 25.9490219 ], [ 92.593907, 25.9490083 ], [ 92.5938617, 25.9490026 ], [ 92.5938081, 25.9490104 ], [ 92.5937457, 25.9490403 ], [ 92.5937122, 25.9490846 ], [ 92.5937022, 25.9491364 ], [ 92.5937001, 25.9491907 ], [ 92.5937189, 25.9492498 ], [ 92.5937618, 25.9492884 ], [ 92.5938088, 25.9493143 ], [ 92.5938772, 25.9493451 ], [ 92.5939415, 25.9493674 ], [ 92.5939891, 25.9494035 ], [ 92.5940502, 25.9494868 ], [ 92.5940864, 25.9495712 ], [ 92.5941052, 25.9496435 ], [ 92.5941266, 25.9497291 ], [ 92.5941454, 25.9498184 ], [ 92.5941816, 25.9499173 ], [ 92.5942352, 25.9500113 ], [ 92.5942896, 25.9500921 ], [ 92.5943626, 25.9501572 ], [ 92.594423, 25.9501988 ], [ 92.594482, 25.9502103 ], [ 92.5945289, 25.9502097 ], [ 92.5945846, 25.9501928 ], [ 92.5946463, 25.9501494 ], [ 92.5946785, 25.9500897 ], [ 92.5946859, 25.9500216 ], [ 92.5946959, 25.949957 ], [ 92.5947194, 25.949907 ], [ 92.5947616, 25.9498853 ], [ 92.5948092, 25.9498907 ], [ 92.5948736, 25.949916 ], [ 92.5949581, 25.9499751 ], [ 92.5950607, 25.9500415 ], [ 92.5951304, 25.950065 ], [ 92.5951995, 25.9500626 ], [ 92.5952639, 25.9500433 ], [ 92.5953242, 25.9500119 ], [ 92.5953933, 25.9499709 ], [ 92.595459, 25.9499396 ], [ 92.5954999, 25.9499335 ], [ 92.5955649, 25.949957 ], [ 92.5956273, 25.9500288 ], [ 92.5956675, 25.9501144 ], [ 92.5957131, 25.9501651 ], [ 92.5957775, 25.9501844 ], [ 92.5958372, 25.9501783 ], [ 92.5959237, 25.9501542 ], [ 92.5959787, 25.9501524 ], [ 92.5960223, 25.9501651 ], [ 92.5960692, 25.9501946 ], [ 92.5961222, 25.950282 ], [ 92.5961577, 25.9503767 ], [ 92.5961798, 25.9505956 ], [ 92.5961979, 25.950686 ], [ 92.5962328, 25.9507855 ], [ 92.5962932, 25.9509001 ], [ 92.596377, 25.9510001 ], [ 92.5964896, 25.9511352 ], [ 92.596609, 25.9512443 ], [ 92.5967196, 25.9513251 ], [ 92.5968269, 25.9514035 ], [ 92.5969288, 25.9515494 ], [ 92.5969483, 25.9516079 ], [ 92.596957, 25.9516555 ], [ 92.5969382, 25.9517038 ], [ 92.5968745, 25.9517635 ], [ 92.5968202, 25.9518225 ], [ 92.596786, 25.9518889 ], [ 92.5967592, 25.9520541 ], [ 92.5967123, 25.9521288 ], [ 92.5966157, 25.9522096 ], [ 92.5965057, 25.9523109 ], [ 92.596436, 25.9524122 ], [ 92.5964092, 25.9524846 ], [ 92.5964159, 25.9525702 ], [ 92.596491, 25.9527137 ], [ 92.5965272, 25.9527945 ], [ 92.5965272, 25.9529307 ], [ 92.5965138, 25.9530561 ], [ 92.5965312, 25.9532213 ], [ 92.5965567, 25.9533202 ], [ 92.596609, 25.9533853 ], [ 92.5967257, 25.9534468 ], [ 92.5968343, 25.9535192 ], [ 92.5968987, 25.9536048 ], [ 92.5969537, 25.9537423 ], [ 92.5970006, 25.9537833 ], [ 92.597069, 25.9538134 ], [ 92.5971334, 25.9538207 ], [ 92.5972112, 25.9538074 ], [ 92.59736, 25.9537447 ], [ 92.5975035, 25.9536567 ], [ 92.5976229, 25.953606 ], [ 92.5977248, 25.9536193 ], [ 92.5978482, 25.9536615 ], [ 92.5980024, 25.9537061 ], [ 92.5981714, 25.953735 ], [ 92.59828, 25.9537507 ], [ 92.5983833, 25.953811 ], [ 92.5984383, 25.9538713 ], [ 92.598512, 25.9539991 ], [ 92.5985549, 25.9541197 ], [ 92.5985657, 25.9542041 ], [ 92.5985536, 25.9542994 ], [ 92.5985388, 25.9543946 ], [ 92.5985697, 25.9544827 ], [ 92.5986354, 25.9545888 ], [ 92.5987869, 25.9548191 ], [ 92.5988768, 25.9549409 ], [ 92.5989318, 25.9549795 ], [ 92.5989975, 25.9549891 ], [ 92.5990719, 25.9549849 ], [ 92.5991457, 25.9549463 ], [ 92.5992161, 25.9549186 ], [ 92.5992711, 25.9549162 ], [ 92.5993314, 25.9549312 ], [ 92.5993764, 25.9549614 ], [ 92.5994582, 25.9550663 ], [ 92.5995789, 25.9551881 ], [ 92.5997056, 25.9552556 ], [ 92.5999255, 25.9553328 ], [ 92.6000959, 25.9553979 ], [ 92.6001911, 25.9554485 ], [ 92.6003091, 25.9555486 ], [ 92.6004888, 25.9557566 ], [ 92.6005988, 25.9558869 ], [ 92.6007128, 25.9559405 ], [ 92.6008442, 25.9559773 ], [ 92.6010239, 25.9560388 ], [ 92.6011956, 25.9560852 ], [ 92.6012915, 25.9561347 ], [ 92.6013538, 25.9561895 ], [ 92.601386, 25.9562426 ], [ 92.6014028, 25.9563143 ], [ 92.6013914, 25.956462 ], [ 92.6013538, 25.9566779 ], [ 92.6013304, 25.9568636 ], [ 92.6013424, 25.9569962 ], [ 92.6013699, 25.9570848 ], [ 92.6014048, 25.9571506 ], [ 92.6014899, 25.957241 ], [ 92.6015724, 25.9573061 ], [ 92.6016509, 25.9573441 ], [ 92.6017273, 25.9573562 ], [ 92.601781, 25.9573537 ], [ 92.6018433, 25.9573212 ], [ 92.6018842, 25.9572585 ], [ 92.6019218, 25.9572018 ], [ 92.601962, 25.9571662 ], [ 92.6020022, 25.957153 ], [ 92.6020613, 25.9571536 ], [ 92.6021196, 25.9571668 ], [ 92.6021853, 25.9571994 ], [ 92.6022403, 25.9572615 ], [ 92.6023067, 25.9573393 ], [ 92.6023885, 25.9574828 ], [ 92.6024388, 25.9575853 ], [ 92.6024824, 25.9576582 ], [ 92.6025487, 25.9577191 ], [ 92.602656, 25.9577884 ], [ 92.6028029, 25.9578903 ], [ 92.6029859, 25.9580181 ], [ 92.6031187, 25.9581212 ], [ 92.603224, 25.9582044 ], [ 92.6032931, 25.9582852 ], [ 92.6033266, 25.9583594 ], [ 92.603332, 25.9584227 ], [ 92.603338, 25.9585186 ], [ 92.6033541, 25.9586367 ], [ 92.603346, 25.9586976 ], [ 92.6033206, 25.9587416 ], [ 92.603218, 25.9588031 ], [ 92.6030557, 25.958911 ], [ 92.6029826, 25.9589756 ], [ 92.6029404, 25.9590395 ], [ 92.6029202, 25.9591637 ], [ 92.6029008, 25.959236 ], [ 92.6028773, 25.9592764 ], [ 92.6028431, 25.9592945 ], [ 92.6028015, 25.9592897 ], [ 92.6027499, 25.9592668 ], [ 92.6027164, 25.95923 ], [ 92.6026373, 25.9591112 ], [ 92.6025702, 25.9590153 ], [ 92.6024482, 25.9588797 ], [ 92.6023603, 25.9588164 ], [ 92.6022436, 25.9587597 ], [ 92.6019828, 25.9586765 ], [ 92.6018172, 25.9586452 ], [ 92.6015771, 25.9586271 ], [ 92.6014162, 25.9586271 ], [ 92.6011346, 25.9586699 ], [ 92.6009032, 25.9587061 ], [ 92.6005961, 25.9587477 ], [ 92.6004928, 25.9587748 ], [ 92.6004137, 25.9588272 ], [ 92.6003326, 25.9588954 ], [ 92.6001985, 25.9590153 ], [ 92.6000784, 25.9590805 ], [ 92.5999939, 25.959101 ], [ 92.5997525, 25.9591383 ], [ 92.5995869, 25.9591612 ], [ 92.5994716, 25.9591962 ], [ 92.5993965, 25.959242 ], [ 92.5993455, 25.9592933 ], [ 92.59931, 25.9593518 ], [ 92.5992852, 25.9594506 ], [ 92.5992972, 25.9595272 ], [ 92.5993435, 25.9596086 ], [ 92.59943, 25.9596683 ], [ 92.59954, 25.9596918 ], [ 92.5996902, 25.9597201 ], [ 92.5998773, 25.9597599 ], [ 92.6000422, 25.9598353 ], [ 92.600177, 25.9598986 ], [ 92.6003064, 25.9599305 ], [ 92.6004264, 25.9599263 ], [ 92.600513, 25.959904 ], [ 92.6005954, 25.9598751 ], [ 92.6006484, 25.959816 ], [ 92.6006658, 25.9597418 ], [ 92.6006658, 25.9596635 ], [ 92.6006719, 25.9595875 ], [ 92.6006893, 25.9595212 ], [ 92.6007336, 25.9594735 ], [ 92.6008006, 25.9594488 ], [ 92.6008724, 25.9594452 ], [ 92.600977, 25.9594681 ], [ 92.6011433, 25.95957 ], [ 92.601321, 25.9597014 ], [ 92.6014262, 25.9597708 ], [ 92.6014806, 25.9598256 ], [ 92.6015107, 25.9598883 ], [ 92.6015181, 25.9599583 ], [ 92.6014906, 25.9600264 ], [ 92.601445, 25.9600764 ], [ 92.6013552, 25.9601162 ], [ 92.6012365, 25.960153 ], [ 92.601042, 25.9602229 ], [ 92.6009455, 25.9602802 ], [ 92.6008791, 25.9603532 ], [ 92.6008543, 25.9604183 ], [ 92.6008683, 25.9604924 ], [ 92.6009233, 25.960645 ], [ 92.6009756, 25.9608029 ], [ 92.6010192, 25.9609066 ], [ 92.6010474, 25.9610037 ], [ 92.6010628, 25.9611092 ], [ 92.6010615, 25.9611852 ], [ 92.6010279, 25.9612436 ], [ 92.6009676, 25.9612822 ], [ 92.6009072, 25.9612985 ], [ 92.6008402, 25.9612973 ], [ 92.6007738, 25.961269 ], [ 92.6007101, 25.9612165 ], [ 92.6006658, 25.9611616 ], [ 92.600641, 25.9610869 ], [ 92.6006397, 25.9610121 ], [ 92.6006437, 25.960938 ], [ 92.6006464, 25.9608506 ], [ 92.6006424, 25.9607631 ], [ 92.6006276, 25.9607179 ], [ 92.6005968, 25.9606775 ], [ 92.6005371, 25.9606432 ], [ 92.6004855, 25.9606311 ], [ 92.6004318, 25.9606269 ], [ 92.6003755, 25.9606407 ], [ 92.6003346, 25.9606606 ], [ 92.600295, 25.9607107 ], [ 92.6002615, 25.9607716 ], [ 92.6002575, 25.9608367 ], [ 92.6002575, 25.960935 ], [ 92.600297, 25.9610616 ], [ 92.600352, 25.9611677 ], [ 92.6004479, 25.9613377 ], [ 92.6005284, 25.9614384 ], [ 92.6005881, 25.9614872 ], [ 92.6006739, 25.96153 ], [ 92.6008053, 25.9615915 ], [ 92.6008791, 25.9616373 ], [ 92.6009341, 25.9616994 ], [ 92.6009957, 25.9618254 ], [ 92.6011097, 25.9620991 ], [ 92.601146, 25.9622113 ], [ 92.6011714, 25.9623475 ], [ 92.6011728, 25.9624645 ], [ 92.6011473, 25.9626212 ], [ 92.6011473, 25.9627316 ], [ 92.6011594, 25.9628256 ], [ 92.6012016, 25.9629233 ], [ 92.6012747, 25.9630613 ], [ 92.6013733, 25.9632126 ], [ 92.601494, 25.9633923 ], [ 92.6016596, 25.9636045 ], [ 92.6017327, 25.9637341 ], [ 92.6018178, 25.9638885 ], [ 92.6019345, 25.964117 ], [ 92.6019996, 25.9642725 ], [ 92.6021014, 25.9643343 ], [ 92.6021285, 25.964456 ], [ 92.6021487, 25.9645517 ], [ 92.6021599, 25.9647344 ], [ 92.6021428, 25.9649266 ], [ 92.6021036, 25.9650619 ], [ 92.6020069, 25.9651322 ], [ 92.601958, 25.9651985 ], [ 92.6018232, 25.9653342 ], [ 92.6016147, 25.9655132 ], [ 92.6013889, 25.9657704 ], [ 92.6011372, 25.9659388 ], [ 92.6011351, 25.9659413 ], [ 92.6007936, 25.9663465 ], [ 92.6004325, 25.9666044 ], [ 92.6000664, 25.966945 ], [ 92.5997291, 25.9672573 ], [ 92.5994917, 25.9674357 ], [ 92.5992335, 25.9675925 ], [ 92.5989975, 25.9676931 ], [ 92.5984188, 25.9679331 ], [ 92.5979032, 25.9681411 ], [ 92.5972306, 25.9683925 ], [ 92.5967679, 25.9685456 ], [ 92.5965232, 25.968639 ], [ 92.596316, 25.9687656 ], [ 92.5958088, 25.969207 ], [ 92.5955387, 25.969415 ], [ 92.5954387, 25.9694945 ], [ 92.5952954, 25.9696051 ], [ 92.5949324, 25.9698369 ], [ 92.5946666, 25.9700632 ] ] } },
{ "type": "Feature", "properties": { "asset_name": "frikandellehuis2", "asset_type": "road", "osm_id": 612582603 }, "geometry": { "type": "LineString", "coordinates": [ [ 92.590874, 25.971096 ], [ 92.5910193, 25.9714018 ], [ 92.5911927, 25.9718903 ], [ 92.5912982, 25.9722338 ], [ 92.5914511, 25.9725762 ], [ 92.5917086, 25.9729451 ], [ 92.591891, 25.9731645 ], [ 92.5920707, 25.9733237 ], [ 92.5921646, 25.9734997 ], [ 92.5923228, 25.9737577 ], [ 92.5925723, 25.9743195 ], [ 92.5928593, 25.9749706 ], [ 92.5931919, 25.9756385 ], [ 92.5936156, 25.9765692 ], [ 92.5938812, 25.9771793 ], [ 92.5940421, 25.9774759 ], [ 92.5942782, 25.9778592 ], [ 92.5945437, 25.978245 ], [ 92.594946, 25.97872 ], [ 92.5955147, 25.9793011 ], [ 92.5961396, 25.9800438 ], [ 92.5965044, 25.9804199 ], [ 92.5968182, 25.9807623 ], [ 92.5970274, 25.9810131 ], [ 92.5971857, 25.9812132 ], [ 92.5972742, 25.9814061 ], [ 92.5973546, 25.9816906 ], [ 92.597411, 25.9819124 ], [ 92.5975317, 25.9823898 ], [ 92.5975612, 25.9826189 ], [ 92.5975692, 25.9828142 ], [ 92.5975397, 25.9829612 ], [ 92.5974405, 25.9832602 ], [ 92.5973064, 25.9836363 ], [ 92.5970864, 25.9841523 ], [ 92.5969228, 25.9845067 ], [ 92.5968611, 25.9846852 ], [ 92.5968477, 25.984825 ], [ 92.596896, 25.9850492 ], [ 92.5971267, 25.9855363 ], [ 92.5975531, 25.9864042 ], [ 92.5977999, 25.9869949 ], [ 92.5979742, 25.9875085 ], [ 92.5982022, 25.98828 ], [ 92.5982854, 25.9886513 ], [ 92.5983229, 25.9890419 ], [ 92.5983551, 25.9897266 ], [ 92.5983712, 25.9903318 ], [ 92.5983658, 25.9910044 ], [ 92.5983927, 25.9916674 ], [ 92.5983927, 25.9919784 ], [ 92.5983685, 25.9922436 ], [ 92.5982773, 25.992721 ], [ 92.5981754, 25.9930609 ], [ 92.5980225, 25.9934226 ], [ 92.5979099, 25.9937215 ], [ 92.5977623, 25.9942688 ], [ 92.5976256, 25.9947654 ], [ 92.59758, 25.9950619 ], [ 92.59758, 25.9952476 ], [ 92.5976309, 25.9954043 ], [ 92.597706, 25.9955562 ], [ 92.5978991, 25.9957683 ], [ 92.5982559, 25.9961372 ], [ 92.5986233, 25.9965494 ], [ 92.5990739, 25.9969761 ], [ 92.5993489, 25.997245 ], [ 92.5994669, 25.99738 ], [ 92.5995406, 25.9974897 ], [ 92.5995621, 25.9975572 ], [ 92.5995675, 25.9976681 ], [ 92.5995125, 25.9979887 ], [ 92.5993824, 25.9986541 ], [ 92.5992389, 25.9993218 ], [ 92.599137, 25.9998136 ], [ 92.5989975, 26.000391 ], [ 92.5989063, 26.0008262 ], [ 92.5988446, 26.0011745 ] ] } },
{ "type": "Feature", "properties": { "asset_name": "Shillong Road", "asset_type": "road", "osm_id": 613082534 }, "geometry": { "type": "LineString", "coordinates": [ [ 92.9525462, 25.9171704 ], [ 92.9504393, 25.9176314 ], [ 92.9482466, 25.9181112 ] ] } },
{ "type": "Feature", "properties": { "asset_name": "OSM Way 621037510", "asset_type": "road", "osm_id": 621037510 }, "geometry": { "type": "LineString", "coordinates": [ [ 92.8833655, 25.8484732 ], [ 92.8832489, 25.848523 ], [ 92.8825025, 25.8488417 ], [ 92.882329, 25.8489157 ], [ 92.8815425, 25.8493249 ], [ 92.8813416, 25.8494141 ], [ 92.8812434, 25.8494577 ], [ 92.8811544, 25.8494859 ], [ 92.8808009, 25.8495978 ], [ 92.8802062, 25.8497199 ], [ 92.8800471, 25.8497526 ], [ 92.8790557, 25.8500033 ], [ 92.8782076, 25.8503093 ], [ 92.8776914, 25.8504089 ], [ 92.8768516, 25.8504974 ], [ 92.875983, 25.850619 ], [ 92.8756307, 25.8506743 ], [ 92.8752866, 25.8507075 ], [ 92.8749015, 25.8506965 ], [ 92.874371, 25.8506346 ], [ 92.874332, 25.85063 ], [ 92.8742378, 25.850619 ], [ 92.8738772, 25.850608 ], [ 92.8735085, 25.8505564 ], [ 92.8732136, 25.8505195 ], [ 92.8728817, 25.8504421 ], [ 92.8725744, 25.8503646 ], [ 92.8719894, 25.8502146 ], [ 92.8716531, 25.8501645 ], [ 92.8712471, 25.8500586 ], [ 92.8706019, 25.8500068 ], [ 92.8705588, 25.8500033 ], [ 92.8701163, 25.8499333 ], [ 92.8697476, 25.8498411 ], [ 92.8696962, 25.8498282 ], [ 92.8687152, 25.849583 ], [ 92.8677197, 25.8493102 ], [ 92.8670314, 25.8491516 ], [ 92.8667979, 25.8490632 ], [ 92.8665889, 25.8490189 ], [ 92.8663513, 25.8489562 ], [ 92.8661383, 25.8489194 ], [ 92.8653968, 25.8489157 ], [ 92.8650526, 25.8489415 ], [ 92.864856, 25.848982 ], [ 92.864307, 25.8491074 ], [ 92.8634057, 25.8493028 ], [ 92.8622094, 25.849465 ], [ 92.8620525, 25.8495055 ], [ 92.8608083, 25.8498264 ], [ 92.8599146, 25.850098 ], [ 92.8595956, 25.850195 ], [ 92.8588828, 25.8503646 ], [ 92.8586861, 25.8504163 ], [ 92.858301, 25.8505047 ], [ 92.8581126, 25.8506006 ], [ 92.8578176, 25.8508366 ], [ 92.8569818, 25.851515 ], [ 92.8558757, 25.8522818 ], [ 92.855171, 25.8525915 ], [ 92.8542945, 25.85304 ], [ 92.8530905, 25.8534985 ], [ 92.8519979, 25.8539511 ], [ 92.8512692, 25.8543101 ], [ 92.8507084, 25.8546951 ], [ 92.8493271, 25.8558864 ], [ 92.8479223, 25.8574471 ], [ 92.8475219, 25.8579831 ], [ 92.8457891, 25.860303 ], [ 92.8442456, 25.8628312 ], [ 92.8437427, 25.8642669 ], [ 92.8431877, 25.8651096 ], [ 92.8411358, 25.867318 ], [ 92.8394573, 25.8693751 ], [ 92.8391056, 25.8703812 ], [ 92.8385442, 25.8718317 ], [ 92.8381217, 25.872353 ], [ 92.8376859, 25.8725992 ], [ 92.8372598, 25.87276 ] ] } },
{ "type": "Feature", "properties": { "asset_name": "frikandellehuis", "asset_type": "road", "osm_id": 650921126 }, "geometry": { "type": "LineString", "coordinates": [ [ 92.5988446, 26.0011745 ], [ 92.5988781, 26.0014578 ], [ 92.5987333, 26.0019134 ], [ 92.598508, 26.0021954 ], [ 92.5983229, 26.0024727 ], [ 92.5982237, 26.0026752 ], [ 92.5981459, 26.0030464 ], [ 92.5981191, 26.0033044 ], [ 92.5980896, 26.0035141 ], [ 92.5980467, 26.0037021 ], [ 92.5978911, 26.0039504 ], [ 92.5971696, 26.0048376 ], [ 92.5969765, 26.0051317 ], [ 92.5967565, 26.0054667 ], [ 92.596499, 26.0061887 ], [ 92.5963984, 26.00649 ], [ 92.5961919, 26.0068239 ], [ 92.5961235, 26.0069408 ], [ 92.5960028, 26.0073085 ], [ 92.595858, 26.0082823 ], [ 92.5958392, 26.0086319 ], [ 92.5960484, 26.0093116 ], [ 92.5963864, 26.0104398 ], [ 92.5965527, 26.0110063 ], [ 92.5966787, 26.0116065 ], [ 92.5969711, 26.0126792 ], [ 92.5970623, 26.0132962 ], [ 92.5970784, 26.0139519 ], [ 92.5969925, 26.0142122 ], [ 92.5968879, 26.0144436 ], [ 92.5967887, 26.0145979 ], [ 92.5966251, 26.0148124 ], [ 92.5963676, 26.0151258 ], [ 92.5960994, 26.01555 ], [ 92.5958016, 26.0160827 ], [ 92.5952008, 26.0176856 ], [ 92.5949863, 26.0180183 ], [ 92.5948065, 26.0181918 ], [ 92.5946403, 26.0183557 ], [ 92.5937417, 26.019021 ], [ 92.5931865, 26.0195368 ], [ 92.5930417, 26.0197055 ], [ 92.5929773, 26.0198959 ], [ 92.5929773, 26.0200526 ], [ 92.5930229, 26.020272 ], [ 92.5932804, 26.0210119 ], [ 92.5938249, 26.0224027 ], [ 92.593959, 26.0228076 ], [ 92.5940207, 26.0231354 ], [ 92.5940099, 26.0234632 ], [ 92.5938812, 26.0244996 ], [ 92.5938141, 26.0250299 ], [ 92.5938383, 26.0252661 ], [ 92.5942084, 26.0262133 ], [ 92.5942916, 26.026435 ], [ 92.5943667, 26.0267966 ], [ 92.5943908, 26.0279535 ], [ 92.5944123, 26.0290886 ], [ 92.5944123, 26.0295562 ], [ 92.5944659, 26.0299057 ], [ 92.594592, 26.030113 ], [ 92.5948012, 26.0303612 ], [ 92.5950345, 26.0306094 ], [ 92.5952411, 26.0308505 ], [ 92.5953403, 26.0311758 ], [ 92.5954798, 26.0316012 ], [ 92.5955696, 26.0319037 ], [ 92.5957105, 26.0320965 ], [ 92.5958928, 26.0321712 ], [ 92.5962013, 26.0322989 ], [ 92.59666, 26.0324484 ], [ 92.5971186, 26.0326894 ], [ 92.5975451, 26.0329858 ], [ 92.597926, 26.0332774 ], [ 92.59828, 26.033651 ], [ 92.5985321, 26.0340414 ], [ 92.5987601, 26.0344391 ], [ 92.5989023, 26.0347909 ], [ 92.599149, 26.0356344 ], [ 92.5994334, 26.0362996 ], [ 92.5996453, 26.036866 ], [ 92.6001039, 26.0382083 ], [ 92.6003453, 26.0388373 ], [ 92.6008248, 26.0400555 ], [ 92.6011232, 26.0408134 ], [ 92.601445, 26.0413629 ], [ 92.6028076, 26.0415124 ], [ 92.6044598, 26.0423461 ], [ 92.6064983, 26.0432908 ], [ 92.6072171, 26.0441246 ], [ 92.6075015, 26.0442162 ], [ 92.6079306, 26.044221 ], [ 92.6085529, 26.0440909 ], [ 92.6091215, 26.0438403 ], [ 92.6098135, 26.0434981 ], [ 92.610291, 26.0430161 ], [ 92.6109401, 26.0428329 ], [ 92.6121417, 26.0422064 ], [ 92.612713, 26.0420016 ], [ 92.6132119, 26.041922 ], [ 92.6137349, 26.0419221 ], [ 92.6152423, 26.0421533 ], [ 92.6165298, 26.0422015 ], [ 92.617093, 26.0421076 ], [ 92.6176348, 26.0419413 ], [ 92.6181016, 26.0419003 ], [ 92.6187345, 26.0420088 ], [ 92.6190269, 26.0420715 ], [ 92.619448, 26.0424667 ], [ 92.619727, 26.042645 ], [ 92.6201776, 26.0428884 ], [ 92.6204109, 26.04318 ], [ 92.6209232, 26.0443704 ], [ 92.6214221, 26.045691 ], [ 92.6217869, 26.046761 ], [ 92.6217949, 26.0470333 ], [ 92.6217306, 26.0472767 ], [ 92.6215589, 26.0474261 ], [ 92.6212853, 26.0475731 ], [ 92.6209983, 26.0478406 ], [ 92.6208508, 26.0480141 ], [ 92.6208106, 26.0483032 ], [ 92.6210654, 26.0490069 ], [ 92.6211593, 26.0492214 ], [ 92.6212612, 26.0493587 ], [ 92.6214784, 26.0495081 ], [ 92.6222375, 26.0498431 ], [ 92.6226076, 26.0500744 ], [ 92.6229644, 26.0503925 ], [ 92.6235893, 26.0509684 ], [ 92.6249921, 26.0524504 ], [ 92.6252148, 26.0527178 ], [ 92.6252872, 26.052966 ], [ 92.6253623, 26.0535588 ], [ 92.6254749, 26.0548239 ], [ 92.625402, 26.0550904 ], [ 92.6253918, 26.0551275 ], [ 92.6252309, 26.0554841 ], [ 92.6246086, 26.0561491 ], [ 92.6241928, 26.0564022 ], [ 92.6225808, 26.0572768 ], [ 92.62209, 26.05766 ], [ 92.621744, 26.0579804 ], [ 92.6203922, 26.0595707 ], [ 92.6201507, 26.0599322 ], [ 92.6200596, 26.0601876 ], [ 92.6198772, 26.0609875 ], [ 92.6195338, 26.0618646 ], [ 92.6192602, 26.0627995 ], [ 92.6189303, 26.0632838 ], [ 92.6186004, 26.0636668 ], [ 92.6179138, 26.0644282 ], [ 92.617667, 26.0647801 ], [ 92.6176161, 26.0650619 ], [ 92.6176027, 26.0653631 ], [ 92.6177073, 26.0662449 ], [ 92.6178601, 26.0666232 ], [ 92.6180962, 26.0669629 ], [ 92.618292, 26.0671316 ] ] } },
{ "type": "Feature", "properties": { "asset_name": "OSM Way 659592192", "asset_type": "road", "osm_id": 659592192 }, "geometry": { "type": "LineString", "coordinates": [ [ 92.6404792, 26.1647404 ], [ 92.6413912, 26.1645237 ], [ 92.6420563, 26.1643648 ], [ 92.6424345, 26.164271 ], [ 92.642633, 26.1642192 ], [ 92.6428181, 26.1641626 ], [ 92.6429871, 26.1640976 ], [ 92.6431829, 26.164029 ], [ 92.643384, 26.1639616 ], [ 92.6436375, 26.163881 ], [ 92.6438226, 26.1638364 ], [ 92.6439983, 26.1638087 ], [ 92.6441807, 26.1637955 ], [ 92.6443537, 26.1637738 ], [ 92.6444556, 26.1637534 ], [ 92.6445508, 26.1637257 ], [ 92.6446675, 26.1636751 ], [ 92.6448458, 26.1635764 ], [ 92.6449706, 26.1635102 ], [ 92.6451543, 26.1634368 ], [ 92.6453421, 26.1633754 ], [ 92.6455298, 26.16332 ], [ 92.6457082, 26.163255 ], [ 92.6458436, 26.1631888 ], [ 92.6459871, 26.1630974 ], [ 92.6461413, 26.1629902 ], [ 92.646262, 26.1628975 ], [ 92.6463868, 26.1627916 ], [ 92.6465517, 26.1626375 ], [ 92.6467127, 26.1624871 ], [ 92.6469246, 26.16228 ], [ 92.647123, 26.1620537 ], [ 92.6472491, 26.1619213 ], [ 92.6475522, 26.1615771 ], [ 92.6477467, 26.161358 ], [ 92.647862, 26.1612424 ], [ 92.6479706, 26.1611377 ], [ 92.6480645, 26.1610619 ], [ 92.6481624, 26.1609993 ], [ 92.6482925, 26.1609415 ], [ 92.6484561, 26.1608898 ], [ 92.648731, 26.1608163 ], [ 92.6489885, 26.1607429 ], [ 92.6492205, 26.1606695 ], [ 92.649529, 26.1605527 ], [ 92.6499528, 26.1603866 ], [ 92.6500855, 26.1603421 ], [ 92.6502009, 26.1603071 ], [ 92.6503511, 26.1602855 ], [ 92.6505402, 26.1602746 ], [ 92.6506609, 26.1602722 ], [ 92.6507936, 26.1602795 ], [ 92.6509251, 26.1602927 ], [ 92.6510686, 26.1603288 ], [ 92.6511718, 26.1603649 ], [ 92.6513194, 26.1604107 ], [ 92.6514441, 26.1604372 ], [ 92.6515701, 26.1604576 ], [ 92.6516774, 26.1604709 ], [ 92.6517981, 26.1604721 ], [ 92.6519819, 26.1604697 ], [ 92.6525827, 26.1604287 ], [ 92.6538151, 26.1603481 ], [ 92.6545903, 26.1602999 ], [ 92.6551026, 26.1602662 ], [ 92.6553386, 26.1602325 ], [ 92.6553923, 26.1602205 ], [ 92.6554205, 26.160209 ], [ 92.6554362, 26.1601964 ], [ 92.65545, 26.160175 ], [ 92.6554567, 26.1601452 ], [ 92.655466, 26.1600851 ], [ 92.6554808, 26.159928 ], [ 92.655509, 26.1598377 ], [ 92.6555311, 26.1597986 ], [ 92.6555566, 26.1597685 ], [ 92.6556122, 26.1597269 ], [ 92.6556706, 26.1596981 ], [ 92.6557356, 26.1596747 ] ] } },
{ "type": "Feature", "properties": { "asset_name": "OSM Way 659660570", "asset_type": "road", "osm_id": 659660570 }, "geometry": { "type": "LineString", "coordinates": [ [ 92.6609042, 26.1913098 ], [ 92.6608694, 26.1908285 ], [ 92.6608345, 26.1902845 ], [ 92.6607808, 26.1899139 ], [ 92.6607406, 26.1896924 ], [ 92.6606843, 26.1894782 ], [ 92.6606306, 26.1893098 ], [ 92.6605368, 26.1891052 ], [ 92.6604053, 26.1888693 ], [ 92.6601988, 26.1884698 ], [ 92.6597026, 26.1874637 ], [ 92.6589704, 26.1860195 ], [ 92.6582515, 26.1845609 ], [ 92.6575917, 26.1832708 ], [ 92.6570284, 26.182178 ], [ 92.6568621, 26.1817688 ], [ 92.6567495, 26.1814319 ], [ 92.6566368, 26.180989 ], [ 92.6563954, 26.1801176 ], [ 92.6560628, 26.1791115 ], [ 92.6557034, 26.1780475 ], [ 92.6553065, 26.1768392 ], [ 92.6549792, 26.1755538 ], [ 92.6548129, 26.1748076 ], [ 92.6546359, 26.1740084 ], [ 92.654475, 26.1732092 ], [ 92.6543301, 26.1725978 ], [ 92.654255, 26.1722126 ], [ 92.6542336, 26.1717504 ], [ 92.6542014, 26.1712016 ], [ 92.6541907, 26.1705276 ], [ 92.6542282, 26.1699257 ], [ 92.6542872, 26.169271 ], [ 92.6542979, 26.1688473 ], [ 92.6543194, 26.1685825 ], [ 92.6543784, 26.168308 ], [ 92.6544213, 26.1681275 ], [ 92.6545018, 26.1678771 ], [ 92.6546976, 26.1672296 ], [ 92.6548317, 26.1667457 ], [ 92.6550543, 26.1660452 ], [ 92.6553869, 26.1651521 ], [ 92.6555184, 26.1647765 ], [ 92.6556525, 26.1643913 ], [ 92.6557061, 26.1641963 ], [ 92.6557249, 26.1640134 ], [ 92.6557088, 26.163775 ], [ 92.6556846, 26.1634067 ], [ 92.6556605, 26.1629469 ], [ 92.6556552, 26.1628379 ], [ 92.655632, 26.1623621 ], [ 92.6556256, 26.1622295 ], [ 92.6555988, 26.1615 ], [ 92.6577419, 26.1613604 ], [ 92.6599306, 26.161216 ], [ 92.6614085, 26.1611209 ] ] } },
{ "type": "Feature", "properties": { "asset_name": "OSM Way 659670287", "asset_type": "road", "osm_id": 659670287 }, "geometry": { "type": "LineString", "coordinates": [ [ 92.6361153, 26.0966259 ], [ 92.6358685, 26.0963199 ] ] } },
{ "type": "Feature", "properties": { "asset_name": "OSM Way 659670290", "asset_type": "road", "osm_id": 659670290 }, "geometry": { "type": "LineString", "coordinates": [ [ 92.6376012, 26.098707 ], [ 92.6374456, 26.0983168 ], [ 92.6373169, 26.098088 ], [ 92.6371345, 26.097811 ], [ 92.6369199, 26.097558 ], [ 92.6365471, 26.0971245 ], [ 92.6361153, 26.0966259 ] ] } },
{ "type": "Feature", "properties": { "asset_name": "OSM Way 659670292", "asset_type": "road", "osm_id": 659670292 }, "geometry": { "type": "LineString", "coordinates": [ [ 92.618292, 26.0671316 ], [ 92.6191261, 26.0680134 ] ] } },
{ "type": "Feature", "properties": { "asset_name": "OSM Way 659670295", "asset_type": "road", "osm_id": 659670295 }, "geometry": { "type": "LineString", "coordinates": [ [ 92.6191261, 26.0680134 ], [ 92.6194775, 26.0683387 ], [ 92.6199496, 26.0688302 ], [ 92.6204646, 26.0693795 ], [ 92.6211405, 26.0697747 ], [ 92.6221275, 26.0704107 ], [ 92.6226854, 26.0708251 ], [ 92.6233077, 26.0713166 ], [ 92.6237476, 26.0718081 ], [ 92.6243055, 26.0722707 ], [ 92.6248634, 26.0725116 ], [ 92.6261401, 26.0729742 ], [ 92.6270091, 26.0733597 ], [ 92.6276207, 26.0738126 ], [ 92.6291629, 26.0751714 ], [ 92.6293122, 26.0753815 ], [ 92.6295277, 26.0756846 ], [ 92.630099, 26.0768289 ], [ 92.6303485, 26.0771951 ], [ 92.6306677, 26.0774939 ], [ 92.6330615, 26.079685 ], [ 92.6340473, 26.0805872 ], [ 92.6345971, 26.0811316 ], [ 92.6350021, 26.0817725 ], [ 92.6352301, 26.0825072 ], [ 92.6353669, 26.0831408 ], [ 92.6354957, 26.0839719 ], [ 92.6357317, 26.0846344 ], [ 92.6360348, 26.0854246 ], [ 92.6362145, 26.0861376 ], [ 92.6363942, 26.0866869 ], [ 92.6364586, 26.0871494 ], [ 92.6364559, 26.0876071 ] ] } },
{ "type": "Feature", "properties": { "asset_name": "OSM Way 659670299", "asset_type": "road", "osm_id": 659670299 }, "geometry": { "type": "LineString", "coordinates": [ [ 92.6358685, 26.0963199 ], [ 92.6357102, 26.0961321 ], [ 92.635552, 26.0959008 ], [ 92.6354554, 26.0957178 ], [ 92.635383, 26.0955347 ], [ 92.6353347, 26.0953661 ], [ 92.6352999, 26.0951348 ], [ 92.6352623, 26.0948434 ], [ 92.6352516, 26.0946242 ], [ 92.6352543, 26.0943929 ], [ 92.6352704, 26.0938822 ], [ 92.635265, 26.0935811 ], [ 92.6352757, 26.0933451 ], [ 92.6353186, 26.0931186 ], [ 92.6353991, 26.0929235 ], [ 92.6354672, 26.0927939 ], [ 92.6355547, 26.0926272 ], [ 92.6356754, 26.0923888 ], [ 92.6357344, 26.0922466 ], [ 92.6357719, 26.0920804 ], [ 92.6358148, 26.0918492 ], [ 92.6358604, 26.0914782 ], [ 92.635965, 26.0909097 ], [ 92.6360509, 26.0905845 ], [ 92.6361126, 26.0904135 ], [ 92.6361743, 26.090281 ], [ 92.6362601, 26.0901244 ], [ 92.6363406, 26.0899727 ], [ 92.6363942, 26.0898281 ], [ 92.6364237, 26.089674 ], [ 92.6364425, 26.0895101 ], [ 92.6364532, 26.0891368 ], [ 92.6364559, 26.0886863 ], [ 92.6364452, 26.088378 ], [ 92.6364559, 26.0876071 ] ] } },
{ "type": "Feature", "properties": { "asset_name": "OSM Way 659670305", "asset_type": "road", "osm_id": 659670305 }, "geometry": { "type": "LineString", "coordinates": [ [ 92.6470265, 26.1215564 ], [ 92.6464981, 26.1212072 ] ] } },
{ "type": "Feature", "properties": { "asset_name": "OSM Way 659670308", "asset_type": "road", "osm_id": 659670308 }, "geometry": { "type": "LineString", "coordinates": [ [ 92.644988, 26.1176742 ], [ 92.644524, 26.1163616 ], [ 92.644178, 26.1155476 ], [ 92.6436549, 26.1141989 ], [ 92.6432526, 26.1131585 ], [ 92.6430112, 26.1123203 ], [ 92.6427162, 26.1112895 ], [ 92.6422763, 26.1098252 ], [ 92.6419759, 26.1090111 ], [ 92.6416969, 26.1083752 ], [ 92.641139, 26.1070216 ], [ 92.6406723, 26.1058944 ], [ 92.6395565, 26.1034087 ], [ 92.6389128, 26.102031 ], [ 92.6384112, 26.1009929 ], [ 92.638084, 26.1001595 ], [ 92.6379418, 26.0997379 ], [ 92.6376012, 26.098707 ] ] } },
{ "type": "Feature", "properties": { "asset_name": "OSM Way 659670311", "asset_type": "road", "osm_id": 659670311 }, "geometry": { "type": "LineString", "coordinates": [ [ 92.6610598, 26.1594405 ], [ 92.6611389, 26.159473 ], [ 92.6611832, 26.1595163 ], [ 92.6612328, 26.1595849 ], [ 92.6612784, 26.1596836 ], [ 92.6613092, 26.1597595 ], [ 92.6613374, 26.1598726 ], [ 92.6613642, 26.1600495 ], [ 92.6613807, 26.1601745 ], [ 92.6613818, 26.160236 ], [ 92.6613905, 26.1602906 ], [ 92.6613913, 26.1603251 ], [ 92.6614085, 26.1611209 ] ] } },
{ "type": "Feature", "properties": { "asset_name": "OSM Way 659670313", "asset_type": "road", "osm_id": 659670313 }, "geometry": { "type": "LineString", "coordinates": [ [ 92.6557356, 26.1596747 ], [ 92.6587035, 26.1595319 ], [ 92.6599172, 26.1594778 ], [ 92.6608345, 26.1594272 ], [ 92.6609525, 26.1594272 ], [ 92.6610598, 26.1594405 ] ] } },
{ "type": "Feature", "properties": { "asset_name": "OSM Way 659670315", "asset_type": "road", "osm_id": 659670315 }, "geometry": { "type": "LineString", "coordinates": [ [ 92.6500064, 26.1365877 ], [ 92.649411, 26.1358148 ] ] } },
{ "type": "Feature", "properties": { "asset_name": "OSM Way 659670318", "asset_type": "road", "osm_id": 659670318 }, "geometry": { "type": "LineString", "coordinates": [ [ 92.649411, 26.1358148 ], [ 92.6489282, 26.1351694 ], [ 92.6488048, 26.1349575 ], [ 92.6487109, 26.1347432 ], [ 92.6486304, 26.1344928 ], [ 92.6485768, 26.1343049 ], [ 92.6485178, 26.1339076 ], [ 92.6482925, 26.1324917 ], [ 92.6480913, 26.1311215 ], [ 92.6478043, 26.129183 ], [ 92.6476487, 26.1282752 ], [ 92.6475549, 26.1276611 ], [ 92.6475334, 26.1274733 ], [ 92.6475401, 26.1273264 ], [ 92.6475629, 26.1272325 ], [ 92.6476166, 26.1271193 ], [ 92.6480672, 26.1263246 ], [ 92.6482898, 26.1258574 ], [ 92.6484668, 26.1254432 ], [ 92.6485446, 26.1252217 ], [ 92.6486063, 26.1249832 ], [ 92.6486465, 26.1247954 ], [ 92.6486653, 26.1246196 ], [ 92.6486599, 26.1244534 ], [ 92.648617, 26.1242343 ], [ 92.6485822, 26.1240729 ], [ 92.6485071, 26.1238634 ], [ 92.648432, 26.1235865 ], [ 92.648322, 26.1232253 ], [ 92.6482308, 26.12297 ], [ 92.6480779, 26.1225269 ], [ 92.6480028, 26.1223848 ], [ 92.6478875, 26.1222331 ], [ 92.6476836, 26.1220645 ], [ 92.6470265, 26.1215564 ] ] } },
{ "type": "Feature", "properties": { "asset_name": "OSM Way 659670321", "asset_type": "road", "osm_id": 659670321 }, "geometry": { "type": "LineString", "coordinates": [ [ 92.6534745, 26.1535986 ], [ 92.6535469, 26.1521324 ] ] } },
{ "type": "Feature", "properties": { "asset_name": "OSM Way 659670324", "asset_type": "road", "osm_id": 659670324 }, "geometry": { "type": "LineString", "coordinates": [ [ 92.6535469, 26.1521324 ], [ 92.6535147, 26.1519759 ], [ 92.653488, 26.1519112 ], [ 92.6534611, 26.1518458 ], [ 92.6533887, 26.1517303 ], [ 92.6532599, 26.1515569 ], [ 92.6530749, 26.1512776 ], [ 92.6528281, 26.1508804 ], [ 92.652694, 26.1506492 ], [ 92.6526242, 26.1504903 ], [ 92.6525357, 26.1502688 ], [ 92.6524579, 26.1500016 ], [ 92.6524016, 26.1497343 ], [ 92.6524177, 26.1495417 ], [ 92.6524767, 26.1492913 ], [ 92.6525947, 26.1489855 ], [ 92.6528093, 26.1484751 ], [ 92.6529247, 26.1481838 ], [ 92.6529944, 26.1480032 ], [ 92.6530427, 26.1477841 ], [ 92.6530614, 26.1476132 ], [ 92.6530454, 26.1474037 ], [ 92.6530132, 26.1472183 ], [ 92.6529032, 26.1467271 ], [ 92.6526698, 26.1454943 ], [ 92.6525679, 26.1449911 ], [ 92.6524901, 26.1447046 ], [ 92.6523828, 26.1443675 ], [ 92.6517498, 26.1426267 ], [ 92.6515433, 26.1420127 ], [ 92.6511973, 26.1410832 ], [ 92.6510632, 26.1406643 ], [ 92.6509935, 26.1403561 ], [ 92.6509479, 26.1400021 ], [ 92.650921, 26.1394892 ], [ 92.6508728, 26.1383672 ], [ 92.6508513, 26.1381336 ], [ 92.6508057, 26.1379169 ], [ 92.650736, 26.1377194 ], [ 92.6505965, 26.1374353 ], [ 92.6504758, 26.1372162 ], [ 92.6503363, 26.1370235 ], [ 92.6500064, 26.1365877 ] ] } },
{ "type": "Feature", "properties": { "asset_name": "OSM Way 659670328", "asset_type": "road", "osm_id": 659670328 }, "geometry": { "type": "LineString", "coordinates": [ [ 92.6557356, 26.1596747 ], [ 92.6556766, 26.1594898 ], [ 92.6555613, 26.1591335 ], [ 92.6553467, 26.1585533 ], [ 92.6551831, 26.1581296 ], [ 92.654888, 26.1573544 ], [ 92.6545715, 26.1565454 ], [ 92.6541638, 26.1554428 ], [ 92.6539278, 26.154865 ], [ 92.6537454, 26.1544894 ], [ 92.6535711, 26.1541355 ], [ 92.6535174, 26.1539573 ], [ 92.6534852, 26.1538105 ], [ 92.6534745, 26.1535986 ] ] } },
{ "type": "Feature", "properties": { "asset_name": "OSM Way 659674221", "asset_type": "road", "osm_id": 659674221 }, "geometry": { "type": "LineString", "coordinates": [ [ 92.8540042, 26.0033419 ], [ 92.8544856, 26.0038039 ], [ 92.8548483, 26.0042328 ], [ 92.8551697, 26.0045482 ], [ 92.8552995, 26.0046888 ], [ 92.8556705, 26.0050644 ], [ 92.8562445, 26.0056154 ], [ 92.8568322, 26.0061933 ], [ 92.8570462, 26.0064056 ], [ 92.8574306, 26.0067838 ], [ 92.8575537, 26.0069155 ], [ 92.8576648, 26.0070341 ], [ 92.8580506, 26.0074049 ], [ 92.8585747, 26.007929 ], [ 92.8590173, 26.0083482 ], [ 92.8614173, 26.0106262 ], [ 92.8614853, 26.0106902 ], [ 92.8636424, 26.0127211 ], [ 92.863789, 26.0128583 ], [ 92.8649782, 26.0139788 ], [ 92.8656735, 26.0145805 ], [ 92.8656969, 26.0145943 ] ] } },
{ "type": "Feature", "properties": { "asset_name": "OSM Way 659674223", "asset_type": "road", "osm_id": 659674223 }, "geometry": { "type": "LineString", "coordinates": [ [ 92.7004145, 25.9304009 ], [ 92.7004264, 25.9304863 ], [ 92.7005091, 25.9311296 ], [ 92.7007222, 25.9318547 ], [ 92.7011535, 25.9324752 ], [ 92.7013981, 25.9328497 ], [ 92.7014528, 25.9328782 ] ] } },
{ "type": "Feature", "properties": { "asset_name": "OSM Way 665168417", "asset_type": "road", "osm_id": 665168417 }, "geometry": { "type": "LineString", "coordinates": [ [ 92.920467, 25.9006415 ], [ 92.9202658, 25.9005764 ], [ 92.9200888, 25.9004895 ], [ 92.9197883, 25.9002675 ], [ 92.9186511, 25.8993217 ], [ 92.9158831, 25.8961271 ], [ 92.9157221, 25.8959823 ], [ 92.9153466, 25.8958472 ], [ 92.9148745, 25.895741 ], [ 92.9144508, 25.8955625 ], [ 92.9143794, 25.8955214 ], [ 92.9125142, 25.8944477 ], [ 92.9091775, 25.8928938 ], [ 92.9085767, 25.8925463 ], [ 92.9067743, 25.8909055 ], [ 92.9065704, 25.8907414 ], [ 92.9065114, 25.8905387 ], [ 92.9065114, 25.8902299 ], [ 92.906549, 25.8899017 ], [ 92.9066026, 25.8895446 ], [ 92.906785, 25.8890427 ], [ 92.9079062, 25.8864897 ], [ 92.908448, 25.8855968 ], [ 92.9105508, 25.8827107 ], [ 92.9107922, 25.8823487 ], [ 92.91098, 25.8819433 ], [ 92.9111248, 25.8814607 ], [ 92.9112428, 25.8808574 ], [ 92.9113287, 25.8801817 ], [ 92.9113609, 25.8795398 ], [ 92.9107547, 25.8728646 ], [ 92.9107654, 25.8716 ], [ 92.9109478, 25.8696597 ], [ 92.9113233, 25.8676324 ], [ 92.9122299, 25.864525 ], [ 92.9127502, 25.8623709 ], [ 92.9138875, 25.8572444 ], [ 92.9140592, 25.8565106 ], [ 92.9141557, 25.8553134 ], [ 92.9141343, 25.8543479 ], [ 92.9136197, 25.8527265 ] ] } },
{ "type": "Feature", "properties": { "asset_name": "OSM Way 668122688", "asset_type": "road", "osm_id": 668122688 }, "geometry": { "type": "LineString", "coordinates": [ [ 92.7903429, 25.8678568 ], [ 92.791522, 25.86773 ], [ 92.7921775, 25.8676673 ], [ 92.7928821, 25.8675899 ], [ 92.7937179, 25.8674388 ], [ 92.7945373, 25.867295 ], [ 92.7951846, 25.8672434 ], [ 92.7960859, 25.8672397 ], [ 92.7973108, 25.8671586 ], [ 92.7979909, 25.8671328 ], [ 92.7999492, 25.867048 ], [ 92.8004039, 25.8670222 ], [ 92.8006948, 25.8669817 ], [ 92.8008464, 25.8669264 ], [ 92.8010021, 25.8668858 ], [ 92.8011455, 25.8668563 ], [ 92.8013544, 25.8668527 ], [ 92.8016248, 25.8668748 ], [ 92.8025015, 25.8669374 ], [ 92.8040215, 25.8671144 ], [ 92.8046565, 25.8671549 ], [ 92.8049596, 25.8671402 ], [ 92.8051149, 25.8671254 ], [ 92.80523, 25.8671144 ], [ 92.8054881, 25.8670738 ], [ 92.8060084, 25.8670112 ], [ 92.8063976, 25.8669596 ], [ 92.8066516, 25.8669338 ], [ 92.8068401, 25.8669448 ], [ 92.8069712, 25.8669632 ], [ 92.807176, 25.8669706 ], [ 92.8074956, 25.8670222 ], [ 92.8084174, 25.8671512 ], [ 92.8087533, 25.8671771 ], [ 92.8090237, 25.8671328 ], [ 92.8092613, 25.8670701 ], [ 92.8095112, 25.8670038 ], [ 92.809712, 25.8669596 ], [ 92.8098513, 25.8669079 ], [ 92.8099906, 25.8668785 ], [ 92.8100971, 25.8668674 ], [ 92.8102692, 25.8668563 ], [ 92.8104945, 25.8668527 ], [ 92.8107321, 25.8669301 ], [ 92.8112811, 25.867048 ], [ 92.8130591, 25.8675051 ], [ 92.8139481, 25.8678148 ], [ 92.8145094, 25.8680839 ], [ 92.8151362, 25.8685668 ], [ 92.8156483, 25.8688064 ], [ 92.81589, 25.8688728 ], [ 92.8161932, 25.8689391 ], [ 92.8165251, 25.8689649 ], [ 92.816693, 25.868976 ], [ 92.8168692, 25.868976 ], [ 92.8170699, 25.8689539 ], [ 92.8172666, 25.8689391 ], [ 92.8175083, 25.8689023 ], [ 92.8178074, 25.8688765 ], [ 92.8186063, 25.8687954 ], [ 92.8192331, 25.8688875 ], [ 92.8201958, 25.8690497 ], [ 92.8215109, 25.8693004 ], [ 92.8226007, 25.8694884 ], [ 92.8231579, 25.8695658 ], [ 92.8240223, 25.8697464 ], [ 92.8245795, 25.8698054 ], [ 92.8248007, 25.8698202 ], [ 92.8249932, 25.8698275 ], [ 92.8253456, 25.8698275 ], [ 92.825575, 25.8698238 ], [ 92.8257962, 25.869846 ], [ 92.8266156, 25.8698902 ], [ 92.826972, 25.8699197 ], [ 92.8271851, 25.8699639 ], [ 92.8274473, 25.8699897 ], [ 92.8276603, 25.8700671 ], [ 92.8279839, 25.8701962 ], [ 92.8285575, 25.8703141 ], [ 92.8292622, 25.870421 ], [ 92.8298152, 25.8705205 ], [ 92.8304461, 25.8706901 ], [ 92.831245, 25.8710477 ], [ 92.8323184, 25.8714753 ], [ 92.8334082, 25.8721499 ], [ 92.8338875, 25.8723968 ], [ 92.8342439, 25.8724706 ], [ 92.8346454, 25.8725922 ], [ 92.8355508, 25.8727507 ], [ 92.8366324, 25.8728392 ], [ 92.8370093, 25.8728318 ], [ 92.8372598, 25.87276 ] ] } },
{ "type": "Feature", "properties": { "asset_name": "OSM Way 668122689", "asset_type": "road", "osm_id": 668122689 }, "geometry": { "type": "LineString", "coordinates": [ [ 92.7901331, 25.8678809 ], [ 92.7903429, 25.8678568 ] ] } },
{ "type": "Feature", "properties": { "asset_name": "OSM Way 669003543", "asset_type": "road", "osm_id": 669003543 }, "geometry": { "type": "LineString", "coordinates": [ [ 92.5284514, 25.8027359 ], [ 92.5284165, 25.8027769 ], [ 92.5283977, 25.8028759 ], [ 92.5284326, 25.8029773 ], [ 92.5285131, 25.803057 ], [ 92.5286297, 25.8031089 ], [ 92.5287317, 25.8031403 ], [ 92.528898, 25.8031415 ], [ 92.5291045, 25.803162 ], [ 92.529311, 25.8032079 ], [ 92.5294304, 25.8032719 ], [ 92.5296409, 25.8034591 ], [ 92.5297751, 25.8036088 ], [ 92.5300097, 25.8038973 ], [ 92.5301412, 25.8040664 ], [ 92.5302297, 25.8043079 ], [ 92.5302619, 25.80453 ], [ 92.5302324, 25.8048294 ], [ 92.5302297, 25.8049647 ], [ 92.5302941, 25.8051192 ], [ 92.5303933, 25.8052544 ], [ 92.530565, 25.8053824 ], [ 92.530742, 25.8054573 ], [ 92.5310746, 25.8054983 ], [ 92.531426, 25.8055032 ], [ 92.5316271, 25.8055273 ], [ 92.5318953, 25.8055901 ], [ 92.5320214, 25.8056166 ], [ 92.5321984, 25.8055997 ], [ 92.5325578, 25.8055056 ], [ 92.5328878, 25.8054283 ], [ 92.533282, 25.805339 ], [ 92.533612, 25.8051651 ], [ 92.5339204, 25.8050105 ], [ 92.5342584, 25.8049019 ], [ 92.5345856, 25.804786 ], [ 92.5348887, 25.8045662 ], [ 92.5349745, 25.8044624 ], [ 92.5350255, 25.8043586 ], [ 92.5349456, 25.8041733 ], [ 92.5347739, 25.8038835 ], [ 92.5348002, 25.8036873 ], [ 92.5349557, 25.803581 ], [ 92.5352567, 25.8034971 ], [ 92.5356799, 25.8033685 ], [ 92.5360233, 25.8033637 ], [ 92.5362539, 25.8034265 ], [ 92.5364631, 25.8035617 ], [ 92.5365704, 25.8036921 ], [ 92.5367099, 25.8040446 ], [ 92.536903, 25.8044986 ], [ 92.5370961, 25.8048367 ], [ 92.5371578, 25.8049936 ], [ 92.5373483, 25.8051168 ], [ 92.537713, 25.8051917 ], [ 92.5380778, 25.8051941 ], [ 92.5382978, 25.8051844 ], [ 92.5384775, 25.8051337 ], [ 92.5387403, 25.8051482 ], [ 92.5389066, 25.8052182 ], [ 92.5390166, 25.8053341 ], [ 92.5390783, 25.8054235 ], [ 92.5391078, 25.8054983 ], [ 92.5390729, 25.8055949 ], [ 92.5389549, 25.8057808 ], [ 92.5387779, 25.8060779 ], [ 92.5387081, 25.8062095 ], [ 92.5386599, 25.806393 ], [ 92.5385955, 25.8065041 ], [ 92.5385016, 25.8066489 ], [ 92.5384533, 25.8067491 ], [ 92.538444, 25.8068312 ], [ 92.538452, 25.8069218 ], [ 92.5384855, 25.8070027 ], [ 92.5385432, 25.8070522 ], [ 92.5386491, 25.8070763 ], [ 92.5387846, 25.8071029 ], [ 92.5388704, 25.8071464 ], [ 92.5389348, 25.807226 ], [ 92.5389817, 25.8073057 ], [ 92.5390448, 25.8074965 ], [ 92.5391722, 25.8079179 ], [ 92.5392352, 25.8080688 ], [ 92.5392902, 25.8081279 ], [ 92.539368, 25.8081835 ], [ 92.5396094, 25.8082752 ], [ 92.5398172, 25.8083513 ], [ 92.5399607, 25.8083948 ], [ 92.5400533, 25.8084298 ], [ 92.5401431, 25.8084938 ], [ 92.5402504, 25.808606 ], [ 92.5403886, 25.8087099 ], [ 92.5404985, 25.8087835 ], [ 92.5406192, 25.8087992 ], [ 92.5408834, 25.8088258 ], [ 92.5410256, 25.8088439 ], [ 92.5410806, 25.808868 ], [ 92.5411315, 25.808903 ], [ 92.5411798, 25.8089622 ], [ 92.5412388, 25.8090177 ], [ 92.5412797, 25.8090467 ], [ 92.5413307, 25.8090564 ], [ 92.5413957, 25.8090521 ], [ 92.541452, 25.809028 ], [ 92.5415553, 25.8089857 ], [ 92.541609, 25.8089707 ], [ 92.5417082, 25.8089731 ], [ 92.5419583, 25.809034 ], [ 92.5421172, 25.8090763 ], [ 92.5421863, 25.8090884 ], [ 92.5422366, 25.809086 ], [ 92.5423177, 25.8090793 ], [ 92.5423908, 25.8090896 ], [ 92.5424706, 25.809124 ], [ 92.5425531, 25.8091638 ], [ 92.5426376, 25.8091753 ], [ 92.5427241, 25.8091844 ], [ 92.5427972, 25.8091934 ], [ 92.5428502, 25.8092169 ], [ 92.5429353, 25.8092846 ], [ 92.5429943, 25.8093473 ], [ 92.5430667, 25.8094657 ], [ 92.5430936, 25.8095019 ], [ 92.5431472, 25.8095381 ], [ 92.5432223, 25.8095647 ], [ 92.5433591, 25.8095695 ], [ 92.5435308, 25.809555 ], [ 92.543689, 25.809584 ], [ 92.543925, 25.8096661 ], [ 92.5441182, 25.809753 ], [ 92.544322, 25.8098858 ], [ 92.5444186, 25.8099317 ], [ 92.5446439, 25.809951 ], [ 92.5448558, 25.8099848 ], [ 92.5450677, 25.8100403 ], [ 92.5453949, 25.8101055 ], [ 92.5457677, 25.8101273 ], [ 92.5461459, 25.8101635 ], [ 92.5464383, 25.8102021 ], [ 92.5465858, 25.8102504 ], [ 92.5467172, 25.8103905 ], [ 92.5467977, 25.8104798 ], [ 92.5469077, 25.8105764 ], [ 92.5469747, 25.8106368 ], [ 92.5470445, 25.810673 ], [ 92.5471765, 25.8106543 ], [ 92.5472644, 25.8106054 ], [ 92.5473931, 25.8105812 ], [ 92.5475943, 25.8106199 ], [ 92.5478196, 25.8106875 ], [ 92.5479993, 25.8107309 ], [ 92.5481683, 25.8107527 ], [ 92.5483292, 25.8107937 ], [ 92.5484017, 25.8108517 ], [ 92.548458, 25.8109144 ], [ 92.5484982, 25.8110738 ], [ 92.5485465, 25.8111873 ], [ 92.5486296, 25.8112911 ], [ 92.5487503, 25.8113611 ], [ 92.5489354, 25.8114457 ], [ 92.5491017, 25.8114626 ], [ 92.5492519, 25.8114626 ], [ 92.5494316, 25.8114432 ], [ 92.5495818, 25.8114408 ], [ 92.549724, 25.8114746 ], [ 92.5499091, 25.811564 ], [ 92.5501505, 25.811733 ], [ 92.5502792, 25.8118223 ], [ 92.5503838, 25.8118537 ], [ 92.550526, 25.811861 ], [ 92.5506467, 25.8118827 ], [ 92.5507137, 25.8119141 ], [ 92.5507781, 25.8119962 ], [ 92.5509042, 25.8121362 ], [ 92.5510195, 25.8122545 ], [ 92.5510919, 25.8123222 ], [ 92.5511697, 25.8123294 ], [ 92.5512958, 25.8123101 ], [ 92.5514513, 25.8122835 ], [ 92.551623, 25.8123149 ], [ 92.5517839, 25.8123632 ], [ 92.5519502, 25.812455 ], [ 92.5520495, 25.8125395 ], [ 92.5521541, 25.8125636 ], [ 92.5523311, 25.8125057 ], [ 92.5524786, 25.8124501 ], [ 92.5525886, 25.8124091 ], [ 92.5527281, 25.8124429 ], [ 92.5529534, 25.8125153 ], [ 92.5531492, 25.8125395 ], [ 92.5532886, 25.812566 ], [ 92.5535354, 25.8126602 ], [ 92.5537902, 25.8127954 ], [ 92.5539619, 25.8129113 ], [ 92.5540799, 25.8130127 ], [ 92.5541577, 25.8131335 ], [ 92.5542086, 25.8132518 ], [ 92.5542113, 25.813387 ], [ 92.5541925, 25.8135294 ], [ 92.5541899, 25.8136309 ], [ 92.5542489, 25.8137009 ], [ 92.5544071, 25.8137588 ], [ 92.5544876, 25.8137975 ], [ 92.5545412, 25.8138651 ], [ 92.5545439, 25.8139327 ], [ 92.5545246, 25.8140506 ], [ 92.5544822, 25.8141089 ], [ 92.5543722, 25.8142345 ], [ 92.5542113, 25.8143263 ], [ 92.5541013, 25.8143939 ], [ 92.554045, 25.8144953 ], [ 92.554045, 25.8146088 ], [ 92.5540745, 25.8147609 ], [ 92.5541174, 25.8149057 ], [ 92.5541469, 25.8150265 ], [ 92.5541416, 25.81514 ], [ 92.5540665, 25.8152607 ], [ 92.5539914, 25.81535 ], [ 92.5539249, 25.8153772 ], [ 92.5538465, 25.8154394 ], [ 92.5537312, 25.815478 ], [ 92.5536588, 25.8154852 ], [ 92.5535139, 25.8154321 ], [ 92.5533986, 25.8153404 ], [ 92.5532994, 25.8152558 ], [ 92.5531974, 25.8152365 ], [ 92.5530687, 25.8152583 ], [ 92.5529453, 25.8153476 ], [ 92.5526851, 25.8156977 ], [ 92.5524229, 25.8160629 ], [ 92.552256, 25.8161444 ], [ 92.5520951, 25.8162217 ], [ 92.5519079, 25.8162561 ], [ 92.5517812, 25.816253 ], [ 92.5516981, 25.8161975 ], [ 92.5516686, 25.8161154 ], [ 92.5516123, 25.8159778 ], [ 92.5515398, 25.8158691 ], [ 92.5514433, 25.8158329 ], [ 92.5513145, 25.8158305 ], [ 92.5512287, 25.8158909 ], [ 92.5511134, 25.8159802 ], [ 92.5509739, 25.8161033 ], [ 92.5508779, 25.8161498 ], [ 92.5507727, 25.8162072 ], [ 92.5506949, 25.8162241 ], [ 92.5506413, 25.8162023 ], [ 92.5505346, 25.8161402 ], [ 92.5504616, 25.8160092 ], [ 92.5503945, 25.8159005 ], [ 92.550298, 25.8158136 ], [ 92.5501397, 25.8158015 ], [ 92.5500217, 25.8158522 ], [ 92.5499198, 25.8159585 ], [ 92.5497776, 25.8160309 ], [ 92.5495657, 25.8160526 ], [ 92.5493404, 25.8161009 ], [ 92.5491258, 25.8161951 ], [ 92.5489676, 25.8163038 ], [ 92.5488818, 25.8164583 ], [ 92.5488067, 25.8165524 ], [ 92.5486994, 25.8166635 ], [ 92.5485492, 25.8167287 ], [ 92.5483641, 25.8167601 ], [ 92.5481549, 25.8167746 ], [ 92.5480235, 25.816748 ], [ 92.5478813, 25.816719 ], [ 92.5477472, 25.8167287 ], [ 92.5476131, 25.8167601 ], [ 92.5473556, 25.8168108 ], [ 92.5470042, 25.8168567 ], [ 92.5468942, 25.8168929 ], [ 92.5464919, 25.8169822 ], [ 92.5461781, 25.8170305 ], [ 92.5459689, 25.8169919 ], [ 92.5457999, 25.8169291 ], [ 92.5456497, 25.8168374 ], [ 92.545521, 25.8168301 ], [ 92.5453627, 25.8168567 ], [ 92.5452474, 25.8168977 ], [ 92.5451535, 25.8169774 ], [ 92.5451186, 25.8170764 ], [ 92.5451374, 25.8172502 ], [ 92.5451803, 25.8174265 ], [ 92.5451991, 25.8175931 ], [ 92.5451615, 25.8177718 ], [ 92.5450408, 25.8179577 ], [ 92.5448906, 25.8181098 ], [ 92.5447625, 25.8181973 ], [ 92.544664, 25.8182704 ], [ 92.544542, 25.8183042 ], [ 92.5443703, 25.8182607 ], [ 92.5442026, 25.8181919 ], [ 92.5441061, 25.818152 ], [ 92.5440189, 25.8181568 ], [ 92.5439063, 25.8182257 ] ] } },
{ "type": "Feature", "properties": { "asset_name": "OSM Way 669003581", "asset_type": "road", "osm_id": 669003581 }, "geometry": { "type": "LineString", "coordinates": [ [ 92.5708263, 25.8438417 ], [ 92.5709684, 25.8440203 ] ] } },
{ "type": "Feature", "properties": { "asset_name": "OSM Way 669003582", "asset_type": "road", "osm_id": 669003582 }, "geometry": { "type": "LineString", "coordinates": [ [ 92.566579, 25.8403667 ], [ 92.5667278, 25.8404947 ], [ 92.5668646, 25.8406238 ], [ 92.5669599, 25.840759 ], [ 92.567094, 25.8409763 ], [ 92.5671804, 25.8410768 ], [ 92.5672227, 25.8411259 ], [ 92.5673112, 25.8412128 ], [ 92.5674212, 25.8412732 ], [ 92.5675794, 25.8413022 ], [ 92.5678731, 25.8412949 ], [ 92.5681414, 25.8412804 ], [ 92.5683238, 25.8412949 ], [ 92.5684874, 25.8413734 ], [ 92.5686738, 25.8415001 ], [ 92.5688079, 25.8416341 ], [ 92.5688669, 25.8418091 ], [ 92.5688817, 25.8419877 ], [ 92.5688776, 25.8421326 ], [ 92.5688106, 25.8422569 ], [ 92.5686108, 25.8425586 ], [ 92.5685839, 25.8426528 ], [ 92.5685947, 25.8427361 ], [ 92.5686416, 25.8428109 ], [ 92.5687475, 25.8428676 ], [ 92.5689286, 25.8428785 ], [ 92.5691217, 25.8428628 ], [ 92.5692813, 25.8428399 ], [ 92.5693438, 25.8428181 ], [ 92.5693886, 25.8428025 ], [ 92.5694983, 25.8427229 ], [ 92.5695817, 25.8426624 ], [ 92.5698097, 25.8424947 ], [ 92.5699586, 25.8424041 ], [ 92.5701155, 25.8423595 ], [ 92.5701839, 25.8423595 ], [ 92.5702268, 25.8423595 ], [ 92.5702992, 25.842374 ], [ 92.570377, 25.8424379 ], [ 92.5704347, 25.8425321 ], [ 92.5704776, 25.8426335 ], [ 92.5705245, 25.8428133 ], [ 92.5705406, 25.8429618 ], [ 92.5705352, 25.8431814 ], [ 92.5705352, 25.8433408 ], [ 92.5705634, 25.8434928 ], [ 92.5706197, 25.8436172 ], [ 92.5708263, 25.8438417 ] ] } },
{ "type": "Feature", "properties": { "asset_name": "OSM Way 669003585", "asset_type": "road", "osm_id": 669003585 }, "geometry": { "type": "LineString", "coordinates": [ [ 92.5437105, 25.8184309 ], [ 92.5435978, 25.8185806 ], [ 92.5435308, 25.8187158 ], [ 92.5435462, 25.8188631 ], [ 92.5436179, 25.8189971 ], [ 92.543748, 25.8191939 ], [ 92.5438969, 25.8193798 ], [ 92.5440813, 25.8196146 ], [ 92.5442221, 25.8198204 ], [ 92.5442724, 25.8199122 ], [ 92.5442744, 25.8199617 ], [ 92.5442684, 25.8199937 ], [ 92.5442462, 25.8200365 ], [ 92.5442006, 25.8200806 ], [ 92.5441162, 25.8201422 ], [ 92.5440498, 25.8202025 ], [ 92.5439881, 25.8202792 ], [ 92.5439579, 25.8203462 ], [ 92.5439405, 25.8203951 ], [ 92.5439438, 25.820447 ], [ 92.5439713, 25.8205176 ], [ 92.5439995, 25.820584 ], [ 92.5440417, 25.8206431 ], [ 92.5440967, 25.820689 ], [ 92.5441845, 25.8207313 ], [ 92.5442704, 25.8207548 ], [ 92.5443629, 25.8207947 ], [ 92.5444233, 25.820846 ], [ 92.5444514, 25.8208955 ], [ 92.5444608, 25.8209486 ], [ 92.5444474, 25.821015 ], [ 92.544432, 25.8210524 ], [ 92.5443897, 25.821091 ], [ 92.544315, 25.8211281 ], [ 92.5442415, 25.8211487 ], [ 92.5441785, 25.8211481 ], [ 92.5440846, 25.8211393 ], [ 92.5439998, 25.8211291 ], [ 92.5439408, 25.8211339 ], [ 92.5438959, 25.8211544 ], [ 92.543862, 25.8211758 ], [ 92.5438402, 25.8212039 ], [ 92.5438288, 25.8212353 ], [ 92.5438285, 25.8212772 ], [ 92.5438379, 25.821311 ], [ 92.5438657, 25.82135 ], [ 92.5439133, 25.8213811 ], [ 92.5439841, 25.8214019 ], [ 92.5440545, 25.8214055 ], [ 92.5441892, 25.821414 ], [ 92.5442684, 25.8214182 ], [ 92.544326, 25.8214429 ], [ 92.5443736, 25.8214858 ], [ 92.5444092, 25.8215407 ], [ 92.5444293, 25.8215944 ], [ 92.5444454, 25.8216681 ], [ 92.5444749, 25.8217079 ], [ 92.5445279, 25.8217471 ], [ 92.5446419, 25.821755 ], [ 92.5448155, 25.8217308 ], [ 92.5450194, 25.8217019 ], [ 92.5451656, 25.821662 ], [ 92.5453211, 25.8216162 ], [ 92.5454298, 25.8216077 ], [ 92.5455679, 25.8216143 ], [ 92.5457047, 25.8216433 ], [ 92.5458951, 25.8217333 ], [ 92.5459857, 25.8218045 ], [ 92.5460527, 25.8218902 ], [ 92.5460587, 25.8219445 ], [ 92.5460514, 25.8219964 ], [ 92.5460145, 25.8220689 ], [ 92.5459796, 25.8221087 ], [ 92.5458871, 25.8221727 ], [ 92.5458395, 25.8222264 ], [ 92.5458415, 25.8222759 ], [ 92.5458703, 25.8223302 ], [ 92.545924, 25.8223598 ], [ 92.5460178, 25.8223785 ], [ 92.5461332, 25.8223894 ], [ 92.5462324, 25.8223912 ], [ 92.5462988, 25.8223755 ], [ 92.5463746, 25.822323 ], [ 92.5464571, 25.82223 ], [ 92.5465395, 25.8221606 ], [ 92.5466254, 25.8221129 ], [ 92.5466917, 25.8220996 ], [ 92.5467454, 25.8221039 ], [ 92.5468124, 25.8221268 ], [ 92.5468996, 25.8221998 ], [ 92.5469626, 25.8222795 ], [ 92.5470009, 25.8223507 ], [ 92.5470257, 25.8224352 ], [ 92.5470438, 25.8225246 ], [ 92.54708, 25.8225873 ], [ 92.5471524, 25.8226356 ], [ 92.5472403, 25.8226851 ], [ 92.5474758, 25.8231677 ], [ 92.5475138, 25.8242514 ], [ 92.5476493, 25.8244192 ], [ 92.5477754, 25.8246178 ], [ 92.547892, 25.8247905 ], [ 92.5479323, 25.824881 ], [ 92.5479376, 25.8249486 ], [ 92.5479054, 25.8250331 ], [ 92.547825, 25.8251176 ], [ 92.5477043, 25.8251864 ], [ 92.5476131, 25.8252625 ], [ 92.5475728, 25.825353 ], [ 92.5475568, 25.8254604 ], [ 92.547601, 25.8256862 ], [ 92.5476439, 25.8257634 ], [ 92.5477043, 25.8258033 ], [ 92.5477767, 25.8258153 ], [ 92.5479993, 25.8257791 ], [ 92.5482984, 25.8257248 ], [ 92.5484285, 25.8257345 ], [ 92.5485344, 25.8257972 ], [ 92.5486417, 25.8259276 ], [ 92.5487638, 25.8261195 ], [ 92.5488496, 25.8262378 ], [ 92.5489314, 25.8263091 ], [ 92.5490145, 25.826338 ], [ 92.5490695, 25.8263489 ], [ 92.5491517, 25.8263326 ], [ 92.5491899, 25.8263082 ], [ 92.5492164, 25.8262342 ], [ 92.5492496, 25.8261464 ], [ 92.5492834, 25.8260598 ], [ 92.5493525, 25.8259904 ], [ 92.549443, 25.8259439 ], [ 92.5495208, 25.825933 ], [ 92.5496402, 25.8259379 ], [ 92.5497924, 25.8259698 ], [ 92.5499419, 25.8259898 ], [ 92.5500827, 25.8259904 ], [ 92.5502215, 25.8259644 ], [ 92.5503221, 25.8259566 ], [ 92.5504348, 25.8259717 ], [ 92.5505541, 25.8260109 ], [ 92.550654, 25.8260326 ], [ 92.5507714, 25.826032 ], [ 92.5509088, 25.8260199 ], [ 92.5510671, 25.8259898 ], [ 92.5511898, 25.8259566 ], [ 92.5513025, 25.8258986 ], [ 92.5514741, 25.8257471 ], [ 92.5516317, 25.8255938 ], [ 92.5517812, 25.8254435 ], [ 92.551861, 25.8253826 ], [ 92.5519777, 25.8253427 ], [ 92.5520897, 25.8253258 ], [ 92.5522386, 25.8253427 ], [ 92.5524538, 25.8253729 ], [ 92.5526677, 25.82542 ], [ 92.5527978, 25.8254622 ], [ 92.5529292, 25.8255298 ], [ 92.5530808, 25.8256107 ], [ 92.5531706, 25.8256886 ], [ 92.5532276, 25.825767 ], [ 92.5532826, 25.8259077 ], [ 92.5533456, 25.8259843 ], [ 92.5534174, 25.8260332 ], [ 92.553522, 25.8260694 ], [ 92.5536876, 25.826102 ], [ 92.5537962, 25.8261286 ], [ 92.5538921, 25.8261739 ], [ 92.5539874, 25.826262 ], [ 92.5540946, 25.8264038 ], [ 92.5541778, 25.8264618 ], [ 92.5542985, 25.8265058 ], [ 92.5544413, 25.8265704 ], [ 92.5545419, 25.8266042 ], [ 92.5546706, 25.8266308 ], [ 92.5548477, 25.8266368 ], [ 92.55502, 25.826638 ], [ 92.5551105, 25.8266404 ], [ 92.5552111, 25.8266555 ], [ 92.5552741, 25.8266791 ], [ 92.5553184, 25.8267201 ], [ 92.5553345, 25.8267617 ], [ 92.5553392, 25.8268082 ], [ 92.5553204, 25.826874 ], [ 92.5552788, 25.8269718 ], [ 92.5552641, 25.8270177 ], [ 92.5552641, 25.8270804 ], [ 92.5552929, 25.8271547 ], [ 92.5553425, 25.8272229 ], [ 92.5554599, 25.8273056 ], [ 92.5555933, 25.8273557 ], [ 92.5557724, 25.8273961 ], [ 92.5559527, 25.8274148 ], [ 92.5561392, 25.827442 ], [ 92.5562243, 25.8274818 ], [ 92.5564275, 25.8276273 ], [ 92.5566005, 25.827757 ], [ 92.5567534, 25.8278264 ], [ 92.5569123, 25.8278844 ], [ 92.5570726, 25.8279478 ], [ 92.5571678, 25.8279888 ], [ 92.5572281, 25.8280371 ], [ 92.557255, 25.8281119 ], [ 92.5572764, 25.8282375 ], [ 92.5572583, 25.8283503 ], [ 92.5571121, 25.8288199 ], [ 92.5569901, 25.8290239 ], [ 92.5569351, 25.8291712 ], [ 92.5569378, 25.8292521 ], [ 92.5569458, 25.8293716 ], [ 92.5570115, 25.8295406 ], [ 92.5571671, 25.8297446 ], [ 92.557379, 25.8300294 ], [ 92.5574541, 25.8301441 ], [ 92.5574903, 25.8303047 ], [ 92.5575493, 25.8304037 ], [ 92.5576157, 25.830467 ], [ 92.5576982, 25.8305038 ], [ 92.5577988, 25.830537 ], [ 92.5579396, 25.8305497 ], [ 92.5580087, 25.8305576 ], [ 92.5581186, 25.8305895 ], [ 92.558348, 25.8307199 ], [ 92.5585417, 25.8308273 ], [ 92.558696, 25.8308901 ], [ 92.5588435, 25.8309173 ], [ 92.5589769, 25.8309257 ], [ 92.5590829, 25.8309499 ], [ 92.5592096, 25.8309994 ], [ 92.5593424, 25.8310796 ], [ 92.5594671, 25.8312305 ], [ 92.5595556, 25.8313609 ], [ 92.55962, 25.8314563 ], [ 92.5596468, 25.8315347 ], [ 92.5596455, 25.8316144 ], [ 92.559535, 25.832255 ], [ 92.5604381, 25.8331148 ], [ 92.5607331, 25.8332838 ], [ 92.5610214, 25.8334238 ], [ 92.5611918, 25.8334902 ], [ 92.5613165, 25.8335155 ], [ 92.5614291, 25.8335324 ], [ 92.561516, 25.8335186 ], [ 92.561575, 25.8335107 ], [ 92.5616347, 25.8335168 ], [ 92.5616843, 25.8335315 ], [ 92.5617225, 25.8335527 ], [ 92.5617487, 25.8335916 ], [ 92.5617953, 25.8337545 ], [ 92.5618288, 25.8339163 ], [ 92.561857, 25.8340587 ], [ 92.5618757, 25.8341613 ], [ 92.5619267, 25.8342169 ], [ 92.5619964, 25.8342639 ], [ 92.562089, 25.8343026 ], [ 92.5621989, 25.8343267 ], [ 92.5624175, 25.8343424 ], [ 92.5625047, 25.8343714 ], [ 92.5625771, 25.834416 ], [ 92.562616, 25.8344764 ], [ 92.5626187, 25.8345319 ], [ 92.5626133, 25.834649 ], [ 92.562561, 25.8348626 ], [ 92.5625624, 25.8350099 ], [ 92.5625744, 25.8351113 ], [ 92.5625993, 25.835156 ], [ 92.5626402, 25.8352175 ], [ 92.5627246, 25.8352948 ], [ 92.562846, 25.8353612 ], [ 92.5629647, 25.8354209 ], [ 92.563123, 25.8354716 ], [ 92.563367, 25.8355307 ], [ 92.5634817, 25.8355929 ], [ 92.5635803, 25.8356678 ], [ 92.5636366, 25.8357595 ], [ 92.5636554, 25.8358524 ], [ 92.5636581, 25.8359466 ], [ 92.5636406, 25.8360751 ], [ 92.5636286, 25.8361572 ], [ 92.5636406, 25.8362327 ], [ 92.5636902, 25.8363353 ], [ 92.5637855, 25.8364403 ], [ 92.5639424, 25.8365791 ], [ 92.564106, 25.8367481 ], [ 92.564165, 25.8368265 ], [ 92.5641932, 25.8368977 ], [ 92.5641865, 25.8370341 ], [ 92.5641932, 25.8371319 ], [ 92.5642213, 25.8372104 ], [ 92.5643367, 25.8373238 ], [ 92.5645941, 25.8375242 ], [ 92.5648637, 25.837698 ], [ 92.5651494, 25.8378622 ], [ 92.5653036, 25.8379792 ], [ 92.5653961, 25.8380613 ], [ 92.56549, 25.8381917 ], [ 92.565553, 25.8383112 ], [ 92.5655772, 25.8384367 ], [ 92.5655866, 25.838619 ], [ 92.5656053, 25.838934 ], [ 92.5656362, 25.8392599 ], [ 92.565655, 25.8394241 ], [ 92.5656804, 25.8395206 ], [ 92.5657475, 25.8396474 ], [ 92.5658159, 25.8397596 ], [ 92.5659473, 25.8398863 ], [ 92.5663564, 25.8401965 ], [ 92.5664596, 25.8402726 ] ] } },
{ "type": "Feature", "properties": { "asset_name": "OSM Way 669003614", "asset_type": "road", "osm_id": 669003614 }, "geometry": { "type": "LineString", "coordinates": [ [ 92.5719126, 25.8444415 ], [ 92.5725335, 25.8445441 ], [ 92.572743, 25.844575 ], [ 92.5728205, 25.8445864 ], [ 92.5731611, 25.8446105 ], [ 92.5733154, 25.8446262 ], [ 92.573428, 25.8446588 ], [ 92.573481, 25.8446979 ], [ 92.5735326, 25.844736 ], [ 92.5736359, 25.8449171 ], [ 92.5737391, 25.8451271 ], [ 92.5739001, 25.8453238 ], [ 92.5739567, 25.8453878 ], [ 92.5739899, 25.8454252 ], [ 92.5740235, 25.8454976 ], [ 92.5740395, 25.8456207 ], [ 92.5740342, 25.8457969 ], [ 92.5740476, 25.8459683 ], [ 92.5740664, 25.846057 ], [ 92.57411, 25.8461295 ], [ 92.5741656, 25.8461771 ], [ 92.574234, 25.8462085 ], [ 92.5743473, 25.8462212 ], [ 92.5745894, 25.8462061 ], [ 92.5747926, 25.8461989 ], [ 92.5749113, 25.8462043 ], [ 92.574951, 25.8462152 ], [ 92.5749857, 25.8462248 ], [ 92.575046, 25.8462616 ], [ 92.5751513, 25.8463823 ], [ 92.5752278, 25.8464988 ], [ 92.5753471, 25.846631 ], [ 92.5754672, 25.8467191 ], [ 92.575606, 25.8467933 ], [ 92.5758272, 25.8469122 ], [ 92.5759734, 25.846981 ], [ 92.5760572, 25.847051 ], [ 92.5761397, 25.8471548 ], [ 92.5762135, 25.8472694 ], [ 92.576302, 25.8474143 ], [ 92.5763831, 25.8475187 ], [ 92.5765105, 25.8476279 ], [ 92.5767908, 25.8478331 ], [ 92.5769518, 25.8479646 ], [ 92.577106, 25.8481022 ], [ 92.5772763, 25.8482271 ], [ 92.5774151, 25.8482814 ], [ 92.5775573, 25.8483315 ], [ 92.577633, 25.8483641 ], [ 92.5776967, 25.8484009 ], [ 92.5777685, 25.8484806 ], [ 92.5777862, 25.8485151 ], [ 92.5778013, 25.8485445 ], [ 92.5778181, 25.8486206 ], [ 92.5778034, 25.8487274 ], [ 92.5777846, 25.8488819 ], [ 92.5778007, 25.8491317 ], [ 92.5778563, 25.849361 ], [ 92.5780092, 25.8497485 ], [ 92.578091, 25.8499983 ], [ 92.5781319, 25.8502324 ], [ 92.5781541, 25.850326 ], [ 92.578199, 25.8504032 ], [ 92.5782607, 25.8504611 ], [ 92.5783425, 25.8504967 ], [ 92.5784799, 25.8505179 ], [ 92.5786643, 25.8505257 ], [ 92.5788394, 25.8505384 ], [ 92.5789762, 25.8505643 ], [ 92.5790492, 25.8506078 ], [ 92.579129, 25.8506657 ], [ 92.579229, 25.8507683 ], [ 92.579357, 25.8508866 ], [ 92.5794341, 25.850956 ], [ 92.5795159, 25.851 ], [ 92.5796668, 25.851035 ], [ 92.5799344, 25.8510839 ], [ 92.5802495, 25.8511249 ], [ 92.5804728, 25.8511642 ], [ 92.58079, 25.8512438 ], [ 92.5809556, 25.8512836 ], [ 92.5810569, 25.8513084 ], [ 92.5810813, 25.8513243 ], [ 92.5811132, 25.8513452 ], [ 92.5811682, 25.8514073 ], [ 92.5811903, 25.8514659 ], [ 92.5811836, 25.8515377 ], [ 92.5811414, 25.8516415 ], [ 92.5810797, 25.851741 ], [ 92.5810361, 25.8518086 ], [ 92.5810187, 25.8518853 ], [ 92.5810227, 25.8519722 ], [ 92.5810649, 25.8521357 ], [ 92.5811253, 25.852222 ], [ 92.5812004, 25.8522811 ], [ 92.5813043, 25.8523258 ], [ 92.5814424, 25.8523656 ], [ 92.5815102, 25.8523958 ], [ 92.5815558, 25.8524525 ], [ 92.5815853, 25.8525605 ], [ 92.5816121, 25.8526921 ], [ 92.5816154, 25.8528804 ], [ 92.5816181, 25.8529878 ], [ 92.5816409, 25.8530596 ], [ 92.5816899, 25.8531066 ], [ 92.581767, 25.8531404 ], [ 92.5818434, 25.8531495 ], [ 92.5819293, 25.8531362 ], [ 92.5820761, 25.8530879 ], [ 92.5822873, 25.8529854 ], [ 92.582463, 25.8528671 ], [ 92.5826427, 25.8527536 ], [ 92.5827882, 25.8526619 ], [ 92.582915, 25.8526142 ], [ 92.5830477, 25.8525931 ], [ 92.5832489, 25.852575 ], [ 92.5833736, 25.8525539 ], [ 92.5834548, 25.8525267 ], [ 92.5835238, 25.8524694 ], [ 92.5836291, 25.8523614 ], [ 92.5837344, 25.8522612 ], [ 92.5838913, 25.8521357 ], [ 92.5839919, 25.8520705 ], [ 92.5840831, 25.8520259 ], [ 92.5842051, 25.8520126 ], [ 92.5843191, 25.8520247 ], [ 92.5844036, 25.8520862 ], [ 92.5844747, 25.8521792 ], [ 92.5845605, 25.85233 ], [ 92.5846276, 25.8525002 ], [ 92.5846611, 25.8526486 ], [ 92.5846758, 25.8528031 ], [ 92.5846758, 25.8529709 ], [ 92.5846128, 25.853106 ], [ 92.5845042, 25.8532678 ], [ 92.5844492, 25.8533643 ], [ 92.5844318, 25.8534247 ], [ 92.5844398, 25.8534995 ], [ 92.5844794, 25.8535604 ], [ 92.5845511, 25.8536087 ], [ 92.5846222, 25.8536274 ], [ 92.5847228, 25.8536298 ], [ 92.5848033, 25.853599 ], [ 92.5849266, 25.8535176 ], [ 92.5850205, 25.8534047 ], [ 92.5850916, 25.8533052 ], [ 92.5851419, 25.8532611 ], [ 92.5852344, 25.8532219 ], [ 92.5854188, 25.8531893 ], [ 92.5855784, 25.853164 ], [ 92.5857058, 25.8531567 ], [ 92.585797, 25.8531688 ], [ 92.5858701, 25.8531984 ], [ 92.5859693, 25.8532575 ], [ 92.586143, 25.8533897 ], [ 92.5864112, 25.8535683 ], [ 92.5866178, 25.853724 ], [ 92.586768, 25.8537928 ], [ 92.5869557, 25.8538229 ], [ 92.587181, 25.8537964 ], [ 92.5880621, 25.8537493 ], [ 92.5885744, 25.85373 ], [ 92.588899, 25.8537119 ], [ 92.5889679, 25.853693 ], [ 92.5890264, 25.8536769 ] ] } },
{ "type": "Feature", "properties": { "asset_name": "OSM Way 669003615", "asset_type": "road", "osm_id": 669003615 }, "geometry": { "type": "LineString", "coordinates": [ [ 92.5664596, 25.8402726 ], [ 92.566579, 25.8403667 ] ] } },
{ "type": "Feature", "properties": { "asset_name": "OSM Way 669003620", "asset_type": "road", "osm_id": 669003620 }, "geometry": { "type": "LineString", "coordinates": [ [ 92.5891927, 25.8536419 ], [ 92.5892986, 25.8536322 ], [ 92.5894086, 25.8536588 ], [ 92.5894622, 25.853701 ], [ 92.5895078, 25.8537831 ], [ 92.5895293, 25.8539533 ], [ 92.5895333, 25.854214 ], [ 92.5895333, 25.8544493 ], [ 92.5895038, 25.8546532 ], [ 92.5894555, 25.8548053 ], [ 92.5892946, 25.8550213 ], [ 92.589139, 25.855177 ], [ 92.5890854, 25.8552446 ], [ 92.5890653, 25.8553327 ], [ 92.5890908, 25.8554449 ], [ 92.5891511, 25.8555439 ], [ 92.5892289, 25.8555946 ], [ 92.5894327, 25.8556911 ], [ 92.5895803, 25.8557491 ], [ 92.5896889, 25.8558034 ], [ 92.5898042, 25.8559108 ], [ 92.5898793, 25.8560725 ], [ 92.5899638, 25.8562161 ], [ 92.5900081, 25.8563175 ], [ 92.5900041, 25.8564442 ], [ 92.5899893, 25.8566325 ], [ 92.5899383, 25.8567737 ], [ 92.589801, 25.8570958 ], [ 92.5897519, 25.8572794 ], [ 92.5897707, 25.8574 ], [ 92.5897962, 25.8574688 ], [ 92.5898472, 25.8575147 ], [ 92.5898767, 25.8575412 ], [ 92.5901623, 25.8577114 ], [ 92.5906223, 25.8579914 ], [ 92.5908677, 25.8581664 ], [ 92.5910152, 25.8582424 ], [ 92.5911748, 25.8582907 ], [ 92.5913076, 25.8583414 ], [ 92.5913988, 25.8583933 ], [ 92.5915168, 25.8585417 ], [ 92.5916161, 25.8587034 ], [ 92.5917569, 25.8588808 ], [ 92.5919017, 25.8590099 ], [ 92.5921069, 25.8591777 ], [ 92.5923134, 25.8594275 ], [ 92.5924703, 25.8596532 ], [ 92.592579, 25.8597871 ], [ 92.5927211, 25.8599368 ], [ 92.5928137, 25.8601057 ], [ 92.5929411, 25.8603712 ], [ 92.5930591, 25.8606295 ], [ 92.5931892, 25.8609614 ], [ 92.5932723, 25.861146 ], [ 92.5934373, 25.8613475 ], [ 92.5936384, 25.8615153 ], [ 92.5939952, 25.8617204 ], [ 92.5942084, 25.8618556 ], [ 92.5943667, 25.8619932 ], [ 92.5944445, 25.8620982 ], [ 92.5944941, 25.8622128 ], [ 92.5945437, 25.8624855 ], [ 92.5945638, 25.8627233 ], [ 92.594592, 25.8629188 ], [ 92.5946389, 25.8630732 ], [ 92.5947314, 25.8632941 ], [ 92.5947542, 25.863393 ], [ 92.5947556, 25.8635101 ], [ 92.5947328, 25.8636513 ], [ 92.594659, 25.8638697 ], [ 92.5945812, 25.8639675 ], [ 92.5944565, 25.8640724 ], [ 92.5943184, 25.8641786 ], [ 92.5941856, 25.8642981 ], [ 92.5940917, 25.8644019 ], [ 92.5940368, 25.8645238 ], [ 92.593967, 25.8646662 ], [ 92.5938356, 25.8648593 ], [ 92.5937095, 25.8650234 ], [ 92.593562, 25.8651851 ], [ 92.5934789, 25.8653637 ], [ 92.5935137, 25.8656581 ], [ 92.5936814, 25.8663858 ], [ 92.5937672, 25.8667478 ], [ 92.5937819, 25.8669952 ], [ 92.5937538, 25.8670954 ], [ 92.5936599, 25.8672595 ], [ 92.5936304, 25.8673584 ], [ 92.5936438, 25.8674477 ], [ 92.5937136, 25.8675817 ], [ 92.5938664, 25.8677832 ], [ 92.5939603, 25.8679208 ], [ 92.5940059, 25.8680342 ], [ 92.5940073, 25.8681126 ], [ 92.5939751, 25.868185 ], [ 92.5938342, 25.8683636 ], [ 92.5937538, 25.868465 ], [ 92.5937001, 25.8685615 ], [ 92.5936827, 25.8686533 ], [ 92.5937162, 25.8688246 ], [ 92.5937873, 25.8690768 ], [ 92.593845, 25.8692252 ], [ 92.593904, 25.8693157 ], [ 92.5939677, 25.869361 ], [ 92.5941306, 25.8694014 ], [ 92.5942547, 25.8694231 ], [ 92.5943405, 25.8694515 ], [ 92.594421, 25.8695052 ], [ 92.5944827, 25.8695933 ], [ 92.5945531, 25.8697236 ], [ 92.5946329, 25.8698624 ], [ 92.594824, 25.8700567 ], [ 92.5949319, 25.8701864 ], [ 92.5950473, 25.8704531 ], [ 92.5952552, 25.870803 ], [ 92.5954288, 25.8710383 ], [ 92.5955844, 25.8711879 ], [ 92.5959693, 25.8715198 ], [ 92.5962214, 25.8717171 ], [ 92.5967733, 25.8721201 ], [ 92.5969845, 25.8722848 ], [ 92.5971696, 25.8724133 ], [ 92.5973112, 25.8724878 ], [ 92.597423, 25.8725147 ], [ 92.5975424, 25.8725177 ], [ 92.5976457, 25.8725268 ], [ 92.5977838, 25.8725883 ], [ 92.5980654, 25.8727548 ], [ 92.5984597, 25.8729865 ], [ 92.5986931, 25.8731156 ], [ 92.5989425, 25.8732327 ], [ 92.5993864, 25.8734016 ] ] } },
{ "type": "Feature", "properties": { "asset_name": "OSM Way 669003621", "asset_type": "road", "osm_id": 669003621 }, "geometry": { "type": "LineString", "coordinates": [ [ 92.5890264, 25.8536769 ], [ 92.5891927, 25.8536419 ] ] } },
{ "type": "Feature", "properties": { "asset_name": "OSM Way 669081312", "asset_type": "road", "osm_id": 669081312 }, "geometry": { "type": "LineString", "coordinates": [ [ 92.9208291, 25.900697 ], [ 92.920467, 25.9006415 ] ] } },
{ "type": "Feature", "properties": { "asset_name": "OSM Way 669081314", "asset_type": "road", "osm_id": 669081314 }, "geometry": { "type": "LineString", "coordinates": [ [ 92.9482466, 25.9181112 ], [ 92.9467231, 25.9162729 ], [ 92.9463369, 25.9156071 ], [ 92.9458004, 25.9149171 ], [ 92.9453391, 25.914424 ], [ 92.9449743, 25.9140341 ], [ 92.944572, 25.9136481 ], [ 92.9442608, 25.9132959 ], [ 92.9438585, 25.9127217 ], [ 92.9434025, 25.9120028 ], [ 92.9430485, 25.9112742 ], [ 92.9428718, 25.9108142 ], [ 92.9427427, 25.910478 ], [ 92.942614, 25.910039 ], [ 92.9424798, 25.9098122 ], [ 92.942446, 25.9097853 ], [ 92.9423404, 25.9097012 ], [ 92.9421097, 25.909595 ], [ 92.9372856, 25.9071594 ], [ 92.9313004, 25.9041376 ], [ 92.9271269, 25.9023522 ], [ 92.9253673, 25.901667 ], [ 92.9239833, 25.901223 ], [ 92.9236078, 25.9010686 ], [ 92.9230714, 25.9009431 ], [ 92.9208291, 25.900697 ] ] } },
{ "type": "Feature", "properties": { "asset_name": "OSM Way 1136721507", "asset_type": "road", "osm_id": 1136721507 }, "geometry": { "type": "LineString", "coordinates": [ [ 92.608518, 26.1861387 ], [ 92.6086669, 26.1860171 ], [ 92.6088653, 26.185845 ], [ 92.6090491, 26.1856802 ], [ 92.6092167, 26.1855201 ], [ 92.6094072, 26.1853348 ], [ 92.6095574, 26.1851879 ], [ 92.6097143, 26.1850315 ], [ 92.6098484, 26.1848907 ], [ 92.6099986, 26.1847258 ], [ 92.6101501, 26.1845633 ], [ 92.6102856, 26.1844189 ], [ 92.6104291, 26.1842625 ], [ 92.6105967, 26.1840771 ], [ 92.6108153, 26.1838304 ], [ 92.610936, 26.1836932 ], [ 92.6110607, 26.1835464 ], [ 92.6112472, 26.1833213 ], [ 92.6114805, 26.1830409 ], [ 92.6116803, 26.1827942 ], [ 92.6118399, 26.182598 ], [ 92.6120196, 26.1823814 ], [ 92.6121712, 26.1821937 ], [ 92.6123214, 26.1820059 ], [ 92.6128042, 26.1814162 ], [ 92.6133017, 26.1808193 ], [ 92.6135901, 26.1804498 ], [ 92.6137805, 26.1802139 ], [ 92.613983, 26.179972 ], [ 92.6142284, 26.1796795 ], [ 92.6143786, 26.1795158 ], [ 92.6145449, 26.1793558 ], [ 92.6146509, 26.1792619 ], [ 92.6147823, 26.1791644 ], [ 92.6149325, 26.1790826 ], [ 92.6151551, 26.1789935 ], [ 92.6154086, 26.1789153 ], [ 92.6155856, 26.1788683 ], [ 92.61576, 26.1788262 ], [ 92.6159491, 26.1787865 ], [ 92.6160939, 26.1787468 ], [ 92.6162548, 26.1786866 ], [ 92.6163541, 26.1786421 ], [ 92.6164547, 26.1785867 ], [ 92.616574, 26.1785073 ], [ 92.6167256, 26.1784026 ], [ 92.6170327, 26.1781751 ], [ 92.6172781, 26.1779958 ], [ 92.6175866, 26.1777683 ], [ 92.6179621, 26.1775035 ], [ 92.618186, 26.1773374 ], [ 92.6184556, 26.1771437 ], [ 92.6186272, 26.1770197 ], [ 92.6188713, 26.1768307 ], [ 92.6192723, 26.1765214 ], [ 92.6198637, 26.1760785 ], [ 92.6212893, 26.1750254 ], [ 92.6217547, 26.1746655 ], [ 92.6222295, 26.1742972 ], [ 92.6240426, 26.1729576 ], [ 92.6249666, 26.1722668 ], [ 92.6256359, 26.1717685 ], [ 92.6259162, 26.1715675 ], [ 92.6263091, 26.1712738 ], [ 92.6277763, 26.1701809 ], [ 92.6280874, 26.1699546 ], [ 92.6284119, 26.1697271 ], [ 92.6291643, 26.1691735 ], [ 92.6296069, 26.1688425 ], [ 92.6311237, 26.1677327 ], [ 92.6316883, 26.1673391 ], [ 92.631923, 26.1671874 ], [ 92.6321214, 26.1670635 ], [ 92.6322623, 26.1669828 ], [ 92.6324473, 26.1668829 ], [ 92.6326579, 26.1667806 ], [ 92.6329865, 26.1666217 ], [ 92.633193, 26.1665254 ], [ 92.6334078, 26.1664286 ], [ 92.6336879, 26.1663124 ], [ 92.6339319, 26.1662149 ], [ 92.6341103, 26.1661547 ], [ 92.6343745, 26.1660801 ], [ 92.6347446, 26.165991 ], [ 92.6350102, 26.1659344 ], [ 92.6353388, 26.1658598 ], [ 92.6359181, 26.1657358 ], [ 92.6361729, 26.1656841 ], [ 92.6364076, 26.1656323 ], [ 92.636767, 26.1655589 ], [ 92.6372619, 26.165459 ], [ 92.6375167, 26.1654072 ], [ 92.6377366, 26.1653627 ], [ 92.6380478, 26.1652965 ], [ 92.6385185, 26.1651918 ], [ 92.6387385, 26.1651472 ], [ 92.6390348, 26.1650858 ], [ 92.6393312, 26.1650269 ], [ 92.6398194, 26.1649113 ], [ 92.6404792, 26.1647404 ] ] } },
{ "type": "Feature", "properties": { "asset_name": "OSM Way 1136721508", "asset_type": "road", "osm_id": 1136721508 }, "geometry": { "type": "LineString", "coordinates": [ [ 92.6083812, 26.1862422 ], [ 92.608518, 26.1861387 ] ] } },
{ "type": "Feature", "properties": { "asset_name": "OSM Way 1136747560", "asset_type": "road", "osm_id": 1136747560 }, "geometry": { "type": "LineString", "coordinates": [ [ 92.7070945, 26.1724798 ], [ 92.7075921, 26.1724702 ], [ 92.7080025, 26.1724642 ], [ 92.7085443, 26.1724497 ], [ 92.7089748, 26.1724317 ], [ 92.7094589, 26.17241 ], [ 92.7098854, 26.1723811 ], [ 92.7100417, 26.1723708 ], [ 92.7105573, 26.1723366 ], [ 92.7110401, 26.1723005 ], [ 92.7114478, 26.1722704 ], [ 92.7118313, 26.1722475 ], [ 92.712011, 26.1722427 ], [ 92.7121773, 26.1722403 ], [ 92.7122873, 26.1722475 ], [ 92.7123839, 26.1722632 ], [ 92.7125207, 26.172286 ], [ 92.7127258, 26.1723342 ], [ 92.712931, 26.1723943 ], [ 92.7131966, 26.172469 ], [ 92.713497, 26.172558 ], [ 92.7138966, 26.1727037 ], [ 92.7142265, 26.1728192 ], [ 92.7144384, 26.1729227 ], [ 92.7145471, 26.1729805 ], [ 92.7146973, 26.1730599 ] ] } },
{ "type": "Feature", "properties": { "asset_name": "OSM Way 1136747561", "asset_type": "road", "osm_id": 1136747561 }, "geometry": { "type": "LineString", "coordinates": [ [ 92.7067271, 26.1725003 ], [ 92.7070945, 26.1724798 ] ] } },
{ "type": "Feature", "properties": { "asset_name": "OSM Way 1136747562", "asset_type": "road", "osm_id": 1136747562 }, "geometry": { "type": "LineString", "coordinates": [ [ 92.6973742, 26.1743646 ], [ 92.6975982, 26.1743201 ], [ 92.6978315, 26.1742756 ], [ 92.6982419, 26.1741937 ], [ 92.6986536, 26.1741191 ], [ 92.6988883, 26.1740758 ], [ 92.6991552, 26.1740228 ], [ 92.6993591, 26.1739807 ], [ 92.6996139, 26.1739217 ], [ 92.7000377, 26.1738278 ], [ 92.7002951, 26.1737689 ], [ 92.7006452, 26.1736846 ], [ 92.7009469, 26.1736196 ], [ 92.7016054, 26.1734728 ], [ 92.7022102, 26.173338 ], [ 92.7025871, 26.1732573 ], [ 92.7031262, 26.1731394 ], [ 92.7034575, 26.1730636 ], [ 92.7039215, 26.1729492 ], [ 92.7044834, 26.1728264 ], [ 92.7047972, 26.172759 ], [ 92.704981, 26.1727265 ], [ 92.7052036, 26.1726952 ], [ 92.7053981, 26.1726724 ], [ 92.7057467, 26.1726206 ], [ 92.7060941, 26.1725689 ], [ 92.7063194, 26.1725376 ], [ 92.7067271, 26.1725003 ] ] } },
{ "type": "Feature", "properties": { "asset_name": "OSM Way 1136747563", "asset_type": "road", "osm_id": 1136747563 }, "geometry": { "type": "LineString", "coordinates": [ [ 92.6968646, 26.1745018 ], [ 92.6973742, 26.1743646 ] ] } },
{ "type": "Feature", "properties": { "asset_name": "OSM Way 1136747564", "asset_type": "road", "osm_id": 1136747564 }, "geometry": { "type": "LineString", "coordinates": [ [ 92.6879597, 26.175354 ], [ 92.6883218, 26.1753672 ] ] } },
{ "type": "Feature", "properties": { "asset_name": "OSM Way 1136747565", "asset_type": "road", "osm_id": 1136747565 }, "geometry": { "type": "LineString", "coordinates": [ [ 92.6834691, 26.1751546 ], [ 92.6844969, 26.1752384 ], [ 92.6852265, 26.1752721 ], [ 92.686227, 26.175301 ], [ 92.6870611, 26.1753323 ], [ 92.6879597, 26.175354 ] ] } },
{ "type": "Feature", "properties": { "asset_name": "OSM Way 1136753302", "asset_type": "road", "osm_id": 1136753302 }, "geometry": { "type": "LineString", "coordinates": [ [ 92.7472687, 26.1925541 ], [ 92.7473532, 26.1926336 ] ] } },
{ "type": "Feature", "properties": { "asset_name": "OSM Way 1136753303", "asset_type": "road", "osm_id": 1136753303 }, "geometry": { "type": "LineString", "coordinates": [ [ 92.7152055, 26.1734956 ], [ 92.7153678, 26.1736473 ], [ 92.7154429, 26.1737436 ], [ 92.7155086, 26.1738411 ], [ 92.7155623, 26.1739374 ], [ 92.7156293, 26.1740397 ], [ 92.7157044, 26.1741468 ], [ 92.7157795, 26.1742479 ], [ 92.7158667, 26.1743454 ], [ 92.7159445, 26.1744164 ], [ 92.7160397, 26.1744958 ], [ 92.7161215, 26.1745584 ], [ 92.7162825, 26.1746752 ], [ 92.7166204, 26.1749026 ], [ 92.7168457, 26.1750543 ], [ 92.717126, 26.1752601 ], [ 92.717472, 26.1755225 ], [ 92.7180903, 26.1759858 ], [ 92.7186844, 26.176436 ], [ 92.719143, 26.1767814 ], [ 92.7196151, 26.1771449 ], [ 92.7198887, 26.1773519 ], [ 92.7204587, 26.1777924 ], [ 92.7212352, 26.1783893 ], [ 92.7215007, 26.1786108 ], [ 92.7216415, 26.1787408 ], [ 92.7218521, 26.1789526 ], [ 92.7220613, 26.1791789 ], [ 92.7222919, 26.1794653 ], [ 92.7224421, 26.1796892 ], [ 92.7225816, 26.179925 ], [ 92.7227908, 26.180327 ], [ 92.7230081, 26.180782 ], [ 92.7232066, 26.1811936 ], [ 92.7233675, 26.1815329 ], [ 92.7234855, 26.181752 ], [ 92.7235821, 26.181894 ], [ 92.7236719, 26.1820059 ], [ 92.7237444, 26.1820697 ], [ 92.7238584, 26.1821395 ], [ 92.7240595, 26.182225 ], [ 92.7244766, 26.1823874 ], [ 92.7248427, 26.1825234 ], [ 92.725229, 26.1826666 ], [ 92.7255924, 26.1827966 ], [ 92.7260873, 26.1829555 ], [ 92.726841, 26.183201 ], [ 92.7279112, 26.1835548 ], [ 92.7284074, 26.1837305 ], [ 92.7296868, 26.184171 ], [ 92.7305746, 26.1844647 ], [ 92.7312747, 26.1847053 ], [ 92.7319385, 26.1849232 ], [ 92.7324414, 26.1850953 ], [ 92.7330315, 26.1852926 ], [ 92.7333225, 26.1853889 ], [ 92.7338845, 26.1855791 ], [ 92.7347213, 26.1858679 ], [ 92.7359156, 26.1863133 ], [ 92.736018, 26.1863457 ], [ 92.7361657, 26.1863865 ], [ 92.7362487, 26.1864033 ], [ 92.7364379, 26.1864287 ], [ 92.7367799, 26.1865069 ], [ 92.7372023, 26.1865924 ], [ 92.737547, 26.186655 ], [ 92.7378602, 26.1867031 ], [ 92.7381881, 26.1867585 ], [ 92.7385126, 26.186821 ], [ 92.7387567, 26.186874 ], [ 92.7390115, 26.1869366 ], [ 92.7393199, 26.1870268 ], [ 92.7396552, 26.1871255 ], [ 92.7399825, 26.187223 ], [ 92.7403191, 26.1873205 ], [ 92.7406383, 26.1874083 ], [ 92.7409279, 26.1874853 ], [ 92.7412887, 26.1875912 ], [ 92.7416508, 26.1876887 ], [ 92.7420571, 26.1878079 ], [ 92.7423991, 26.1879029 ], [ 92.7427264, 26.187998 ], [ 92.7429101, 26.1880582 ], [ 92.7430442, 26.1881111 ], [ 92.7431501, 26.1881533 ], [ 92.7432293, 26.188199 ], [ 92.7433178, 26.188276 ], [ 92.7434036, 26.1883663 ], [ 92.7435163, 26.1885035 ], [ 92.7436128, 26.1886455 ], [ 92.7437429, 26.1888296 ], [ 92.7438609, 26.1889872 ], [ 92.7439991, 26.1891906 ], [ 92.7444094, 26.1897719 ], [ 92.7445623, 26.1899909 ], [ 92.7446347, 26.1900944 ], [ 92.7447313, 26.1902219 ], [ 92.744852, 26.1903471 ], [ 92.7449821, 26.1904662 ], [ 92.7451926, 26.1906516 ], [ 92.745485, 26.1909151 ], [ 92.7460375, 26.1914278 ], [ 92.7465659, 26.1919139 ], [ 92.746857, 26.1921739 ], [ 92.7470434, 26.1923532 ], [ 92.7472687, 26.1925541 ] ] } },
{ "type": "Feature", "properties": { "asset_name": "OSM Way 1138586652", "asset_type": "road", "osm_id": 1138586652 }, "geometry": { "type": "LineString", "coordinates": [ [ 92.6451194, 26.1180306 ], [ 92.644988, 26.1176742 ] ] } },
{ "type": "Feature", "properties": { "asset_name": "OSM Way 1138586653", "asset_type": "road", "osm_id": 1138586653 }, "geometry": { "type": "LineString", "coordinates": [ [ 92.6464981, 26.1212072 ], [ 92.6462299, 26.1210169 ], [ 92.6461494, 26.1209471 ], [ 92.6460662, 26.1208387 ], [ 92.6459885, 26.1207086 ], [ 92.6458812, 26.1204269 ], [ 92.6456639, 26.1197501 ], [ 92.6453394, 26.1187772 ], [ 92.6451194, 26.1180306 ] ] } },
{ "type": "Feature", "properties": { "asset_name": "OSM Way 1138586654", "asset_type": "road", "osm_id": 1138586654 }, "geometry": { "type": "LineString", "coordinates": [ [ 92.6609471, 26.1916396 ], [ 92.6609042, 26.1913098 ] ] } },
{ "type": "Feature", "properties": { "asset_name": "OSM Way 1138586655", "asset_type": "road", "osm_id": 1138586655 }, "geometry": { "type": "LineString", "coordinates": [ [ 92.6601371, 26.1965349 ], [ 92.6602417, 26.1961595 ], [ 92.660341, 26.1958755 ], [ 92.6604643, 26.1954543 ], [ 92.6606011, 26.1949874 ], [ 92.6607782, 26.1944507 ], [ 92.6608613, 26.1941715 ], [ 92.6609123, 26.1940223 ], [ 92.6609552, 26.1938297 ], [ 92.6609874, 26.1936276 ], [ 92.6610035, 26.193358 ], [ 92.6610008, 26.1931222 ], [ 92.6610008, 26.1928646 ], [ 92.6609847, 26.1923351 ], [ 92.6609686, 26.1920391 ], [ 92.6609471, 26.1916396 ] ] } },
{ "type": "Feature", "properties": { "asset_name": "OSM Way 1138586656", "asset_type": "road", "osm_id": 1138586656 }, "geometry": { "type": "LineString", "coordinates": [ [ 92.6600432, 26.1968357 ], [ 92.6601371, 26.1965349 ] ] } },
{ "type": "Feature", "properties": { "asset_name": "OSM Way 1138586657", "asset_type": "road", "osm_id": 1138586657 }, "geometry": { "type": "LineString", "coordinates": [ [ 92.6588953, 26.2051386 ], [ 92.6591152, 26.2047126 ], [ 92.6592976, 26.20433 ], [ 92.6595524, 26.2038174 ], [ 92.6597589, 26.2033361 ], [ 92.6598796, 26.2030425 ], [ 92.6599762, 26.2027344 ], [ 92.6600647, 26.2023542 ], [ 92.66018, 26.2018199 ], [ 92.6602927, 26.2012447 ], [ 92.6603571, 26.2008525 ], [ 92.6603919, 26.2005492 ], [ 92.6603812, 26.2003904 ], [ 92.6603651, 26.2002652 ], [ 92.6603302, 26.2001208 ], [ 92.660282, 26.1999933 ], [ 92.6601867, 26.1997863 ], [ 92.6600996, 26.1996371 ], [ 92.6598823, 26.1993074 ], [ 92.6597643, 26.1991077 ], [ 92.6596999, 26.198956 ], [ 92.659657, 26.1988309 ], [ 92.6596329, 26.1986841 ], [ 92.6596355, 26.1985228 ], [ 92.6596463, 26.1983544 ], [ 92.6596972, 26.1980511 ], [ 92.6597401, 26.1978297 ], [ 92.6598045, 26.1976035 ], [ 92.6598716, 26.1973989 ], [ 92.6600432, 26.1968357 ] ] } },
{ "type": "Feature", "properties": { "asset_name": "OSM Way 1138678000", "asset_type": "road", "osm_id": 1138678000 }, "geometry": { "type": "LineString", "coordinates": [ [ 92.7513054, 26.1656624 ], [ 92.7513403, 26.1657563 ] ] } },
{ "type": "Feature", "properties": { "asset_name": "OSM Way 1138678001", "asset_type": "road", "osm_id": 1138678001 }, "geometry": { "type": "LineString", "coordinates": [ [ 92.7456218, 26.1683369 ], [ 92.7458391, 26.1681853 ] ] } },
{ "type": "Feature", "properties": { "asset_name": "OSM Way 1138678002", "asset_type": "road", "osm_id": 1138678002 }, "geometry": { "type": "LineString", "coordinates": [ [ 92.7418551, 26.2306743 ], [ 92.7417944, 26.2302358 ], [ 92.7416187, 26.2289076 ], [ 92.7414644, 26.2276735 ], [ 92.7413598, 26.2268675 ], [ 92.7412686, 26.2260807 ], [ 92.7412042, 26.2255562 ], [ 92.741062, 26.2241245 ], [ 92.7408984, 26.221793 ], [ 92.7408524, 26.2213512 ], [ 92.7408046, 26.2210494 ], [ 92.7407375, 26.220739 ], [ 92.7401106, 26.2182141 ], [ 92.7400546, 26.2179703 ], [ 92.7397619, 26.2167241 ], [ 92.7394811, 26.2149351 ], [ 92.7393225, 26.2138549 ], [ 92.7392542, 26.213229 ], [ 92.7392086, 26.2125167 ], [ 92.7391842, 26.2116895 ], [ 92.7391496, 26.2096628 ], [ 92.7390987, 26.2074536 ], [ 92.7390745, 26.2068231 ], [ 92.7390826, 26.2063755 ], [ 92.7390906, 26.2059592 ], [ 92.7391255, 26.2053479 ], [ 92.7391872, 26.2047343 ], [ 92.7392247, 26.2042457 ], [ 92.7392254, 26.2039416 ], [ 92.7391845, 26.2033481 ], [ 92.738952, 26.2014295 ], [ 92.7386387, 26.1988541 ], [ 92.7385101, 26.1973948 ], [ 92.7384179, 26.1966269 ], [ 92.7381998, 26.1955902 ], [ 92.7377812, 26.1941568 ], [ 92.7371999, 26.1921166 ], [ 92.736977, 26.1912278 ], [ 92.73691, 26.1909608 ] ] } },
{ "type": "Feature", "properties": { "asset_name": "OSM Way 1138678003", "asset_type": "road", "osm_id": 1138678003 }, "geometry": { "type": "LineString", "coordinates": [ [ 92.7367893, 26.1909969 ], [ 92.7369179, 26.1915385 ], [ 92.7369556, 26.1916973 ], [ 92.7373377, 26.1931317 ], [ 92.7377817, 26.1946673 ], [ 92.7379292, 26.1951823 ], [ 92.7380338, 26.1955337 ], [ 92.7381813, 26.1961258 ], [ 92.7382672, 26.1965494 ], [ 92.7383208, 26.1968574 ], [ 92.7383633, 26.1971568 ], [ 92.738412, 26.1977022 ], [ 92.7384813, 26.1986064 ], [ 92.7385316, 26.1990451 ], [ 92.738809, 26.2014541 ], [ 92.7389174, 26.2024036 ], [ 92.7390504, 26.2033572 ], [ 92.7390799, 26.2037163 ], [ 92.7390879, 26.2039738 ], [ 92.7390853, 26.2042193 ], [ 92.7390584, 26.2045995 ], [ 92.7389914, 26.2056848 ], [ 92.7389699, 26.2063298 ], [ 92.7389753, 26.2078002 ], [ 92.7390182, 26.209836 ], [ 92.7390906, 26.2126611 ], [ 92.7391201, 26.2131689 ], [ 92.7391596, 26.2135709 ], [ 92.7392194, 26.2140111 ], [ 92.7392809, 26.2143939 ], [ 92.7397663, 26.2173673 ], [ 92.7399033, 26.2179815 ], [ 92.7399623, 26.2182414 ], [ 92.7403083, 26.219572 ], [ 92.7405015, 26.2203444 ], [ 92.740598, 26.2206981 ], [ 92.7406731, 26.2210543 ], [ 92.7407294, 26.2213839 ], [ 92.7407616, 26.2216847 ], [ 92.7407831, 26.2220095 ], [ 92.740826, 26.2225437 ], [ 92.7409548, 26.2242857 ], [ 92.7410835, 26.2256043 ], [ 92.7413803, 26.2279733 ], [ 92.741687, 26.2304284 ], [ 92.7417299, 26.2307196 ] ] } },
{ "type": "Feature", "properties": { "asset_name": "OSM Way 1138678004", "asset_type": "road", "osm_id": 1138678004 }, "geometry": { "type": "LineString", "coordinates": [ [ 92.7457076, 26.1681444 ], [ 92.7455011, 26.1682984 ] ] } },
{ "type": "Feature", "properties": { "asset_name": "OSM Way 1138678005", "asset_type": "road", "osm_id": 1138678005 }, "geometry": { "type": "LineString", "coordinates": [ [ 92.741373, 26.1726146 ], [ 92.7414822, 26.1726566 ] ] } },
{ "type": "Feature", "properties": { "asset_name": "OSM Way 1138681293", "asset_type": "road", "osm_id": 1138681293 }, "geometry": { "type": "LineString", "coordinates": [ [ 92.8309988, 26.1341816 ], [ 92.8309937, 26.1342828 ] ] } },
{ "type": "Feature", "properties": { "asset_name": "OSM Way 1138681294", "asset_type": "road", "osm_id": 1138681294 }, "geometry": { "type": "LineString", "coordinates": [ [ 92.8172716, 26.1377893 ], [ 92.8176472, 26.1377315 ] ] } },
{ "type": "Feature", "properties": { "asset_name": "OSM Way 1138681295", "asset_type": "road", "osm_id": 1138681295 }, "geometry": { "type": "LineString", "coordinates": [ [ 92.8099036, 26.1387235 ], [ 92.8104749, 26.1385502 ], [ 92.8113702, 26.138299 ], [ 92.8118429, 26.1381866 ], [ 92.8122839, 26.1381403 ], [ 92.8126395, 26.1381143 ], [ 92.8133234, 26.1381167 ], [ 92.8146963, 26.1381475 ], [ 92.8151583, 26.1381219 ], [ 92.8172716, 26.1377893 ] ] } },
{ "type": "Feature", "properties": { "asset_name": "OSM Way 1138681296", "asset_type": "road", "osm_id": 1138681296 }, "geometry": { "type": "LineString", "coordinates": [ [ 92.8172395, 26.1376857 ], [ 92.8159171, 26.1378952 ], [ 92.8154209, 26.1379674 ], [ 92.8151205, 26.1379987 ], [ 92.8146538, 26.1380204 ], [ 92.814289, 26.1380252 ], [ 92.813825, 26.138018 ], [ 92.8130901, 26.1380036 ], [ 92.8126448, 26.138006 ], [ 92.8122801, 26.1380252 ], [ 92.8119528, 26.1380638 ], [ 92.8116417, 26.1381167 ], [ 92.8111594, 26.1382339 ], [ 92.8106815, 26.138372 ], [ 92.8103569, 26.1384707 ], [ 92.8100358, 26.1385673 ], [ 92.8099039, 26.138607 ] ] } },
{ "type": "Feature", "properties": { "asset_name": "OSM Way 1138681297", "asset_type": "road", "osm_id": 1138681297 }, "geometry": { "type": "LineString", "coordinates": [ [ 92.8176765, 26.1376105 ], [ 92.8172395, 26.1376857 ] ] } },
{ "type": "Feature", "properties": { "asset_name": "OSM Way 1138681298", "asset_type": "road", "osm_id": 1138681298 }, "geometry": { "type": "LineString", "coordinates": [ [ 92.8095308, 26.1388295 ], [ 92.8099036, 26.1387235 ] ] } },
{ "type": "Feature", "properties": { "asset_name": "OSM Way 1138681299", "asset_type": "road", "osm_id": 1138681299 }, "geometry": { "type": "LineString", "coordinates": [ [ 92.8055611, 26.1399419 ], [ 92.8061968, 26.1397589 ], [ 92.8078806, 26.1393045 ], [ 92.8085083, 26.139122 ], [ 92.8095308, 26.1388295 ] ] } },
{ "type": "Feature", "properties": { "asset_name": "OSM Way 1138681300", "asset_type": "road", "osm_id": 1138681300 }, "geometry": { "type": "LineString", "coordinates": [ [ 92.8094879, 26.1387308 ], [ 92.8084715, 26.1390118 ], [ 92.8071805, 26.1393902 ], [ 92.8062227, 26.1396478 ], [ 92.8057893, 26.1397644 ], [ 92.8055504, 26.1398287 ] ] } },
{ "type": "Feature", "properties": { "asset_name": "OSM Way 1138681301", "asset_type": "road", "osm_id": 1138681301 }, "geometry": { "type": "LineString", "coordinates": [ [ 92.8099039, 26.138607 ], [ 92.8094879, 26.1387308 ] ] } },
{ "type": "Feature", "properties": { "asset_name": "OSM Way 1138681302", "asset_type": "road", "osm_id": 1138681302 }, "geometry": { "type": "LineString", "coordinates": [ [ 92.8084715, 26.1390118 ], [ 92.8085083, 26.139122 ] ] } },
{ "type": "Feature", "properties": { "asset_name": "OSM Way 1138681303", "asset_type": "road", "osm_id": 1138681303 }, "geometry": { "type": "LineString", "coordinates": [ [ 92.8052849, 26.1400214 ], [ 92.8055611, 26.1399419 ] ] } },
{ "type": "Feature", "properties": { "asset_name": "OSM Way 1138681304", "asset_type": "road", "osm_id": 1138681304 }, "geometry": { "type": "LineString", "coordinates": [ [ 92.7762043, 26.1465056 ], [ 92.776958, 26.1458964 ], [ 92.7773765, 26.1455305 ], [ 92.7776635, 26.1453138 ], [ 92.7780658, 26.1450658 ], [ 92.778503, 26.1448539 ], [ 92.7795196, 26.1444181 ], [ 92.7805173, 26.1439919 ], [ 92.7811382, 26.1436906 ], [ 92.7813113, 26.1436066 ], [ 92.7822822, 26.1431395 ], [ 92.7828804, 26.1428771 ], [ 92.7832156, 26.1427567 ], [ 92.7835616, 26.1426507 ], [ 92.7838299, 26.1425833 ], [ 92.7848142, 26.1423377 ], [ 92.7854798, 26.1421774 ], [ 92.7855438, 26.142162 ], [ 92.7863431, 26.1420127 ], [ 92.7868339, 26.1419356 ], [ 92.7871558, 26.1419043 ], [ 92.7877218, 26.1418682 ], [ 92.7882931, 26.1418249 ], [ 92.7885924, 26.141793 ], [ 92.7887008, 26.1417815 ], [ 92.7889878, 26.1417285 ], [ 92.789323, 26.1416467 ], [ 92.78983, 26.1414926 ], [ 92.790758, 26.1411844 ], [ 92.7915546, 26.1409677 ], [ 92.7920991, 26.1408352 ], [ 92.7931023, 26.1405896 ], [ 92.793864, 26.1404042 ], [ 92.7961734, 26.1399323 ], [ 92.7969325, 26.1397902 ], [ 92.7977049, 26.1396771 ], [ 92.7980751, 26.1396265 ], [ 92.798354, 26.1396048 ], [ 92.798692, 26.1395928 ], [ 92.7990112, 26.1396048 ], [ 92.7993089, 26.1396433 ], [ 92.7996629, 26.1397132 ], [ 92.800186, 26.1398721 ], [ 92.8012589, 26.1402574 ], [ 92.8017122, 26.140397 ], [ 92.8020796, 26.1404741 ], [ 92.8024176, 26.1405198 ], [ 92.8027502, 26.1405294 ], [ 92.8032061, 26.1405126 ], [ 92.8035226, 26.1404813 ], [ 92.8038794, 26.1404115 ], [ 92.8042629, 26.1403224 ], [ 92.8052849, 26.1400214 ] ] } },
{ "type": "Feature", "properties": { "asset_name": "OSM Way 1138681305", "asset_type": "road", "osm_id": 1138681305 }, "geometry": { "type": "LineString", "coordinates": [ [ 92.8052205, 26.1399299 ], [ 92.804507, 26.1401225 ], [ 92.8036836, 26.1403344 ], [ 92.8032571, 26.1403994 ], [ 92.8028789, 26.1404235 ], [ 92.8025705, 26.1404187 ], [ 92.802254, 26.1403922 ], [ 92.8019965, 26.1403513 ], [ 92.8017202, 26.1402887 ], [ 92.801663, 26.1402703 ], [ 92.8013773, 26.1401786 ], [ 92.8001726, 26.1397541 ], [ 92.7998829, 26.1396578 ], [ 92.7994966, 26.1395615 ], [ 92.7991855, 26.1395085 ], [ 92.7988636, 26.1394916 ], [ 92.7985773, 26.1394907 ], [ 92.7982441, 26.1395013 ], [ 92.7979383, 26.139535 ], [ 92.7974823, 26.1396 ], [ 92.7970424, 26.1396771 ], [ 92.7957898, 26.1398986 ], [ 92.7941209, 26.1402368 ], [ 92.7932391, 26.1404355 ], [ 92.7919033, 26.1407654 ], [ 92.790522, 26.1411338 ], [ 92.7902001, 26.1412446 ], [ 92.7896449, 26.1414228 ], [ 92.7893257, 26.1415191 ], [ 92.7889743, 26.1416033 ], [ 92.788682, 26.1416563 ], [ 92.7883226, 26.1417045 ], [ 92.787872, 26.1417334 ], [ 92.7873774, 26.1417661 ], [ 92.7868313, 26.1418176 ], [ 92.7864209, 26.1418827 ], [ 92.7859649, 26.1419645 ], [ 92.7856484, 26.1420223 ], [ 92.7851763, 26.1421282 ], [ 92.7846077, 26.1422703 ], [ 92.7837816, 26.1424798 ], [ 92.7833363, 26.1425881 ], [ 92.7830493, 26.1426772 ], [ 92.7827382, 26.1427904 ], [ 92.7824834, 26.1428939 ], [ 92.7822259, 26.1430191 ], [ 92.7811852, 26.1435368 ], [ 92.7800292, 26.1440858 ], [ 92.7784386, 26.1447576 ], [ 92.7780068, 26.1449719 ], [ 92.7776822, 26.1451549 ], [ 92.7774567, 26.1453168 ], [ 92.7771565, 26.1455594 ], [ 92.7769098, 26.1457785 ], [ 92.7761212, 26.1464286 ] ] } },
{ "type": "Feature", "properties": { "asset_name": "OSM Way 1138681306", "asset_type": "road", "osm_id": 1138681306 }, "geometry": { "type": "LineString", "coordinates": [ [ 92.8055504, 26.1398287 ], [ 92.8052205, 26.1399299 ] ] } },
{ "type": "Feature", "properties": { "asset_name": "OSM Way 1138681307", "asset_type": "road", "osm_id": 1138681307 }, "geometry": { "type": "LineString", "coordinates": [ [ 92.7780068, 26.1449719 ], [ 92.7780658, 26.1450658 ] ] } },
{ "type": "Feature", "properties": { "asset_name": "OSM Way 1138681308", "asset_type": "road", "osm_id": 1138681308 }, "geometry": { "type": "LineString", "coordinates": [ [ 92.7759764, 26.1466934 ], [ 92.7762043, 26.1465056 ] ] } },
{ "type": "Feature", "properties": { "asset_name": "OSM Way 1138681309", "asset_type": "road", "osm_id": 1138681309 }, "geometry": { "type": "LineString", "coordinates": [ [ 92.7458391, 26.1681853 ], [ 92.7463567, 26.1678338 ], [ 92.7467108, 26.167622 ], [ 92.7471909, 26.1673764 ], [ 92.7486098, 26.1668179 ], [ 92.7513403, 26.1657563 ], [ 92.7528959, 26.1651545 ], [ 92.7537301, 26.1648343 ], [ 92.7549344, 26.1643697 ], [ 92.7553341, 26.1642035 ], [ 92.7557123, 26.1640182 ], [ 92.7561602, 26.1637461 ], [ 92.7566913, 26.1633899 ], [ 92.7573138, 26.1629792 ], [ 92.7583772, 26.1622474 ], [ 92.7592286, 26.161695 ], [ 92.760405, 26.1609565 ], [ 92.7611064, 26.1605596 ], [ 92.7614817, 26.1603204 ], [ 92.7617821, 26.1601326 ], [ 92.7621549, 26.1598533 ], [ 92.7624446, 26.1595885 ], [ 92.763759, 26.1581047 ], [ 92.7645942, 26.157248 ], [ 92.7657008, 26.1561506 ], [ 92.7666999, 26.155196 ] ] } },
{ "type": "Feature", "properties": { "asset_name": "OSM Way 1138681310", "asset_type": "road", "osm_id": 1138681310 }, "geometry": { "type": "LineString", "coordinates": [ [ 92.7665927, 26.1551202 ], [ 92.7663593, 26.1553344 ], [ 92.7659435, 26.1557317 ], [ 92.7654406, 26.1562589 ], [ 92.7648559, 26.1568295 ], [ 92.7643222, 26.1573351 ], [ 92.7639171, 26.1577444 ], [ 92.7636221, 26.1580525 ], [ 92.7631634, 26.1585918 ], [ 92.762686, 26.1591263 ], [ 92.7623454, 26.1595043 ], [ 92.762104, 26.159733 ], [ 92.7618894, 26.1599087 ], [ 92.7616239, 26.1600869 ], [ 92.7611303, 26.1603878 ], [ 92.7607012, 26.1606502 ], [ 92.7602452, 26.1609271 ], [ 92.75969, 26.1612497 ], [ 92.7592796, 26.1614928 ], [ 92.7589309, 26.1617191 ], [ 92.7584803, 26.1620176 ], [ 92.7572277, 26.1628819 ], [ 92.7563426, 26.1634886 ], [ 92.7559161, 26.1637678 ], [ 92.7555138, 26.1639941 ], [ 92.7551275, 26.164153 ], [ 92.7546716, 26.164336 ], [ 92.7534538, 26.1648078 ], [ 92.7513054, 26.1656624 ], [ 92.7500582, 26.1661439 ], [ 92.7488565, 26.1666013 ], [ 92.7478534, 26.1669961 ], [ 92.7472392, 26.1672272 ], [ 92.7467939, 26.1674318 ], [ 92.746413, 26.1676605 ], [ 92.7460188, 26.1679181 ], [ 92.7457076, 26.1681444 ] ] } },
{ "type": "Feature", "properties": { "asset_name": "OSM Way 1138681311", "asset_type": "road", "osm_id": 1138681311 }, "geometry": { "type": "LineString", "coordinates": [ [ 92.7761212, 26.1464286 ], [ 92.7758932, 26.1466164 ] ] } },
{ "type": "Feature", "properties": { "asset_name": "OSM Way 1138681312", "asset_type": "road", "osm_id": 1138681312 }, "geometry": { "type": "LineString", "coordinates": [ [ 92.7710035, 26.1518892 ], [ 92.7710813, 26.1519686 ] ] } },
{ "type": "Feature", "properties": { "asset_name": "OSM Way 1142097819", "asset_type": "road", "osm_id": 1142097819 }, "geometry": { "type": "LineString", "coordinates": [ [ 92.7389965, 26.1767389 ], [ 92.7398041, 26.1755393 ], [ 92.7402145, 26.1749159 ], [ 92.7405471, 26.1743574 ], [ 92.7408858, 26.1737609 ], [ 92.7412015, 26.1731249 ], [ 92.7414822, 26.1726566 ], [ 92.7418129, 26.1721048 ], [ 92.7420169, 26.1718106 ], [ 92.7423093, 26.1714014 ], [ 92.7425855, 26.1710499 ], [ 92.7429369, 26.1706431 ], [ 92.7432507, 26.1702989 ], [ 92.7435914, 26.1699763 ], [ 92.7441546, 26.1695021 ], [ 92.7447528, 26.1690158 ], [ 92.7456218, 26.1683369 ] ] } },
{ "type": "Feature", "properties": { "asset_name": "OSM Way 1142097820", "asset_type": "road", "osm_id": 1142097820 }, "geometry": { "type": "LineString", "coordinates": [ [ 92.7388885, 26.1769086 ], [ 92.7389965, 26.1767389 ] ] } },
{ "type": "Feature", "properties": { "asset_name": "OSM Way 1142097821", "asset_type": "road", "osm_id": 1142097821 }, "geometry": { "type": "LineString", "coordinates": [ [ 92.7388626, 26.1766803 ], [ 92.7387691, 26.176852 ] ] } },
{ "type": "Feature", "properties": { "asset_name": "OSM Way 1142097822", "asset_type": "road", "osm_id": 1142097822 }, "geometry": { "type": "LineString", "coordinates": [ [ 92.7455011, 26.1682984 ], [ 92.7450263, 26.1686523 ], [ 92.7444202, 26.1691265 ], [ 92.7439159, 26.1695358 ], [ 92.7434412, 26.1699594 ], [ 92.7429503, 26.1704577 ], [ 92.7425909, 26.1708573 ], [ 92.7421993, 26.1713364 ], [ 92.741915, 26.1717504 ], [ 92.7416548, 26.1721356 ], [ 92.741373, 26.1726146 ], [ 92.7411237, 26.1730383 ], [ 92.7406839, 26.1738447 ], [ 92.7404425, 26.1743141 ], [ 92.7402279, 26.1746752 ], [ 92.7399945, 26.1750579 ], [ 92.7396297, 26.1755658 ], [ 92.7388626, 26.1766803 ] ] } },
{ "type": "Feature", "properties": { "asset_name": "OSM Way 1266648362", "asset_type": "road", "osm_id": 1266648362 }, "geometry": { "type": "LineString", "coordinates": [ [ 92.8497202, 26.0013699 ], [ 92.8512742, 26.0010823 ], [ 92.8514943, 26.0010718 ], [ 92.8516766, 26.0011012 ], [ 92.8518255, 26.0011739 ], [ 92.8519936, 26.0012762 ], [ 92.8525615, 26.0019218 ], [ 92.8537878, 26.0030998 ] ] } },
{ "type": "Feature", "properties": { "asset_name": "het andere gedeelte van het pannenkoekenhuis", "asset_type": "road", "osm_id": 1299284253 }, "geometry": { "type": "LineString", "coordinates": [ [ 92.5941412, 26.0641603 ], [ 92.5942433, 26.0638813 ], [ 92.5943452, 26.0636548 ], [ 92.5944579, 26.0631778 ], [ 92.5945169, 26.0629657 ], [ 92.5946939, 26.0629754 ], [ 92.5956354, 26.0633994 ], [ 92.5961047, 26.0635874 ], [ 92.5972044, 26.0635344 ], [ 92.5978482, 26.0634621 ], [ 92.5982666, 26.0631103 ], [ 92.598803, 26.0627585 ], [ 92.5998867, 26.0625802 ], [ 92.6002514, 26.0624983 ], [ 92.600525, 26.0623826 ], [ 92.602644, 26.0624019 ] ] } },
{ "type": "Feature", "properties": { "asset_name": "OSM Way 1312615501", "asset_type": "road", "osm_id": 1312615501 }, "geometry": { "type": "LineString", "coordinates": [ [ 92.7016135, 25.932831 ], [ 92.7019613, 25.93221 ], [ 92.7027872, 25.9308249 ], [ 92.7034345, 25.9298212 ], [ 92.7035758, 25.9294265 ], [ 92.7038214, 25.9288577 ], [ 92.7039627, 25.9282622 ], [ 92.7042083, 25.9275797 ], [ 92.7046249, 25.9268102 ], [ 92.7049597, 25.9262213 ], [ 92.7054954, 25.9252711 ], [ 92.7059939, 25.9246288 ], [ 92.7061209, 25.9245402 ], [ 92.7062075, 25.9244798 ], [ 92.7063585, 25.9243745 ], [ 92.7069462, 25.9241001 ], [ 92.7078391, 25.923625 ], [ 92.7091039, 25.9230496 ], [ 92.710019, 25.922454 ], [ 92.7107779, 25.9219923 ], [ 92.7116708, 25.9214302 ], [ 92.7121761, 25.9212055 ], [ 92.7131442, 25.9209689 ], [ 92.7139123, 25.9208648 ], [ 92.7154169, 25.9207654 ], [ 92.7164376, 25.920685 ], [ 92.7170163, 25.9205667 ], [ 92.7177002, 25.9203159 ], [ 92.718421, 25.9200415 ], [ 92.7193469, 25.9197812 ], [ 92.719752, 25.9196582 ], [ 92.7201781, 25.9193932 ], [ 92.7210357, 25.9188301 ], [ 92.7214092, 25.9186077 ], [ 92.7218406, 25.9181913 ], [ 92.722856, 25.91698 ], [ 92.7237503, 25.9159579 ], [ 92.7246131, 25.9149074 ], [ 92.725518, 25.9139184 ], [ 92.7261388, 25.9131991 ], [ 92.7263177, 25.9129483 ], [ 92.7266334, 25.9121249 ], [ 92.7269069, 25.9111927 ], [ 92.7272173, 25.9101848 ], [ 92.7275813, 25.909241 ], [ 92.7276498, 25.9091223 ], [ 92.7278697, 25.9086989 ], [ 92.7284537, 25.9078139 ], [ 92.729064, 25.9070473 ], [ 92.7296033, 25.9064712 ], [ 92.7306002, 25.9057175 ], [ 92.7318839, 25.9047663 ], [ 92.7329255, 25.9039381 ], [ 92.7335569, 25.9033892 ], [ 92.7346617, 25.9023764 ], [ 92.735556, 25.9014394 ], [ 92.7365083, 25.9003604 ], [ 92.7370239, 25.8996789 ], [ 92.737813, 25.8988176 ], [ 92.738055, 25.8984058 ], [ 92.7381181, 25.8980698 ], [ 92.7383338, 25.8974498 ], [ 92.7385916, 25.8967163 ], [ 92.7388389, 25.8962099 ], [ 92.739023, 25.8956751 ], [ 92.7392124, 25.8950267 ], [ 92.7394071, 25.8946433 ], [ 92.7397543, 25.8942268 ], [ 92.7401594, 25.8938766 ], [ 92.7407539, 25.8933513 ], [ 92.741401, 25.892807 ], [ 92.7419061, 25.892381 ], [ 92.7425479, 25.8920686 ], [ 92.7429653, 25.8918207 ], [ 92.7435453, 25.8915753 ], [ 92.7440371, 25.8914025 ], [ 92.744767, 25.8912125 ], [ 92.7451512, 25.8910397 ], [ 92.745543, 25.8908599 ], [ 92.7457466, 25.8907321 ], [ 92.7459649, 25.8906121 ], [ 92.7460416, 25.8905699 ], [ 92.746249, 25.8903591 ], [ 92.7464142, 25.8901379 ], [ 92.7465218, 25.8899858 ], [ 92.7466332, 25.8898441 ], [ 92.7466716, 25.8897301 ], [ 92.7466755, 25.8894225 ], [ 92.7467446, 25.889222 ], [ 92.7467869, 25.8890838 ], [ 92.7468214, 25.8889732 ], [ 92.7468176, 25.8888488 ], [ 92.7468176, 25.8887451 ], [ 92.7468483, 25.8884651 ], [ 92.7468138, 25.8883096 ], [ 92.7466217, 25.8880435 ], [ 92.7463182, 25.8876633 ], [ 92.7461492, 25.8873834 ], [ 92.7458956, 25.8870343 ], [ 92.7454577, 25.886426 ], [ 92.7452656, 25.8862255 ], [ 92.7451695, 25.8860285 ], [ 92.7451503, 25.8859283 ], [ 92.7451234, 25.8858177 ], [ 92.745158, 25.8855758 ], [ 92.745254, 25.8853788 ], [ 92.7454769, 25.8847739 ], [ 92.7458188, 25.8839064 ], [ 92.7461443, 25.8832422 ], [ 92.7463728, 25.8830588 ] ] } },
{ "type": "Feature", "properties": { "asset_name": "OSM Way 1312615502", "asset_type": "road", "osm_id": 1312615502 }, "geometry": { "type": "LineString", "coordinates": [ [ 92.7016135, 25.932831 ], [ 92.7015841, 25.9328199 ], [ 92.7015525, 25.9328167 ], [ 92.7015211, 25.9328216 ], [ 92.7014926, 25.9328343 ], [ 92.7014692, 25.9328537 ], [ 92.7014528, 25.9328782 ], [ 92.7014448, 25.9329059 ], [ 92.7014458, 25.9329345 ], [ 92.7014557, 25.9329617 ], [ 92.7014737, 25.9329853 ], [ 92.7014984, 25.9330034 ], [ 92.7015277, 25.9330145 ], [ 92.7015593, 25.9330177 ], [ 92.7015907, 25.9330128 ], [ 92.7016192, 25.9330001 ], [ 92.7016426, 25.9329807 ], [ 92.701659, 25.9329561 ], [ 92.701667, 25.9329284 ], [ 92.7016661, 25.9328998 ], [ 92.7016562, 25.9328726 ], [ 92.7016381, 25.932849 ], [ 92.7016135, 25.932831 ] ] } },
{ "type": "Feature", "properties": { "asset_name": "OSM Way 1312615503", "asset_type": "road", "osm_id": 1312615503 }, "geometry": { "type": "LineString", "coordinates": [ [ 92.5709684, 25.8440203 ], [ 92.571006, 25.8440553 ], [ 92.5711548, 25.8441675 ], [ 92.5713211, 25.8442726 ], [ 92.5715585, 25.844357 ], [ 92.5719126, 25.8444415 ] ] } },
{ "type": "Feature", "properties": { "asset_name": "OSM Way 1312652762", "asset_type": "road", "osm_id": 1312652762 }, "geometry": { "type": "LineString", "coordinates": [ [ 92.8497343, 26.001294 ], [ 92.849516, 26.001387 ] ] } },
{ "type": "Feature", "properties": { "asset_name": "OSM Way 1312652763", "asset_type": "road", "osm_id": 1312652763 }, "geometry": { "type": "LineString", "coordinates": [ [ 92.8414629, 26.0009897 ], [ 92.8420921, 26.0010605 ], [ 92.8423304, 26.0010874 ], [ 92.8430732, 26.0011709 ], [ 92.8435379, 26.0012233 ], [ 92.8436601, 26.001237 ], [ 92.8442857, 26.0013074 ], [ 92.8454305, 26.0014363 ], [ 92.8465304, 26.0015601 ], [ 92.84712, 26.0016264 ], [ 92.8472886, 26.0016454 ], [ 92.8476851, 26.0017314 ] ] } },
{ "type": "Feature", "properties": { "asset_name": "OSM Way 1312660273", "asset_type": "road", "osm_id": 1312660273 }, "geometry": { "type": "LineString", "coordinates": [ [ 92.8257796, 26.0297828 ], [ 92.8257139, 26.029849 ] ] } },
{ "type": "Feature", "properties": { "asset_name": "OSM Way 1312660274", "asset_type": "road", "osm_id": 1312660274 }, "geometry": { "type": "LineString", "coordinates": [ [ 92.8314277, 26.0228076 ], [ 92.8314065, 26.0228278 ], [ 92.8300776, 26.0244143 ], [ 92.8281646, 26.0268715 ], [ 92.8260001, 26.0294847 ], [ 92.8257796, 26.0297828 ] ] } },
{ "type": "Feature", "properties": { "asset_name": "OSM Way 1312660275", "asset_type": "road", "osm_id": 1312660275 }, "geometry": { "type": "LineString", "coordinates": [ [ 92.8314579, 26.0227715 ], [ 92.8314277, 26.0228076 ] ] } },
{ "type": "Feature", "properties": { "asset_name": "OSM Way 1312660276", "asset_type": "road", "osm_id": 1312660276 }, "geometry": { "type": "LineString", "coordinates": [ [ 92.8257139, 26.029849 ], [ 92.8256791, 26.0298763 ], [ 92.8233623, 26.0327792 ], [ 92.8227668, 26.0332496 ], [ 92.8227315, 26.0332775 ], [ 92.820774, 26.0342059 ], [ 92.816674, 26.0360332 ], [ 92.8155308, 26.0364529 ], [ 92.8148696, 26.0367902 ], [ 92.8135345, 26.0376828 ], [ 92.8117304, 26.0387824 ], [ 92.809974, 26.0399821 ], [ 92.8080745, 26.0414388 ], [ 92.8066758, 26.0425599 ], [ 92.8061433, 26.0429954 ], [ 92.8052532, 26.0435381 ], [ 92.8044783, 26.0442736 ], [ 92.8039776, 26.0447948 ], [ 92.8038425, 26.0449608 ] ] } },
{ "type": "Feature", "properties": { "asset_name": "OSM Way 1312660285", "asset_type": "road", "osm_id": 1312660285 }, "geometry": { "type": "LineString", "coordinates": [ [ 92.8674994, 26.0062327 ], [ 92.8674323, 26.0062213 ] ] } },
{ "type": "Feature", "properties": { "asset_name": "OSM Way 1312660286", "asset_type": "road", "osm_id": 1312660286 }, "geometry": { "type": "LineString", "coordinates": [ [ 92.8674323, 26.0062213 ], [ 92.8673894, 26.0062196 ], [ 92.8672939, 26.0061785 ], [ 92.8669017, 26.006106 ], [ 92.865737, 26.0058814 ], [ 92.8657057, 26.0058754 ], [ 92.865629, 26.0058606 ], [ 92.863795, 26.0054874 ], [ 92.8635704, 26.0054337 ], [ 92.8631217, 26.0053264 ], [ 92.862653, 26.0052144 ], [ 92.8619955, 26.0050209 ], [ 92.8617909, 26.0049435 ], [ 92.8614842, 26.0048274 ], [ 92.8611154, 26.0047852 ], [ 92.8610304, 26.0047755 ], [ 92.8603499, 26.0046684 ], [ 92.860056, 26.0045498 ], [ 92.8597078, 26.0044092 ], [ 92.8594929, 26.0043062 ], [ 92.858785, 26.0039669 ], [ 92.8584578, 26.0038326 ], [ 92.8583011, 26.0037683 ], [ 92.8581198, 26.0036939 ], [ 92.8579142, 26.0036159 ], [ 92.8573677, 26.0034087 ], [ 92.8572085, 26.0033483 ], [ 92.8567651, 26.003177 ], [ 92.856305, 26.0029993 ], [ 92.8560439, 26.002905 ], [ 92.8559933, 26.0028867 ], [ 92.8557858, 26.0028118 ], [ 92.8554629, 26.0026952 ], [ 92.8549054, 26.0024464 ], [ 92.854839, 26.0023507 ], [ 92.8547717, 26.0023247 ] ] } },
{ "type": "Feature", "properties": { "asset_name": "OSM Way 1312660291", "asset_type": "road", "osm_id": 1312660291 }, "geometry": { "type": "LineString", "coordinates": [ [ 92.8656969, 26.0145943 ], [ 92.8657452, 26.0146365 ] ] } },
{ "type": "Feature", "properties": { "asset_name": "OSM Way 1312660292", "asset_type": "road", "osm_id": 1312660292 }, "geometry": { "type": "LineString", "coordinates": [ [ 92.8849587, 26.0440444 ], [ 92.885204, 26.0445078 ], [ 92.8861561, 26.0462466 ], [ 92.8881174, 26.0502008 ], [ 92.8921294, 26.0539106 ], [ 92.8951228, 26.0567781 ], [ 92.895568, 26.0572648 ], [ 92.8959398, 26.0579116 ], [ 92.8986793, 26.0629442 ], [ 92.8993607, 26.0642596 ], [ 92.8994518, 26.0644161 ], [ 92.8989599, 26.0652935 ] ] } },
{ "type": "Feature", "properties": { "asset_name": "OSM Way 1312660308", "asset_type": "road", "osm_id": 1312660308 }, "geometry": { "type": "LineString", "coordinates": [ [ 92.8537878, 26.0030998 ], [ 92.8540042, 26.0033419 ] ] } },
{ "type": "Feature", "properties": { "asset_name": "OSM Way 1312661438", "asset_type": "road", "osm_id": 1312661438 }, "geometry": { "type": "LineString", "coordinates": [ [ 92.8722473, 26.0207453 ], [ 92.8725117, 26.0211807 ] ] } },
{ "type": "Feature", "properties": { "asset_name": "OSM Way 1312661439", "asset_type": "road", "osm_id": 1312661439 }, "geometry": { "type": "LineString", "coordinates": [ [ 92.8657452, 26.0146365 ], [ 92.8657712, 26.0146538 ], [ 92.868959, 26.0177266 ], [ 92.8690265, 26.0177901 ], [ 92.8692524, 26.0180028 ], [ 92.8717098, 26.0201563 ], [ 92.8722473, 26.0207453 ] ] } },
{ "type": "Feature", "properties": { "asset_name": "OSM Way 1313324025", "asset_type": "road", "osm_id": 1313324025 }, "geometry": { "type": "LineString", "coordinates": [ [ 92.9104622, 26.0443879 ], [ 92.9105892, 26.0444458 ] ] } },
{ "type": "Feature", "properties": { "asset_name": "OSM Way 1313324026", "asset_type": "road", "osm_id": 1313324026 }, "geometry": { "type": "LineString", "coordinates": [ [ 92.9013562, 26.0610478 ], [ 92.9014995, 26.0610638 ] ] } },
{ "type": "Feature", "properties": { "asset_name": "OSM Way 1313324027", "asset_type": "road", "osm_id": 1313324027 }, "geometry": { "type": "LineString", "coordinates": [ [ 92.9017317, 26.0606333 ], [ 92.9018363, 26.0604454 ] ] } },
{ "type": "Feature", "properties": { "asset_name": "OSM Way 1313324028", "asset_type": "road", "osm_id": 1313324028 }, "geometry": { "type": "LineString", "coordinates": [ [ 92.9017157, 26.0603725 ], [ 92.9015949, 26.0605924 ] ] } },
{ "type": "Feature", "properties": { "asset_name": "OSM Way 1313324029", "asset_type": "road", "osm_id": 1313324029 }, "geometry": { "type": "LineString", "coordinates": [ [ 92.9015949, 26.0605924 ], [ 92.9013562, 26.0610478 ], [ 92.9010787, 26.0615752 ], [ 92.9009422, 26.0618165 ] ] } },
{ "type": "Feature", "properties": { "asset_name": "OSM Way 1313324030", "asset_type": "road", "osm_id": 1313324030 }, "geometry": { "type": "LineString", "coordinates": [ [ 92.9010464, 26.0618798 ], [ 92.9011704, 26.0616586 ], [ 92.9014995, 26.0610638 ], [ 92.9017317, 26.0606333 ] ] } },
{ "type": "Feature", "properties": { "asset_name": "OSM Way 1313324031", "asset_type": "road", "osm_id": 1313324031 }, "geometry": { "type": "LineString", "coordinates": [ [ 92.896598, 26.069818 ], [ 92.8967214, 26.0698662 ] ] } },
{ "type": "Feature", "properties": { "asset_name": "OSM Way 1313324032", "asset_type": "road", "osm_id": 1313324032 }, "geometry": { "type": "LineString", "coordinates": [ [ 92.8944361, 26.073403 ], [ 92.8946175, 26.0731805 ] ] } },
{ "type": "Feature", "properties": { "asset_name": "OSM Way 1313324033", "asset_type": "road", "osm_id": 1313324033 }, "geometry": { "type": "LineString", "coordinates": [ [ 92.8945144, 26.0730973 ], [ 92.8943235, 26.0733235 ] ] } },
{ "type": "Feature", "properties": { "asset_name": "OSM Way 1313324034", "asset_type": "road", "osm_id": 1313324034 }, "geometry": { "type": "LineString", "coordinates": [ [ 92.8975505, 26.0681158 ], [ 92.8973638, 26.068412 ], [ 92.8970446, 26.0689964 ], [ 92.896598, 26.069818 ], [ 92.8958619, 26.0710913 ], [ 92.8951752, 26.0722265 ], [ 92.8945144, 26.0730973 ] ] } },
{ "type": "Feature", "properties": { "asset_name": "OSM Way 1313324035", "asset_type": "road", "osm_id": 1313324035 }, "geometry": { "type": "LineString", "coordinates": [ [ 92.8946175, 26.0731805 ], [ 92.8952741, 26.0722946 ], [ 92.8959908, 26.0711407 ], [ 92.8967214, 26.0698662 ], [ 92.8971219, 26.0691181 ], [ 92.8975602, 26.0684219 ], [ 92.8977055, 26.0681321 ] ] } },
{ "type": "Feature", "properties": { "asset_name": "OSM Way 1313324036", "asset_type": "road", "osm_id": 1313324036 }, "geometry": { "type": "LineString", "coordinates": [ [ 92.8571936, 26.1215684 ], [ 92.8574082, 26.1215275 ] ] } },
{ "type": "Feature", "properties": { "asset_name": "OSM Way 1313324037", "asset_type": "road", "osm_id": 1313324037 }, "geometry": { "type": "LineString", "coordinates": [ [ 92.8449936, 26.12733 ], [ 92.845349, 26.1271121 ], [ 92.8472614, 26.1259489 ], [ 92.8489432, 26.1249134 ], [ 92.8489953, 26.1248825 ], [ 92.8498766, 26.1243595 ], [ 92.8507027, 26.1238971 ], [ 92.8515715, 26.1234646 ], [ 92.8520425, 26.1232913 ], [ 92.8531992, 26.1228048 ], [ 92.8543398, 26.1223387 ], [ 92.8551325, 26.1220365 ], [ 92.8560368, 26.1217937 ], [ 92.8570703, 26.1215949 ], [ 92.8570956, 26.1215895 ], [ 92.8571936, 26.1215684 ] ] } },
{ "type": "Feature", "properties": { "asset_name": "OSM Way 1313324038", "asset_type": "road", "osm_id": 1313324038 }, "geometry": { "type": "LineString", "coordinates": [ [ 92.8574303, 26.1214077 ], [ 92.8571518, 26.1214551 ] ] } },
{ "type": "Feature", "properties": { "asset_name": "OSM Way 1313324039", "asset_type": "road", "osm_id": 1313324039 }, "geometry": { "type": "LineString", "coordinates": [ [ 92.8571518, 26.1214551 ], [ 92.8560805, 26.1216623 ], [ 92.8553414, 26.1218325 ], [ 92.8553167, 26.1218382 ], [ 92.8549787, 26.1219581 ], [ 92.8541786, 26.122259 ], [ 92.8532507, 26.1226561 ], [ 92.8520724, 26.1231349 ], [ 92.8518708, 26.1232181 ], [ 92.8515033, 26.1233697 ], [ 92.8514782, 26.1233801 ], [ 92.8512124, 26.1235105 ], [ 92.8505744, 26.1238235 ], [ 92.8497609, 26.1242852 ], [ 92.849363, 26.1245313 ], [ 92.8489244, 26.1248026 ], [ 92.8480554, 26.1253324 ], [ 92.8475883, 26.1256234 ], [ 92.8471813, 26.1258769 ], [ 92.8470308, 26.1259706 ], [ 92.8461805, 26.1264763 ], [ 92.8449266, 26.1272493 ] ] } },
{ "type": "Feature", "properties": { "asset_name": "OSM Way 1313324040", "asset_type": "road", "osm_id": 1313324040 }, "geometry": { "type": "LineString", "coordinates": [ [ 92.8497609, 26.1242852 ], [ 92.8498766, 26.1243595 ] ] } },
{ "type": "Feature", "properties": { "asset_name": "OSM Way 1313324041", "asset_type": "road", "osm_id": 1313324041 }, "geometry": { "type": "LineString", "coordinates": [ [ 92.8448032, 26.1274444 ], [ 92.8449936, 26.12733 ] ] } },
{ "type": "Feature", "properties": { "asset_name": "OSM Way 1313324042", "asset_type": "road", "osm_id": 1313324042 }, "geometry": { "type": "LineString", "coordinates": [ [ 92.8574082, 26.1215275 ], [ 92.8581827, 26.1213958 ], [ 92.8592173, 26.1211017 ], [ 92.8593049, 26.1210602 ], [ 92.8599486, 26.1207557 ], [ 92.8609987, 26.1200259 ], [ 92.8617314, 26.1195078 ], [ 92.8624797, 26.1191465 ], [ 92.8628127, 26.1190325 ], [ 92.8637958, 26.1188043 ], [ 92.8660771, 26.1183785 ], [ 92.8689347, 26.1178463 ], [ 92.870174, 26.1176237 ], [ 92.8705905, 26.1175489 ], [ 92.8721563, 26.1172479 ], [ 92.8729739, 26.1170424 ], [ 92.8735667, 26.1168038 ], [ 92.8742426, 26.1163449 ], [ 92.8744291, 26.1161778 ], [ 92.8745966, 26.1160286 ], [ 92.8747462, 26.1159045 ] ] } },
{ "type": "Feature", "properties": { "asset_name": "OSM Way 1313324043", "asset_type": "road", "osm_id": 1313324043 }, "geometry": { "type": "LineString", "coordinates": [ [ 92.8449266, 26.1272493 ], [ 92.8447361, 26.1273589 ] ] } },
{ "type": "Feature", "properties": { "asset_name": "OSM Way 1313324044", "asset_type": "road", "osm_id": 1313324044 }, "geometry": { "type": "LineString", "coordinates": [ [ 92.8745536, 26.1157921 ], [ 92.8744874, 26.1158798 ], [ 92.8743423, 26.1160502 ], [ 92.8741023, 26.1162798 ], [ 92.8737053, 26.1165667 ], [ 92.8734071, 26.1167534 ], [ 92.8729908, 26.1169247 ], [ 92.8722739, 26.1170753 ], [ 92.8700863, 26.1174948 ], [ 92.8678291, 26.1179222 ], [ 92.8658389, 26.1183108 ], [ 92.8634743, 26.118752 ], [ 92.8627276, 26.118929 ], [ 92.8625078, 26.1190049 ], [ 92.8619585, 26.1192434 ], [ 92.8613031, 26.1196155 ], [ 92.8603549, 26.1203126 ], [ 92.8597442, 26.1207157 ], [ 92.8592607, 26.1209762 ], [ 92.8585871, 26.1211786 ], [ 92.8574303, 26.1214077 ] ] } },
{ "type": "Feature", "properties": { "asset_name": "OSM Way 1313324046", "asset_type": "road", "osm_id": 1313324046 }, "geometry": { "type": "LineString", "coordinates": [ [ 92.7667697, 26.1549565 ], [ 92.7665927, 26.1551202 ] ] } },
{ "type": "Feature", "properties": { "asset_name": "OSM Way 1313324047", "asset_type": "road", "osm_id": 1313324047 }, "geometry": { "type": "LineString", "coordinates": [ [ 92.7758932, 26.1466164 ], [ 92.7754721, 26.1469631 ], [ 92.774882, 26.1474687 ], [ 92.7746701, 26.1476709 ], [ 92.7745011, 26.1478563 ], [ 92.7743483, 26.1480369 ], [ 92.7742222, 26.1481982 ], [ 92.7741337, 26.1483355 ], [ 92.7739996, 26.148569 ], [ 92.773852, 26.1488531 ], [ 92.7737045, 26.1491661 ], [ 92.7734953, 26.1495778 ], [ 92.7733424, 26.1498716 ], [ 92.7731949, 26.1501123 ], [ 92.7730239, 26.1503542 ], [ 92.7728409, 26.1505722 ], [ 92.7728247, 26.150588 ], [ 92.7726772, 26.1507311 ], [ 92.7724627, 26.150943 ], [ 92.7722508, 26.1511115 ], [ 92.7720711, 26.1512439 ], [ 92.7718431, 26.1513932 ], [ 92.7715024, 26.1515955 ], [ 92.7710035, 26.1518892 ], [ 92.7706736, 26.1520986 ], [ 92.7702445, 26.1524092 ], [ 92.7697456, 26.1527776 ], [ 92.7690187, 26.1533193 ], [ 92.7685171, 26.1536925 ], [ 92.7680182, 26.1540512 ], [ 92.767573, 26.1543738 ], [ 92.7672753, 26.1545857 ], [ 92.7670392, 26.1547687 ], [ 92.7667697, 26.1549565 ] ] } },
{ "type": "Feature", "properties": { "asset_name": "OSM Way 1313324048", "asset_type": "road", "osm_id": 1313324048 }, "geometry": { "type": "LineString", "coordinates": [ [ 92.7666999, 26.155196 ], [ 92.7668501, 26.1550708 ] ] } },
{ "type": "Feature", "properties": { "asset_name": "OSM Way 1313324049", "asset_type": "road", "osm_id": 1313324049 }, "geometry": { "type": "LineString", "coordinates": [ [ 92.7668501, 26.1550708 ], [ 92.7674443, 26.1546098 ], [ 92.7686244, 26.1537406 ], [ 92.7692574, 26.1532808 ], [ 92.7698731, 26.1528231 ], [ 92.7707085, 26.1522022 ], [ 92.7710813, 26.1519686 ], [ 92.7718458, 26.1515232 ], [ 92.7720898, 26.1513836 ], [ 92.7723259, 26.1512078 ], [ 92.772527, 26.1510465 ], [ 92.7727818, 26.1507985 ], [ 92.7730045, 26.1505746 ], [ 92.7732141, 26.1503267 ], [ 92.7734095, 26.150016 ], [ 92.7735999, 26.1496573 ], [ 92.7738467, 26.1491637 ], [ 92.7740747, 26.148699 ], [ 92.7742115, 26.148451 ], [ 92.7743965, 26.148191 ], [ 92.7745575, 26.1479791 ], [ 92.7748176, 26.1477143 ], [ 92.7753702, 26.1472087 ], [ 92.7759764, 26.1466934 ] ] } },
{ "type": "Feature", "properties": { "asset_name": "OSM Way 1313324065", "asset_type": "road", "osm_id": 1313324065 }, "geometry": { "type": "LineString", "coordinates": [ [ 92.8758761, 26.1139396 ], [ 92.8760134, 26.1140095 ] ] } },
{ "type": "Feature", "properties": { "asset_name": "OSM Way 1313324066", "asset_type": "road", "osm_id": 1313324066 }, "geometry": { "type": "LineString", "coordinates": [ [ 92.8781537, 26.0920546 ], [ 92.8782418, 26.0921342 ] ] } },
{ "type": "Feature", "properties": { "asset_name": "OSM Way 1313324067", "asset_type": "road", "osm_id": 1313324067 }, "geometry": { "type": "LineString", "coordinates": [ [ 92.8804536, 26.0898522 ], [ 92.8802352, 26.0900749 ] ] } },
{ "type": "Feature", "properties": { "asset_name": "OSM Way 1313324068", "asset_type": "road", "osm_id": 1313324068 }, "geometry": { "type": "LineString", "coordinates": [ [ 92.8803312, 26.090157 ], [ 92.8805503, 26.0899498 ] ] } },
{ "type": "Feature", "properties": { "asset_name": "OSM Way 1313324069", "asset_type": "road", "osm_id": 1313324069 }, "geometry": { "type": "LineString", "coordinates": [ [ 92.8805503, 26.0899498 ], [ 92.8819833, 26.0883961 ], [ 92.884032, 26.0863971 ] ] } },
{ "type": "Feature", "properties": { "asset_name": "OSM Way 1313324070", "asset_type": "road", "osm_id": 1313324070 }, "geometry": { "type": "LineString", "coordinates": [ [ 92.8839326, 26.0863327 ], [ 92.8835195, 26.0867403 ], [ 92.8820579, 26.0881663 ], [ 92.8804536, 26.0898522 ] ] } },
{ "type": "Feature", "properties": { "asset_name": "OSM Way 1313324071", "asset_type": "road", "osm_id": 1313324071 }, "geometry": { "type": "LineString", "coordinates": [ [ 92.8848794, 26.0853764 ], [ 92.8849737, 26.085427 ] ] } },
{ "type": "Feature", "properties": { "asset_name": "OSM Way 1313324072", "asset_type": "road", "osm_id": 1313324072 }, "geometry": { "type": "LineString", "coordinates": [ [ 92.8841042, 26.0861641 ], [ 92.8839326, 26.0863327 ] ] } },
{ "type": "Feature", "properties": { "asset_name": "OSM Way 1313324073", "asset_type": "road", "osm_id": 1313324073 }, "geometry": { "type": "LineString", "coordinates": [ [ 92.8878717, 26.08141 ], [ 92.8861673, 26.0836073 ], [ 92.8853273, 26.0847356 ], [ 92.8848794, 26.0853764 ], [ 92.8846323, 26.0856384 ], [ 92.8841042, 26.0861641 ] ] } },
{ "type": "Feature", "properties": { "asset_name": "OSM Way 1313324074", "asset_type": "road", "osm_id": 1313324074 }, "geometry": { "type": "LineString", "coordinates": [ [ 92.884032, 26.0863971 ], [ 92.8842395, 26.0862034 ] ] } },
{ "type": "Feature", "properties": { "asset_name": "OSM Way 1313324075", "asset_type": "road", "osm_id": 1313324075 }, "geometry": { "type": "LineString", "coordinates": [ [ 92.8842395, 26.0862034 ], [ 92.8848445, 26.0855932 ], [ 92.8849737, 26.085427 ], [ 92.8854539, 26.0848092 ], [ 92.8867338, 26.0829949 ], [ 92.8879835, 26.0814604 ] ] } },
{ "type": "Feature", "properties": { "asset_name": "OSM Way 1314689548", "asset_type": "road", "osm_id": 1314689548 }, "geometry": { "type": "LineString", "coordinates": [ [ 92.9075806, 26.0494201 ], [ 92.9075145, 26.0495417 ] ] } },
{ "type": "Feature", "properties": { "asset_name": "OSM Way 1314689549", "asset_type": "road", "osm_id": 1314689549 }, "geometry": { "type": "LineString", "coordinates": [ [ 92.9076454, 26.0496029 ], [ 92.9077278, 26.0494579 ] ] } },
{ "type": "Feature", "properties": { "asset_name": "OSM Way 1314689550", "asset_type": "road", "osm_id": 1314689550 }, "geometry": { "type": "LineString", "coordinates": [ [ 92.9018363, 26.0604454 ], [ 92.9026527, 26.0588839 ], [ 92.9036944, 26.0569572 ], [ 92.9045575, 26.0553482 ], [ 92.905614, 26.0535282 ], [ 92.906843, 26.0510138 ], [ 92.9076454, 26.0496029 ] ] } },
{ "type": "Feature", "properties": { "asset_name": "OSM Way 1314689551", "asset_type": "road", "osm_id": 1314689551 }, "geometry": { "type": "LineString", "coordinates": [ [ 92.9075145, 26.0495417 ], [ 92.906752, 26.050944 ], [ 92.905481, 26.0535105 ], [ 92.9043946, 26.0553584 ], [ 92.9035868, 26.0569033 ], [ 92.9025392, 26.058836 ], [ 92.9017157, 26.0603725 ] ] } },
{ "type": "Feature", "properties": { "asset_name": "OSM Way 1314693790", "asset_type": "road", "osm_id": 1314693790 }, "geometry": { "type": "LineString", "coordinates": [ [ 92.8849223, 26.0439759 ], [ 92.8849587, 26.0440444 ] ] } },
{ "type": "Feature", "properties": { "asset_name": "OSM Way 1314693791", "asset_type": "road", "osm_id": 1314693791 }, "geometry": { "type": "LineString", "coordinates": [ [ 92.8725117, 26.0211807 ], [ 92.8729999, 26.0218049 ], [ 92.875489, 26.0255794 ], [ 92.8775195, 26.0286665 ], [ 92.8775645, 26.028735 ], [ 92.88343, 26.0392447 ], [ 92.8836322, 26.0397025 ], [ 92.8837341, 26.0401797 ], [ 92.8837738, 26.0404065 ], [ 92.8838853, 26.0410424 ], [ 92.8840014, 26.0416467 ], [ 92.8842583, 26.0427217 ], [ 92.8849223, 26.0439759 ] ] } },
{ "type": "Feature", "properties": { "asset_name": "OSM Way 1315724525", "asset_type": "road", "osm_id": 1315724525 }, "geometry": { "type": "LineString", "coordinates": [ [ 92.8879835, 26.0814604 ], [ 92.8880485, 26.0813806 ] ] } },
{ "type": "Feature", "properties": { "asset_name": "OSM Way 1315724526", "asset_type": "road", "osm_id": 1315724526 }, "geometry": { "type": "LineString", "coordinates": [ [ 92.8879377, 26.0813247 ], [ 92.8878717, 26.08141 ] ] } },
{ "type": "Feature", "properties": { "asset_name": "OSM Way 1315724527", "asset_type": "road", "osm_id": 1315724527 }, "geometry": { "type": "LineString", "coordinates": [ [ 92.8943235, 26.0733235 ], [ 92.893339, 26.0745774 ], [ 92.8913245, 26.0770798 ], [ 92.888717, 26.0803202 ], [ 92.8879377, 26.0813247 ] ] } },
{ "type": "Feature", "properties": { "asset_name": "OSM Way 1315724528", "asset_type": "road", "osm_id": 1315724528 }, "geometry": { "type": "LineString", "coordinates": [ [ 92.8880485, 26.0813806 ], [ 92.8893707, 26.0797085 ], [ 92.8909528, 26.0777036 ], [ 92.8921915, 26.076132 ], [ 92.8934734, 26.0746128 ], [ 92.8944361, 26.073403 ] ] } },
{ "type": "Feature", "properties": { "asset_name": "OSM Way 1354911223", "asset_type": "road", "osm_id": 1354911223 }, "geometry": { "type": "LineString", "coordinates": [ [ 92.8937942, 26.1361719 ], [ 92.8938717, 26.1362433 ], [ 92.8943241, 26.1366601 ], [ 92.8948778, 26.1370355 ], [ 92.8952749, 26.1372681 ], [ 92.8958738, 26.1375628 ], [ 92.8968793, 26.1379635 ], [ 92.8988273, 26.1386035 ], [ 92.899749, 26.13895 ], [ 92.9011612, 26.139431 ], [ 92.9022691, 26.1401321 ], [ 92.9029366, 26.1404908 ], [ 92.9041593, 26.1412989 ], [ 92.9055878, 26.1421072 ], [ 92.9076693, 26.1436105 ], [ 92.9104048, 26.1463236 ], [ 92.9117591, 26.147755 ], [ 92.9130801, 26.1486174 ], [ 92.9154419, 26.1496175 ], [ 92.9180549, 26.1509993 ], [ 92.9197031, 26.1514232 ], [ 92.9204978, 26.1517044 ], [ 92.9217646, 26.1523036 ], [ 92.9227272, 26.1528049 ], [ 92.9232358, 26.1534611 ], [ 92.9234174, 26.1538524 ], [ 92.9234901, 26.1541825 ], [ 92.9234765, 26.1545982 ], [ 92.9233766, 26.1551403 ], [ 92.9237217, 26.1559962 ], [ 92.9240445, 26.1566618 ], [ 92.9243399, 26.1569125 ], [ 92.9245582, 26.1578779 ], [ 92.9247477, 26.1585235 ], [ 92.9249628, 26.1592613 ], [ 92.9254926, 26.1600365 ], [ 92.9257847, 26.1603794 ], [ 92.9262246, 26.1607685 ], [ 92.9265457, 26.1609183 ], [ 92.926992, 26.1610855 ], [ 92.9275571, 26.1614399 ], [ 92.927997, 26.1618434 ], [ 92.9285107, 26.1626734 ], [ 92.9288606, 26.1632209 ], [ 92.9292331, 26.1636474 ], [ 92.9305527, 26.164633 ], [ 92.9309541, 26.1649615 ], [ 92.9313715, 26.1652554 ], [ 92.9319044, 26.1656185 ], [ 92.9325241, 26.1658318 ], [ 92.9330988, 26.1659989 ], [ 92.9337859, 26.1663245 ], [ 92.9345148, 26.1666963 ], [ 92.9356321, 26.167117 ], [ 92.93656, 26.1675723 ], [ 92.9369465, 26.1678351 ], [ 92.9378315, 26.1684368 ], [ 92.9385635, 26.1690938 ], [ 92.9394337, 26.1699064 ], [ 92.9403038, 26.1707536 ], [ 92.941084, 26.1713761 ], [ 92.9416041, 26.1716296 ], [ 92.9420376, 26.1717478 ], [ 92.9427134, 26.1719041 ], [ 92.943171, 26.17201 ], [ 92.943948, 26.1722636 ], [ 92.9450974, 26.1726785 ], [ 92.9459853, 26.1729883 ], [ 92.9461794, 26.173056 ], [ 92.9465393, 26.1732948 ], [ 92.9468698, 26.1735142 ], [ 92.9471744, 26.1741807 ], [ 92.9475938, 26.1750875 ], [ 92.9478816, 26.1758701 ], [ 92.9483565, 26.1769782 ], [ 92.9487206, 26.1779843 ], [ 92.9494099, 26.1797963 ], [ 92.9497827, 26.1809099 ], [ 92.9504569, 26.1828073 ], [ 92.9507742, 26.1835671 ], [ 92.9509081, 26.1838876 ], [ 92.9511882, 26.1846785 ], [ 92.9517024, 26.185945 ], [ 92.95233, 26.1877061 ], [ 92.9525179, 26.1880863 ], [ 92.9527134, 26.1883948 ], [ 92.9528936, 26.1886034 ], [ 92.9531685, 26.1889009 ], [ 92.9534729, 26.1892429 ], [ 92.9535963, 26.1893661 ] ] } },
{ "type": "Feature", "properties": { "asset_name": "OSM Way 1357801195", "asset_type": "road", "osm_id": 1357801195 }, "geometry": { "type": "LineString", "coordinates": [ [ 92.7573007, 26.0070415 ], [ 92.7585761, 26.0059648 ] ] } },
{ "type": "Feature", "properties": { "asset_name": "OSM Way 1357801196", "asset_type": "road", "osm_id": 1357801196 }, "geometry": { "type": "LineString", "coordinates": [ [ 92.7557933, 26.0038884 ], [ 92.7558727, 26.004155 ], [ 92.7561087, 26.0053796 ], [ 92.7573007, 26.0070415 ] ] } },
{ "type": "Feature", "properties": { "asset_name": "OSM Way 1365630638", "asset_type": "road", "osm_id": 1365630638 }, "geometry": { "type": "LineString", "coordinates": [ [ 92.939381, 25.8038077 ], [ 92.9392304, 25.8034739 ], [ 92.9390139, 25.8031449 ], [ 92.9386248, 25.8027247 ], [ 92.9383178, 25.8024847 ], [ 92.9374371, 25.8017649 ], [ 92.9369157, 25.8012902 ], [ 92.9365738, 25.8008677 ], [ 92.936371, 25.8006173 ], [ 92.9362668, 25.800466 ], [ 92.936232, 25.8003513 ], [ 92.936232, 25.8002313 ], [ 92.936232, 25.8001218 ], [ 92.9362378, 25.7999288 ], [ 92.9363363, 25.7996366 ], [ 92.9364348, 25.7992298 ], [ 92.9366607, 25.7985308 ], [ 92.9366434, 25.79827 ], [ 92.9366607, 25.7981343 ], [ 92.9366897, 25.7979465 ], [ 92.9367129, 25.7977066 ], [ 92.9367882, 25.7973884 ], [ 92.9367766, 25.7969554 ], [ 92.9367187, 25.7967207 ], [ 92.9364927, 25.7962773 ], [ 92.9361277, 25.795813 ], [ 92.9357048, 25.7952392 ], [ 92.935473, 25.7949314 ], [ 92.9353919, 25.7947906 ], [ 92.9353513, 25.7946498 ], [ 92.9353397, 25.7944828 ], [ 92.9352853, 25.7939036 ], [ 92.9351138, 25.7929805 ], [ 92.9349052, 25.7921301 ], [ 92.9347546, 25.7913372 ], [ 92.9344939, 25.7904399 ], [ 92.93432, 25.7900122 ], [ 92.9340709, 25.7896418 ], [ 92.9338971, 25.789407 ], [ 92.933619, 25.7890836 ], [ 92.9332018, 25.7884732 ], [ 92.9327383, 25.7875081 ], [ 92.9326282, 25.7872264 ], [ 92.9325877, 25.7870021 ], [ 92.9325935, 25.7868351 ], [ 92.9326978, 25.7865221 ], [ 92.9327847, 25.7862926 ], [ 92.9331207, 25.785557 ], [ 92.9334104, 25.7847223 ], [ 92.9335089, 25.784138 ], [ 92.9335495, 25.7825833 ], [ 92.9335726, 25.7817173 ], [ 92.9335842, 25.7811591 ], [ 92.9334915, 25.7805956 ], [ 92.9333467, 25.7802148 ], [ 92.9329411, 25.7793852 ], [ 92.932711, 25.7787982 ], [ 92.932478, 25.7784747 ], [ 92.9322343, 25.7782061 ], [ 92.9318783, 25.7777132 ], [ 92.9317128, 25.7773766 ], [ 92.9316607, 25.7771157 ], [ 92.9316375, 25.7767662 ], [ 92.9315969, 25.7765418 ], [ 92.9315969, 25.7764062 ], [ 92.931568, 25.7762027 ], [ 92.9315796, 25.7760462 ], [ 92.9316631, 25.7757816 ], [ 92.9317471, 25.7756642 ], [ 92.9318948, 25.7755651 ], [ 92.9320281, 25.7755103 ], [ 92.9321642, 25.7754581 ], [ 92.9323062, 25.7754034 ], [ 92.9324945, 25.7753147 ], [ 92.9327031, 25.775226 ], [ 92.9334157, 25.7748373 ], [ 92.9343253, 25.7743964 ], [ 92.9348989, 25.7741042 ], [ 92.9350988, 25.7739138 ], [ 92.9352697, 25.7737051 ], [ 92.9353364, 25.7735538 ], [ 92.9355304, 25.7731729 ], [ 92.9355884, 25.7730268 ], [ 92.9356231, 25.7729016 ], [ 92.9356318, 25.7726851 ], [ 92.9356145, 25.7725625 ], [ 92.9356, 25.772372 ], [ 92.9355333, 25.7716833 ], [ 92.9355333, 25.7712007 ], [ 92.9354986, 25.7707311 ], [ 92.9354986, 25.7705563 ], [ 92.9355073, 25.7704024 ], [ 92.9355102, 25.7702328 ], [ 92.9355073, 25.770105 ], [ 92.9355029, 25.7698356 ], [ 92.9355768, 25.7690797 ], [ 92.9355594, 25.7686858 ], [ 92.9355102, 25.7685423 ], [ 92.9354638, 25.7684145 ], [ 92.9353943, 25.7683101 ], [ 92.9352377, 25.7680911 ], [ 92.935122, 25.7679293 ], [ 92.9349569, 25.7677388 ], [ 92.9348613, 25.7676475 ], [ 92.9345716, 25.7674884 ], [ 92.9344876, 25.7674597 ], [ 92.933575, 25.7669901 ], [ 92.9333317, 25.7668101 ], [ 92.9328711, 25.7664083 ], [ 92.9324684, 25.7659648 ], [ 92.931834, 25.7653152 ], [ 92.9314197, 25.7649473 ], [ 92.9311576, 25.7644653 ], [ 92.9310721, 25.7643081 ], [ 92.9309041, 25.7639794 ], [ 92.9307361, 25.7634785 ], [ 92.930542, 25.7629436 ], [ 92.9303508, 25.7622314 ], [ 92.9302697, 25.7618714 ], [ 92.9301132, 25.7616 ], [ 92.9297975, 25.7612895 ], [ 92.9292963, 25.7608565 ], [ 92.928798, 25.7602929 ], [ 92.928404, 25.7599746 ], [ 92.9278247, 25.759638 ], [ 92.9275138, 25.7594867 ], [ 92.9272743, 25.7594658 ], [ 92.9266109, 25.7594972 ], [ 92.9261358, 25.7595598 ], [ 92.9258026, 25.759578 ], [ 92.9255042, 25.7595598 ], [ 92.9249741, 25.7595285 ], [ 92.9244266, 25.7594528 ], [ 92.924079, 25.7594371 ], [ 92.9237922, 25.7594111 ], [ 92.9235633, 25.7594267 ], [ 92.9228159, 25.7594554 ], [ 92.9219903, 25.7594789 ], [ 92.9214775, 25.7595128 ], [ 92.9209387, 25.7595598 ], [ 92.9206722, 25.7595598 ], [ 92.9206049, 25.759556 ], [ 92.9203912, 25.7595441 ], [ 92.9202435, 25.7595102 ], [ 92.919919, 25.759445 ], [ 92.9193889, 25.7593771 ], [ 92.918992, 25.7593432 ], [ 92.9187052, 25.7593276 ], [ 92.9184213, 25.7593302 ], [ 92.9182967, 25.7593093 ], [ 92.9180389, 25.7592545 ], [ 92.9179085, 25.7591971 ], [ 92.9175667, 25.7590145 ], [ 92.917277, 25.7588266 ], [ 92.9168193, 25.7585553 ], [ 92.9163268, 25.7581796 ], [ 92.9160024, 25.758023 ], [ 92.9157016, 25.7578965 ], [ 92.9150739, 25.7576148 ], [ 92.9149467, 25.7575432 ], [ 92.9148191, 25.7574798 ], [ 92.9145916, 25.7573708 ], [ 92.9140122, 25.7571829 ], [ 92.9133256, 25.7569846 ], [ 92.9128969, 25.7568594 ], [ 92.9126217, 25.7567629 ], [ 92.9120249, 25.7565385 ], [ 92.9114687, 25.7563793 ], [ 92.9108806, 25.7562593 ], [ 92.9102404, 25.7561341 ], [ 92.9093366, 25.7559645 ], [ 92.9091102, 25.7559455 ], [ 92.9089223, 25.7559488 ], [ 92.908734, 25.7559619 ], [ 92.9084849, 25.7560167 ], [ 92.9079403, 25.7561106 ], [ 92.9072595, 25.7562123 ], [ 92.9069466, 25.7562645 ], [ 92.9067554, 25.7562932 ], [ 92.9064657, 25.7563767 ], [ 92.9062137, 25.7564237 ], [ 92.9060862, 25.7564341 ], [ 92.9058661, 25.7564576 ], [ 92.9056112, 25.7564732 ], [ 92.9054142, 25.7564811 ], [ 92.9052867, 25.7564941 ], [ 92.9051505, 25.7565254 ], [ 92.9049101, 25.7566089 ], [ 92.9047276, 25.7567107 ], [ 92.9043394, 25.7568803 ], [ 92.9039773, 25.7570264 ], [ 92.9037571, 25.7570681 ], [ 92.9035341, 25.7571151 ], [ 92.9032965, 25.7571307 ], [ 92.9030908, 25.7571151 ], [ 92.9028852, 25.757102 ], [ 92.9025924, 25.7570383 ], [ 92.9023344, 25.7569536 ], [ 92.9021175, 25.7568437 ], [ 92.9018075, 25.7566428 ], [ 92.9015178, 25.7563767 ], [ 92.9009095, 25.7558158 ], [ 92.9002171, 25.75508 ], [ 92.8997391, 25.7546912 ], [ 92.8992669, 25.7543703 ], [ 92.8987831, 25.7541303 ], [ 92.8983631, 25.7538798 ], [ 92.8976649, 25.7534206 ], [ 92.8970218, 25.7530344 ], [ 92.8963555, 25.7527526 ], [ 92.8957662, 25.7524814 ], [ 92.8952228, 25.7521786 ], [ 92.8946058, 25.7517846 ], [ 92.8940525, 25.7514141 ], [ 92.8936788, 25.7512132 ], [ 92.8934239, 25.751101 ], [ 92.8932558, 25.7510201 ], [ 92.8930998, 25.7509235 ], [ 92.8930038, 25.7508452 ], [ 92.8927257, 25.7505583 ], [ 92.8922303, 25.7500025 ], [ 92.8915756, 25.7494493 ], [ 92.8910711, 25.749135 ], [ 92.8904973, 25.7488543 ], [ 92.8901034, 25.7487082 ], [ 92.8894834, 25.7486038 ], [ 92.8890952, 25.7485882 ], [ 92.8888345, 25.7485882 ], [ 92.888539, 25.7486038 ], [ 92.8884174, 25.7485986 ], [ 92.8882439, 25.7485626 ], [ 92.8880705, 25.7484733 ], [ 92.8878901, 25.7483272 ], [ 92.8876815, 25.7479985 ], [ 92.8873976, 25.7475184 ], [ 92.8871659, 25.7472365 ], [ 92.8868125, 25.7469339 ], [ 92.8863837, 25.7465633 ], [ 92.8860245, 25.7463442 ], [ 92.8858565, 25.7461928 ], [ 92.8857058, 25.7460467 ], [ 92.8854219, 25.745577 ], [ 92.884928, 25.7447739 ], [ 92.8839387, 25.7435365 ], [ 92.8831913, 25.7427589 ], [ 92.8829364, 25.7426023 ], [ 92.8827742, 25.7425397 ], [ 92.8826062, 25.7424823 ], [ 92.8822875, 25.7423675 ], [ 92.8818298, 25.7421483 ], [ 92.8815922, 25.7420335 ], [ 92.8814358, 25.7419709 ], [ 92.8813362, 25.7418652 ], [ 92.8812868, 25.7417027 ], [ 92.881262, 25.7413863 ], [ 92.8813025, 25.7409271 ], [ 92.8814068, 25.7406661 ], [ 92.8815343, 25.7404469 ], [ 92.8816502, 25.740306 ], [ 92.8817197, 25.7402069 ], [ 92.8817718, 25.7400607 ], [ 92.8817892, 25.739899 ], [ 92.8817603, 25.7398259 ], [ 92.8817023, 25.7397059 ], [ 92.881598, 25.7395075 ], [ 92.881356, 25.7392044 ], [ 92.8811012, 25.7389852 ], [ 92.8808043, 25.7387717 ], [ 92.8806305, 25.7386621 ], [ 92.8791009, 25.7377748 ], [ 92.878345, 25.7372 ], [ 92.8779059, 25.7369976 ], [ 92.8776198, 25.7369305 ], [ 92.8773904, 25.7369269 ], [ 92.8769671, 25.7369482 ], [ 92.8767608, 25.7369679 ], [ 92.8765738, 25.7369778 ], [ 92.8764235, 25.7369998 ], [ 92.8762694, 25.7370341 ], [ 92.8760423, 25.7370771 ] ] } },
{ "type": "Feature", "properties": { "asset_name": "OSM Way 1450640954", "asset_type": "road", "osm_id": 1450640954 }, "geometry": { "type": "LineString", "coordinates": [ [ 92.8739579, 26.115155 ], [ 92.8740508, 26.1151709 ], [ 92.8741876, 26.1153012 ], [ 92.8743026, 26.1153968 ], [ 92.8744125, 26.1154716 ], [ 92.8745608, 26.1155361 ], [ 92.8746174, 26.1155573 ] ] } },
{ "type": "Feature", "properties": { "asset_name": "OSM Way 1450640955", "asset_type": "road", "osm_id": 1450640955 }, "geometry": { "type": "LineString", "coordinates": [ [ 92.8745336, 26.1157078 ], [ 92.8744013, 26.1155919 ], [ 92.8742355, 26.115463 ], [ 92.8739787, 26.1152411 ], [ 92.8739579, 26.115155 ] ] } },
{ "type": "Feature", "properties": { "asset_name": "OSM Way 1450640956", "asset_type": "road", "osm_id": 1450640956 }, "geometry": { "type": "LineString", "coordinates": [ [ 92.8755672, 26.1159674 ], [ 92.8754954, 26.1159241 ], [ 92.8752594, 26.1158783 ], [ 92.875111, 26.1158153 ], [ 92.8750153, 26.1157294 ], [ 92.8749607, 26.1156704 ] ] } },
{ "type": "Feature", "properties": { "asset_name": "OSM Way 1450640957", "asset_type": "road", "osm_id": 1450640957 }, "geometry": { "type": "LineString", "coordinates": [ [ 92.8748402, 26.1158866 ], [ 92.8750648, 26.1159284 ], [ 92.8753949, 26.1159872 ], [ 92.875481, 26.116 ], [ 92.8755672, 26.1159674 ] ] } },
{ "type": "Feature", "properties": { "asset_name": "OSM Way 1450640958", "asset_type": "road", "osm_id": 1450640958 }, "geometry": { "type": "LineString", "coordinates": [ [ 92.8748866, 26.115561 ], [ 92.8748461, 26.1155373 ], [ 92.8748007, 26.1155224 ], [ 92.8747527, 26.1155169 ], [ 92.8747046, 26.1155211 ], [ 92.8746587, 26.1155348 ], [ 92.8746174, 26.1155573 ], [ 92.8745827, 26.1155876 ], [ 92.8745564, 26.115624 ], [ 92.8745398, 26.1156647 ], [ 92.8745336, 26.1157078 ], [ 92.8745383, 26.115751 ], [ 92.8745536, 26.1157921 ], [ 92.8745787, 26.1158292 ], [ 92.8746124, 26.1158604 ], [ 92.8746529, 26.115884 ], [ 92.8746983, 26.115899 ], [ 92.8747462, 26.1159045 ], [ 92.8747944, 26.1159003 ], [ 92.8748402, 26.1158866 ], [ 92.8748815, 26.115864 ], [ 92.8749162, 26.1158338 ], [ 92.8749426, 26.1157974 ], [ 92.8749592, 26.1157566 ], [ 92.8749653, 26.1157136 ], [ 92.8749607, 26.1156704 ], [ 92.8749454, 26.1156292 ], [ 92.8749203, 26.1155921 ], [ 92.8748866, 26.115561 ] ] } },
{ "type": "Feature", "properties": { "asset_name": "OSM Way 1453527657", "asset_type": "road", "osm_id": 1453527657 }, "geometry": { "type": "LineString", "coordinates": [ [ 92.7371407, 26.1798204 ], [ 92.7381821, 26.1780657 ], [ 92.7388885, 26.1769086 ] ] } },
{ "type": "Feature", "properties": { "asset_name": "OSM Way 1453527658", "asset_type": "road", "osm_id": 1453527658 }, "geometry": { "type": "LineString", "coordinates": [ [ 92.7387691, 26.176852 ], [ 92.7374116, 26.1791115 ], [ 92.7370508, 26.1797807 ] ] } },
{ "type": "Feature", "properties": { "asset_name": "OSM Way 1453527659", "asset_type": "road", "osm_id": 1453527659 }, "geometry": { "type": "LineString", "coordinates": [ [ 92.73691, 26.1909608 ], [ 92.7368349, 26.1905589 ], [ 92.7367061, 26.1898922 ], [ 92.7365586, 26.189187 ], [ 92.7364813, 26.1886647 ], [ 92.7364659, 26.1885754 ], [ 92.7363079, 26.1876624 ], [ 92.7361362, 26.1862313 ], [ 92.7360812, 26.1856248 ], [ 92.7360436, 26.1851506 ], [ 92.7360302, 26.1847968 ], [ 92.7360154, 26.1844129 ], [ 92.7360396, 26.1839856 ], [ 92.7360919, 26.1836246 ], [ 92.736163, 26.1831312 ], [ 92.7362166, 26.1827665 ], [ 92.736285, 26.1824078 ], [ 92.7363668, 26.1820096 ], [ 92.7364165, 26.1817676 ], [ 92.7364795, 26.1815437 ], [ 92.7365935, 26.1811563 ], [ 92.7366753, 26.1809083 ], [ 92.7367611, 26.1806857 ], [ 92.7368496, 26.1804727 ], [ 92.73702, 26.1801152 ], [ 92.7371407, 26.1798204 ] ] } },
{ "type": "Feature", "properties": { "asset_name": "OSM Way 1453527660", "asset_type": "road", "osm_id": 1453527660 }, "geometry": { "type": "LineString", "coordinates": [ [ 92.7370508, 26.1797807 ], [ 92.7367437, 26.1804137 ], [ 92.7366069, 26.1807747 ], [ 92.7364943, 26.1811141 ], [ 92.7363628, 26.181545 ], [ 92.7362716, 26.1819133 ], [ 92.7362019, 26.1822671 ], [ 92.7361187, 26.1826931 ], [ 92.7360168, 26.1833406 ], [ 92.7359471, 26.1837883 ], [ 92.7358934, 26.1841879 ], [ 92.7358827, 26.1845272 ], [ 92.73588, 26.1848365 ], [ 92.7358934, 26.1850532 ], [ 92.7360086, 26.1862386 ], [ 92.7361779, 26.187711 ], [ 92.7362502, 26.1881304 ], [ 92.7363201, 26.1885556 ], [ 92.7363398, 26.1886756 ], [ 92.7363709, 26.1888645 ], [ 92.7366391, 26.1902244 ], [ 92.7367383, 26.1907442 ], [ 92.7367893, 26.1909969 ] ] } }
]
}
