{
"type": "FeatureCollection",
"name": "sikkim_osm",
"crs": { "type": "name", "properties": { "name": "urn:ogc:def:crs:OGC:1.3:CRS84" } },
"features": [
{ "type": "Feature", "properties": { "asset_name": "Lachen Hospital", "asset_type": "hospital", "osm_id": 7615097189 }, "geometry": { "type": "Point", "coordinates": [ 88.5508921, 27.7296019 ] } },
{ "type": "Feature", "properties": { "asset_name": "Mangan District Hospital", "asset_type": "hospital", "osm_id": 7615097197 }, "geometry": { "type": "Point", "coordinates": [ 88.531877, 27.490878 ] } },
{ "type": "Feature", "properties": { "asset_name": "Gnon-Primary School", "asset_type": "school", "osm_id": 9546643227 }, "geometry": { "type": "Point", "coordinates": [ 88.5054575, 27.4455809 ] } },
{ "type": "Feature", "properties": { "asset_name": "Gor Secondary School Lower Dzongu", "asset_type": "school", "osm_id": 9546650464 }, "geometry": { "type": "Point", "coordinates": [ 88.4998463, 27.4181418 ] } },
{ "type": "Feature", "properties": { "asset_name": "Tumlong school", "asset_type": "school", "osm_id": 10917206405 }, "geometry": { "type": "Point", "coordinates": [ 88.5854504, 27.4191567 ] } },
{ "type": "Feature", "properties": { "asset_name": "OSM Node 10917735306", "asset_type": "school", "osm_id": 10917735306 }, "geometry": { "type": "Point", "coordinates": [ 88.5849128, 27.4196393 ] } },
{ "type": "Feature", "properties": { "asset_name": "North Sikkim Highway", "asset_type": "road", "osm_id": 47415175 }, "geometry": { "type": "LineString", "coordinates": [ [ 88.5828014, 27.5146822 ], [ 88.5827564, 27.514922 ], [ 88.5827679, 27.5151684 ], [ 88.5828263, 27.5153226 ], [ 88.5828865, 27.5154347 ], [ 88.5829856, 27.5155419 ], [ 88.5831126, 27.5156637 ], [ 88.583234, 27.5158197 ], [ 88.5834028, 27.5159714 ], [ 88.5835412, 27.5160862 ], [ 88.5836285, 27.5162256 ], [ 88.5836436, 27.5163601 ], [ 88.5836885, 27.5165294 ], [ 88.5837353, 27.5166667 ], [ 88.58385, 27.5167407 ], [ 88.5840473, 27.5167141 ], [ 88.5841937, 27.5166381 ], [ 88.5843703, 27.5165396 ], [ 88.5845449, 27.5164595 ], [ 88.5846902, 27.5163938 ], [ 88.58489, 27.5163096 ], [ 88.5850605, 27.5162948 ], [ 88.5852218, 27.5163351 ], [ 88.5853646, 27.5163634 ], [ 88.5855893, 27.5164186 ], [ 88.5857424, 27.5164086 ], [ 88.5860115, 27.5163592 ], [ 88.586178, 27.516298 ], [ 88.5863095, 27.5162568 ], [ 88.5864786, 27.5162416 ], [ 88.5866513, 27.5162391 ], [ 88.5868528, 27.5162526 ], [ 88.5870038, 27.5162645 ], [ 88.5871449, 27.5162767 ], [ 88.5872482, 27.5163025 ], [ 88.5873118, 27.5163209 ], [ 88.5873671, 27.516385 ], [ 88.5874579, 27.5164993 ], [ 88.5875263, 27.5166174 ], [ 88.5875872, 27.5168066 ], [ 88.5876381, 27.5170426 ], [ 88.5876497, 27.5172382 ], [ 88.58765, 27.5174162 ], [ 88.58768, 27.5175635 ], [ 88.5877396, 27.5177215 ], [ 88.5878586, 27.5178797 ], [ 88.5880207, 27.517957 ], [ 88.5882319, 27.5179859 ], [ 88.588435, 27.5179684 ], [ 88.5886374, 27.5179587 ], [ 88.5887762, 27.5179462 ], [ 88.5889571, 27.5179544 ], [ 88.5890956, 27.5179831 ], [ 88.5892683, 27.5180053 ], [ 88.5894666, 27.5180366 ], [ 88.5895742, 27.5180833 ], [ 88.5896748, 27.5181965 ], [ 88.5897246, 27.518269 ], [ 88.5898546, 27.5183374 ], [ 88.5899504, 27.518336 ], [ 88.5900435, 27.5183313 ], [ 88.5901442, 27.5182947 ], [ 88.5902558, 27.5182675 ], [ 88.590371, 27.5182087 ], [ 88.5904479, 27.5182179 ], [ 88.5905479, 27.5182501 ], [ 88.5905962, 27.5182829 ], [ 88.5906136, 27.5183396 ] ] } },
{ "type": "Feature", "properties": { "asset_name": "North Sikkim Highway", "asset_type": "road", "osm_id": 47415176 }, "geometry": { "type": "LineString", "coordinates": [ [ 88.5380456, 27.503039 ], [ 88.5380252, 27.5032039 ], [ 88.5380103, 27.5032953 ], [ 88.5380092, 27.5033955 ], [ 88.5380046, 27.503529 ], [ 88.5380792, 27.5036647 ], [ 88.5382033, 27.5037892 ], [ 88.538344, 27.5039193 ], [ 88.5384238, 27.5040396 ], [ 88.5385045, 27.5042425 ], [ 88.5385174, 27.5044028 ], [ 88.5385424, 27.5045048 ], [ 88.5387199, 27.5047062 ], [ 88.5387816, 27.5047861 ], [ 88.5389039, 27.5049214 ], [ 88.5389042, 27.5050292 ], [ 88.5389951, 27.5051518 ], [ 88.5390131, 27.5051838 ], [ 88.5390376, 27.5054814 ], [ 88.539034, 27.5055419 ], [ 88.539006, 27.5057832 ], [ 88.538923, 27.5059836 ], [ 88.5387448, 27.5061213 ], [ 88.5386476, 27.5061899 ], [ 88.5382859, 27.5062487 ], [ 88.5379308, 27.5063757 ], [ 88.5376624, 27.506555 ], [ 88.5375743, 27.5067047 ], [ 88.5376517, 27.5069326 ], [ 88.5376682, 27.5070661 ], [ 88.5378471, 27.5074073 ], [ 88.537872, 27.5074555 ], [ 88.5379835, 27.5076041 ], [ 88.5380329, 27.5077531 ], [ 88.5381143, 27.508023 ], [ 88.5381079, 27.5083241 ], [ 88.538171, 27.5085102 ], [ 88.5382512, 27.5088 ], [ 88.5384087, 27.509138 ], [ 88.5384409, 27.5092137 ], [ 88.5384812, 27.5092352 ], [ 88.5385991, 27.5092634 ], [ 88.5386785, 27.5092912 ], [ 88.538903, 27.509267 ], [ 88.5391036, 27.5092074 ], [ 88.5392797, 27.5092582 ], [ 88.5393956, 27.5093536 ], [ 88.5395413, 27.5095704 ], [ 88.5396429, 27.5097244 ], [ 88.5396722, 27.5098117 ], [ 88.5397362, 27.5099333 ], [ 88.5398308, 27.5100373 ], [ 88.5399591, 27.5101169 ], [ 88.5400825, 27.5101996 ], [ 88.5401934, 27.5103033 ], [ 88.5402684, 27.5104076 ], [ 88.5403385, 27.5105104 ], [ 88.540393, 27.5106438 ], [ 88.5404031, 27.5107718 ], [ 88.5404162, 27.5109397 ], [ 88.5404567, 27.5110613 ], [ 88.5405658, 27.5111132 ], [ 88.5407426, 27.5111153 ], [ 88.5408247, 27.5111246 ], [ 88.5409353, 27.5111852 ], [ 88.5410228, 27.5112431 ], [ 88.5411225, 27.5113615 ], [ 88.5412189, 27.5115094 ], [ 88.5413018, 27.5116618 ], [ 88.5413576, 27.5117927 ], [ 88.5413828, 27.5119494 ], [ 88.5413643, 27.5120842 ], [ 88.5413266, 27.5122553 ], [ 88.5412847, 27.5124097 ], [ 88.5412336, 27.5125836 ], [ 88.541192, 27.5127574 ], [ 88.5411119, 27.5129466 ], [ 88.5410128, 27.5130653 ], [ 88.5409821, 27.5131687 ], [ 88.5410323, 27.5132785 ], [ 88.5411001, 27.5134093 ], [ 88.5411489, 27.513556 ], [ 88.5411232, 27.5137531 ], [ 88.5410503, 27.5138957 ], [ 88.5409996, 27.514023 ], [ 88.54095, 27.5141384 ], [ 88.5408814, 27.5142272 ], [ 88.540816, 27.5143319 ], [ 88.5407511, 27.5144251 ], [ 88.5406712, 27.514543 ], [ 88.5405573, 27.5146699 ], [ 88.5404491, 27.5148357 ], [ 88.540394, 27.5149647 ], [ 88.5403131, 27.5150704 ], [ 88.5401852, 27.5151845 ], [ 88.5401026, 27.5152708 ], [ 88.5400044, 27.5153445 ], [ 88.5398769, 27.5153881 ], [ 88.5397229, 27.515438 ], [ 88.5395636, 27.5154874 ], [ 88.5394246, 27.5155373 ], [ 88.5392708, 27.5156014 ], [ 88.539009, 27.5156369 ], [ 88.5387072, 27.5157215 ], [ 88.5386296, 27.5158268 ] ] } },
{ "type": "Feature", "properties": { "asset_name": "North Sikkim Highway", "asset_type": "road", "osm_id": 47415177 }, "geometry": { "type": "LineString", "coordinates": [ [ 88.5386296, 27.5158268 ], [ 88.5387138, 27.5159575 ], [ 88.5388743, 27.5160933 ], [ 88.5390341, 27.5162199 ], [ 88.539171, 27.5163091 ], [ 88.5393066, 27.51639 ], [ 88.5393791, 27.5165654 ], [ 88.5393362, 27.5167725 ], [ 88.5393702, 27.5169103 ], [ 88.5395078, 27.5170046 ], [ 88.5396534, 27.5171074 ], [ 88.5397292, 27.5172386 ], [ 88.5397626, 27.5173893 ], [ 88.5397457, 27.5175474 ], [ 88.5397497, 27.5176978 ], [ 88.5398693, 27.5178402 ], [ 88.5400256, 27.5179351 ], [ 88.5401196, 27.5179379 ], [ 88.540157, 27.517892 ], [ 88.5402757, 27.5177401 ], [ 88.5403763, 27.5175286 ], [ 88.5404818, 27.5173913 ], [ 88.5406133, 27.5172921 ], [ 88.5408105, 27.5172316 ], [ 88.5410242, 27.5172437 ], [ 88.5412292, 27.5173151 ], [ 88.5414242, 27.5174012 ], [ 88.54161, 27.5174905 ], [ 88.5417234, 27.5174955 ], [ 88.54188, 27.5174406 ], [ 88.5420407, 27.5174625 ], [ 88.5421506, 27.5175425 ], [ 88.5421573, 27.5175427 ], [ 88.5423222, 27.5175363 ], [ 88.5425398, 27.5175388 ], [ 88.542613, 27.51759 ], [ 88.5427461, 27.5176488 ], [ 88.5428547, 27.5175871 ], [ 88.5429634, 27.5174622 ], [ 88.5430739, 27.5173317 ], [ 88.543251, 27.5172173 ], [ 88.5435194, 27.5170899 ], [ 88.5437044, 27.5169627 ], [ 88.5439766, 27.5168871 ], [ 88.5441431, 27.5168242 ], [ 88.5443357, 27.5167971 ], [ 88.5444921, 27.5168779 ], [ 88.544715, 27.5169991 ], [ 88.5448749, 27.5169733 ], [ 88.5450348, 27.5170021 ], [ 88.5452079, 27.517112 ], [ 88.545276, 27.5172543 ], [ 88.5454108, 27.5174289 ], [ 88.5456193, 27.5175593 ], [ 88.5457617, 27.5177056 ], [ 88.5457691, 27.5177932 ], [ 88.5457696, 27.5178916 ], [ 88.5458262, 27.5180005 ], [ 88.5460077, 27.5180793 ], [ 88.5461912, 27.5181282 ], [ 88.5464671, 27.5181795 ], [ 88.5467148, 27.5181895 ], [ 88.5469459, 27.5181552 ], [ 88.5471638, 27.5181086 ], [ 88.5473473, 27.5180981 ], [ 88.5474575, 27.5180922 ], [ 88.5475948, 27.5180189 ] ] } },
{ "type": "Feature", "properties": { "asset_name": "North Sikkim Highway", "asset_type": "road", "osm_id": 47415178 }, "geometry": { "type": "LineString", "coordinates": [ [ 88.5596102, 27.5165246 ], [ 88.5597334, 27.5164412 ], [ 88.5598141, 27.5163044 ], [ 88.5599083, 27.5161682 ], [ 88.560002, 27.5159667 ], [ 88.5600853, 27.5157757 ], [ 88.5601402, 27.5156449 ], [ 88.5602177, 27.5154682 ], [ 88.5603253, 27.515243 ], [ 88.56045, 27.5151114 ], [ 88.5605413, 27.5150386 ], [ 88.5606561, 27.5149734 ], [ 88.560793, 27.5149274 ], [ 88.5609038, 27.5149592 ], [ 88.5610788, 27.5150471 ], [ 88.561271, 27.5150993 ], [ 88.5614383, 27.5150297 ], [ 88.5616199, 27.514977 ], [ 88.5617603, 27.5150257 ], [ 88.561833, 27.5150868 ], [ 88.5619758, 27.5151355 ], [ 88.5621256, 27.5152313 ], [ 88.5622651, 27.5153311 ], [ 88.5624139, 27.515422 ], [ 88.5626274, 27.5155372 ], [ 88.5628124, 27.515626 ], [ 88.5629661, 27.5156353 ], [ 88.5631089, 27.5155332 ], [ 88.5632479, 27.5155316 ], [ 88.5633488, 27.5155149 ], [ 88.5635233, 27.5155287 ], [ 88.5636563, 27.515584 ], [ 88.5638165, 27.5155719 ], [ 88.5639298, 27.5155191 ], [ 88.5640462, 27.5154804 ], [ 88.564236, 27.5154645 ], [ 88.5643698, 27.5154742 ], [ 88.5644793, 27.5153524 ], [ 88.5645451, 27.5152159 ], [ 88.5645955, 27.5150799 ], [ 88.5646728, 27.5149866 ], [ 88.5647672, 27.5149277 ], [ 88.564882, 27.5148631 ], [ 88.5649818, 27.5148193 ], [ 88.5650289, 27.5147515 ], [ 88.5651362, 27.5148086 ], [ 88.5652766, 27.5148555 ], [ 88.5652835, 27.5148592 ], [ 88.5653137, 27.5148598 ], [ 88.5654369, 27.5149092 ], [ 88.565601, 27.5149825 ], [ 88.565738, 27.5150389 ], [ 88.5657698, 27.5150497 ], [ 88.5658324, 27.5150666 ], [ 88.5659511, 27.5150774 ], [ 88.5660416, 27.5150854 ], [ 88.5661672, 27.5150772 ], [ 88.5662267, 27.5151125 ], [ 88.5662681, 27.5151252 ], [ 88.5664034, 27.5151873 ], [ 88.5665342, 27.5152645 ], [ 88.5666636, 27.515345 ], [ 88.5667951, 27.5154491 ], [ 88.5669289, 27.5155916 ], [ 88.5670634, 27.5157691 ], [ 88.5672729, 27.5159229 ], [ 88.5674192, 27.5159756 ], [ 88.5675276, 27.51597 ], [ 88.5676404, 27.5159564 ], [ 88.5678111, 27.5159657 ], [ 88.5679657, 27.5159853 ], [ 88.5681336, 27.516025 ], [ 88.5683073, 27.5160172 ], [ 88.5683871, 27.5159564 ], [ 88.5684641, 27.5159048 ], [ 88.5686173, 27.5158585 ], [ 88.5687774, 27.5158865 ], [ 88.5689248, 27.5159296 ], [ 88.5689419, 27.5159412 ], [ 88.5690409, 27.5160236 ], [ 88.5691768, 27.5161648 ], [ 88.5693363, 27.5162967 ], [ 88.5695022, 27.5164301 ], [ 88.56967, 27.5165512 ], [ 88.5698173, 27.5165793 ], [ 88.5699506, 27.5165129 ], [ 88.5700914, 27.516421 ], [ 88.5702075, 27.5163091 ], [ 88.570377, 27.516158 ], [ 88.5704898, 27.5160331 ], [ 88.5706239, 27.5158881 ], [ 88.5708066, 27.5157718 ], [ 88.5709382, 27.5156537 ], [ 88.5711111, 27.5154769 ], [ 88.5712585, 27.5153414 ], [ 88.571336, 27.5153018 ], [ 88.5714679, 27.5152527 ], [ 88.5718024, 27.515243 ], [ 88.5720323, 27.5152474 ], [ 88.5723346, 27.5152242 ], [ 88.5726802, 27.5151607 ], [ 88.572944, 27.5151978 ], [ 88.5732487, 27.5152716 ], [ 88.5735568, 27.5152841 ], [ 88.5736489, 27.5152864 ], [ 88.5738625, 27.5152679 ], [ 88.5738959, 27.5152499 ], [ 88.5742135, 27.5150229 ], [ 88.5744603, 27.5149291 ], [ 88.5747907, 27.5148632 ], [ 88.5751055, 27.5147268 ], [ 88.5752785, 27.5146311 ], [ 88.5756301, 27.5144974 ], [ 88.5758374, 27.5144271 ], [ 88.5761273, 27.5143881 ], [ 88.5764239, 27.5143652 ], [ 88.5765583, 27.5143421 ], [ 88.5769248, 27.5143019 ], [ 88.5770671, 27.5142526 ], [ 88.5771955, 27.5142238 ], [ 88.5772958, 27.5141832 ], [ 88.5773711, 27.5141514 ], [ 88.5774833, 27.5141525 ], [ 88.5775694, 27.5141801 ], [ 88.5776188, 27.5143866 ], [ 88.5775936, 27.5146291 ], [ 88.5775149, 27.5147997 ], [ 88.5775009, 27.5150396 ], [ 88.5776447, 27.5151542 ], [ 88.5777706, 27.5151809 ] ] } },
{ "type": "Feature", "properties": { "asset_name": "North Sikkim Highway", "asset_type": "road", "osm_id": 47415179 }, "geometry": { "type": "LineString", "coordinates": [ [ 88.5475948, 27.5180189 ], [ 88.5476483, 27.5178994 ], [ 88.5476893, 27.5178446 ], [ 88.5479378, 27.5176458 ], [ 88.5481849, 27.5174655 ], [ 88.548453, 27.5173817 ], [ 88.5487251, 27.5173915 ], [ 88.548862, 27.5173807 ], [ 88.5490398, 27.5173401 ], [ 88.5491662, 27.5172837 ], [ 88.5492166, 27.5172614 ], [ 88.5492484, 27.5172491 ], [ 88.5493567, 27.5172368 ], [ 88.549448, 27.5172398 ], [ 88.5495172, 27.5172221 ], [ 88.5495946, 27.5172056 ], [ 88.5497205, 27.5171802 ], [ 88.5498091, 27.5171929 ], [ 88.549904, 27.5172097 ], [ 88.5499721, 27.5171977 ], [ 88.550022, 27.5172011 ], [ 88.5501347, 27.5172038 ], [ 88.5503142, 27.5172493 ], [ 88.5504656, 27.5172919 ], [ 88.5505753, 27.5173327 ], [ 88.5507219, 27.5173579 ], [ 88.5508597, 27.517321 ], [ 88.5510195, 27.5172604 ], [ 88.5511656, 27.51722 ], [ 88.5512494, 27.5171749 ], [ 88.5514053, 27.5171261 ], [ 88.5515756, 27.5170547 ], [ 88.5517481, 27.5170149 ], [ 88.5518814, 27.5169743 ], [ 88.5521147, 27.5169259 ], [ 88.5522967, 27.5168736 ], [ 88.5524673, 27.5168595 ], [ 88.5526308, 27.5168476 ], [ 88.5528167, 27.5168179 ], [ 88.5529941, 27.516809 ], [ 88.5532009, 27.5168367 ], [ 88.5534217, 27.5168739 ], [ 88.553655, 27.5169021 ], [ 88.553802, 27.5169528 ], [ 88.5539877, 27.5169618 ], [ 88.5541096, 27.5169558 ], [ 88.5542418, 27.5169642 ], [ 88.5543717, 27.5169651 ], [ 88.5544933, 27.516996 ], [ 88.5546027, 27.5169908 ], [ 88.5547337, 27.5169805 ], [ 88.5549615, 27.5169357 ], [ 88.555179, 27.5169035 ], [ 88.5553308, 27.516878 ], [ 88.5555285, 27.5168451 ], [ 88.5556321, 27.5168238 ], [ 88.5556348, 27.5168241 ], [ 88.5556374, 27.5168236 ], [ 88.5557324, 27.5167876 ], [ 88.5558356, 27.5167072 ], [ 88.5559798, 27.5166305 ], [ 88.5560806, 27.5165284 ], [ 88.5561612, 27.5165131 ], [ 88.5562691, 27.5164926 ], [ 88.5563215, 27.5164769 ], [ 88.5563933, 27.5164245 ], [ 88.556482, 27.5163206 ], [ 88.5565275, 27.516182 ], [ 88.5566369, 27.5160748 ], [ 88.5566868, 27.5160369 ], [ 88.5567048, 27.5159939 ], [ 88.5567419, 27.5159397 ], [ 88.5568168, 27.5158722 ], [ 88.5569097, 27.5158116 ], [ 88.5570561, 27.515766 ], [ 88.5571336, 27.515755 ], [ 88.5572088, 27.5157598 ], [ 88.5573217, 27.5157757 ], [ 88.5573336, 27.5157881 ], [ 88.5573627, 27.5157988 ], [ 88.5573852, 27.5158004 ], [ 88.557395, 27.5158107 ], [ 88.5574599, 27.5158776 ], [ 88.5575558, 27.5159506 ], [ 88.557684, 27.5160377 ], [ 88.5578206, 27.5161233 ], [ 88.5579666, 27.5162371 ], [ 88.5580779, 27.5163319 ], [ 88.5582643, 27.5163811 ], [ 88.5584113, 27.516396 ], [ 88.5585676, 27.5164242 ], [ 88.5587598, 27.5164586 ], [ 88.5588985, 27.5164483 ], [ 88.559068, 27.5163909 ], [ 88.5592195, 27.5163876 ], [ 88.5593531, 27.5164543 ], [ 88.5594707, 27.5165424 ], [ 88.5596102, 27.5165246 ] ] } },
{ "type": "Feature", "properties": { "asset_name": "North Sikkim Highway", "asset_type": "road", "osm_id": 47416074 }, "geometry": { "type": "LineString", "coordinates": [ [ 88.5865468, 27.4223328 ], [ 88.5864985, 27.4222519 ], [ 88.5864441, 27.4221709 ], [ 88.5863389, 27.4220303 ], [ 88.5862451, 27.4219085 ], [ 88.5861496, 27.4218252 ], [ 88.5860518, 27.4217113 ], [ 88.5859767, 27.4215716 ], [ 88.5859214, 27.4214933 ], [ 88.5858912, 27.4213041 ], [ 88.5858392, 27.421112 ], [ 88.5857779, 27.4209075 ], [ 88.5857154, 27.4206812 ], [ 88.5856703, 27.4205827 ], [ 88.585583, 27.4204737 ], [ 88.5855564, 27.4204591 ], [ 88.5854701, 27.4204116 ], [ 88.5853807, 27.4203433 ], [ 88.5853418, 27.4202755 ], [ 88.5853306, 27.4201547 ], [ 88.5853596, 27.4200136 ], [ 88.585389, 27.41981 ], [ 88.5854209, 27.4195977 ], [ 88.5854846, 27.4193974 ], [ 88.5855829, 27.4192529 ], [ 88.5856767, 27.4190183 ], [ 88.5857792, 27.4188829 ], [ 88.5858854, 27.4187262 ], [ 88.5859235, 27.4185547 ], [ 88.5858001, 27.4183317 ], [ 88.5857199, 27.4181139 ], [ 88.5856639, 27.4179054 ], [ 88.5855975, 27.4178178 ], [ 88.5854302, 27.4177227 ], [ 88.5853489, 27.4176404 ], [ 88.5852948, 27.4175964 ], [ 88.5852697, 27.4174866 ], [ 88.5852518, 27.4174411 ], [ 88.585238, 27.4174281 ], [ 88.585249, 27.4173981 ], [ 88.5852839, 27.4172339 ], [ 88.5852671, 27.4171731 ], [ 88.5852597, 27.417 ], [ 88.585261, 27.4169743 ], [ 88.5850789, 27.4168148 ], [ 88.5849764, 27.4167141 ], [ 88.5849242, 27.4164118 ], [ 88.5847975, 27.416183 ], [ 88.5846198, 27.4159521 ], [ 88.5846084, 27.4158231 ], [ 88.5846119, 27.4158007 ], [ 88.5847233, 27.4157028 ], [ 88.584815, 27.4155438 ], [ 88.5849401, 27.415404 ], [ 88.5850536, 27.4151809 ], [ 88.5851138, 27.4150682 ], [ 88.5851973, 27.4149296 ], [ 88.5852825, 27.4147329 ], [ 88.585358, 27.4145413 ], [ 88.5853759, 27.4145039 ], [ 88.5855062, 27.4142319 ], [ 88.5856114, 27.4140545 ], [ 88.5857055, 27.4139042 ], [ 88.5858594, 27.4137012 ], [ 88.5859617, 27.413515 ], [ 88.5860691, 27.4133543 ], [ 88.5861753, 27.4131913 ], [ 88.5862198, 27.4130288 ], [ 88.5863091, 27.4128837 ], [ 88.586354, 27.4127826 ], [ 88.586399, 27.4127068 ], [ 88.586562, 27.4124742 ], [ 88.5867275, 27.4122898 ], [ 88.586852, 27.4121324 ], [ 88.5868704, 27.4118274 ], [ 88.5867785, 27.4117153 ], [ 88.5866028, 27.4116378 ], [ 88.5863653, 27.411565 ], [ 88.5861991, 27.4115002 ], [ 88.5861169, 27.4113633 ], [ 88.5860941, 27.4113143 ], [ 88.5860962, 27.4112086 ], [ 88.5860575, 27.4110776 ], [ 88.5859515, 27.4108215 ], [ 88.5857903, 27.41075 ], [ 88.5855655, 27.4106064 ], [ 88.5854004, 27.4105094 ], [ 88.5852347, 27.4104646 ], [ 88.5850113, 27.4105133 ], [ 88.5849043, 27.410553 ], [ 88.5848465, 27.4105696 ], [ 88.584727, 27.4105741 ], [ 88.584531, 27.4105868 ], [ 88.5843526, 27.410612 ], [ 88.584244, 27.4106886 ], [ 88.5840548, 27.4108313 ], [ 88.5839214, 27.4109313 ], [ 88.5835583, 27.4112046 ], [ 88.5831478, 27.4114653 ], [ 88.5830007, 27.411535 ], [ 88.5827531, 27.4117598 ], [ 88.5823523, 27.4118328 ], [ 88.5822145, 27.4117042 ], [ 88.5821091, 27.4115866 ], [ 88.582073, 27.4115547 ], [ 88.581961, 27.4114584 ], [ 88.5818569, 27.4112477 ], [ 88.5815769, 27.4111723 ], [ 88.5813981, 27.4110961 ], [ 88.5812378, 27.4109761 ], [ 88.5811711, 27.4107517 ], [ 88.5810554, 27.4105352 ], [ 88.5809996, 27.4103229 ], [ 88.5810308, 27.4099728 ], [ 88.5810633, 27.4098228 ], [ 88.5810864, 27.4097014 ], [ 88.5810618, 27.4094992 ], [ 88.5810311, 27.409435 ], [ 88.5809717, 27.4094116 ], [ 88.5808807, 27.4093946 ], [ 88.5807021, 27.4094322 ], [ 88.5806523, 27.4094165 ], [ 88.5805825, 27.4093846 ], [ 88.5805098, 27.4092832 ], [ 88.5804775, 27.4092459 ], [ 88.5803737, 27.4091207 ], [ 88.5802404, 27.4090023 ], [ 88.5800403, 27.4087448 ], [ 88.5798006, 27.4083564 ], [ 88.5796533, 27.4081587 ], [ 88.5795793, 27.4080867 ], [ 88.5794475, 27.4080322 ], [ 88.5793033, 27.4079758 ], [ 88.5791147, 27.4078269 ], [ 88.5789533, 27.4077407 ], [ 88.5788089, 27.4077103 ], [ 88.5785768, 27.4077394 ], [ 88.5783446, 27.4078544 ], [ 88.577789, 27.408725 ], [ 88.577702, 27.408933 ], [ 88.5775015, 27.409205 ], [ 88.5772427, 27.4093899 ], [ 88.5770464, 27.4094604 ], [ 88.5768901, 27.4094733 ], [ 88.5767474, 27.40948 ], [ 88.5763297, 27.4095095 ], [ 88.5756042, 27.4098619 ], [ 88.5754366, 27.4098869 ], [ 88.5752348, 27.4098848 ], [ 88.574996, 27.409842 ], [ 88.5747839, 27.4098623 ], [ 88.5746248, 27.4098838 ], [ 88.5741572, 27.4097561 ], [ 88.5739776, 27.4097438 ], [ 88.573753, 27.409824 ], [ 88.5730549, 27.4104167 ], [ 88.572972, 27.4104846 ], [ 88.5728965, 27.4104886 ], [ 88.5728248, 27.4104721 ], [ 88.572749, 27.410421 ], [ 88.5723411, 27.4100695 ], [ 88.5721368, 27.4099557 ], [ 88.5718931, 27.4098743 ], [ 88.5717352, 27.4098078 ], [ 88.5716362, 27.4097755 ], [ 88.5713973, 27.4097819 ], [ 88.5713283, 27.4097703 ], [ 88.5711971, 27.4096824 ], [ 88.5711073, 27.4095669 ], [ 88.5710787, 27.4094491 ], [ 88.5711035, 27.409305 ], [ 88.5711239, 27.4092 ], [ 88.5711186, 27.4091019 ], [ 88.5710403, 27.4088959 ], [ 88.5710154, 27.4087869 ], [ 88.5710292, 27.4086626 ], [ 88.5711336, 27.408258 ], [ 88.5711209, 27.4080162 ], [ 88.571083, 27.407811 ], [ 88.571225, 27.407648 ], [ 88.571234, 27.407457 ], [ 88.5711952, 27.4073968 ], [ 88.5711007, 27.4073899 ], [ 88.57096, 27.407431 ], [ 88.570531, 27.40777 ], [ 88.5703952, 27.4077986 ], [ 88.5702268, 27.4077776 ], [ 88.5700983, 27.4077809 ], [ 88.569972, 27.407842 ], [ 88.5697352, 27.4079884 ], [ 88.5691688, 27.4083385 ], [ 88.56911, 27.408353 ], [ 88.5683182, 27.4084415 ], [ 88.568189, 27.408529 ], [ 88.567703, 27.408967 ], [ 88.567306, 27.409211 ], [ 88.567003, 27.409317 ], [ 88.566717, 27.40926 ], [ 88.5665039, 27.4090682 ], [ 88.5663947, 27.408984 ], [ 88.5661925, 27.4089446 ], [ 88.5659495, 27.4089654 ], [ 88.5657711, 27.4089916 ], [ 88.5655906, 27.409156 ], [ 88.565505, 27.409307 ], [ 88.56544, 27.409501 ], [ 88.5650839, 27.4098076 ], [ 88.564996, 27.409906 ], [ 88.564992, 27.410104 ], [ 88.564835, 27.410462 ], [ 88.564395, 27.411153 ], [ 88.563782, 27.411628 ], [ 88.563092, 27.411884 ], [ 88.562869, 27.412022 ], [ 88.5621268, 27.4123444 ], [ 88.561454, 27.4124 ], [ 88.561173, 27.412321 ], [ 88.5609, 27.412116 ], [ 88.56065, 27.412073 ], [ 88.560204, 27.412217 ], [ 88.5599505, 27.4122053 ], [ 88.5596942, 27.4120795 ], [ 88.5589794, 27.4120467 ], [ 88.5585375, 27.411928 ], [ 88.558228, 27.4119055 ], [ 88.557896, 27.412007 ], [ 88.557626, 27.411914 ], [ 88.5570989, 27.4107479 ], [ 88.5570457, 27.4106223 ], [ 88.5569908, 27.410149 ], [ 88.5569527, 27.4099877 ], [ 88.5569796, 27.4095993 ], [ 88.5569241, 27.4093511 ], [ 88.5568527, 27.4092576 ], [ 88.5567802, 27.4092228 ], [ 88.5567007, 27.4092282 ], [ 88.5566613, 27.4092309 ], [ 88.5563732, 27.4093611 ], [ 88.5561976, 27.4094148 ], [ 88.5560635, 27.4094176 ], [ 88.5559147, 27.4093904 ], [ 88.5557434, 27.4092616 ], [ 88.5555851, 27.4091162 ], [ 88.5552284, 27.4088083 ], [ 88.5550342, 27.4086815 ], [ 88.5549255, 27.408622 ], [ 88.5547476, 27.4085879 ], [ 88.5545128, 27.408565 ], [ 88.5542692, 27.4085818 ], [ 88.5537305, 27.4085724 ], [ 88.5536461, 27.4085688 ], [ 88.5535875, 27.4085451 ], [ 88.5535418, 27.4084953 ], [ 88.5535064, 27.4083921 ], [ 88.5534983, 27.4081314 ], [ 88.553483, 27.4079755 ], [ 88.5534586, 27.4078788 ], [ 88.5534025, 27.4077452 ], [ 88.553352, 27.4076512 ], [ 88.5533108, 27.4075041 ], [ 88.5532381, 27.4073353 ], [ 88.5531759, 27.4071772 ], [ 88.5531431, 27.4070734 ], [ 88.5531135, 27.4070337 ], [ 88.5528886, 27.4068689 ], [ 88.5528712, 27.4068188 ], [ 88.5528768, 27.4067665 ], [ 88.5529238, 27.4065982 ], [ 88.5529469, 27.4064052 ], [ 88.5530274, 27.4061439 ], [ 88.5530034, 27.4059172 ], [ 88.5530158, 27.4055663 ], [ 88.5530074, 27.4053635 ], [ 88.5530541, 27.40518 ], [ 88.5531072, 27.4050321 ], [ 88.5531867, 27.4049017 ], [ 88.553276, 27.4046679 ], [ 88.5533097, 27.4044957 ], [ 88.5532734, 27.4043841 ], [ 88.5531205, 27.404236 ], [ 88.5529243, 27.4040715 ], [ 88.5526721, 27.403957 ], [ 88.5526036, 27.4039259 ], [ 88.5523951, 27.4038224 ], [ 88.5521344, 27.4037173 ], [ 88.551893, 27.4036633 ], [ 88.5516172, 27.4037082 ], [ 88.5513575, 27.4038484 ] ] } },
{ "type": "Feature", "properties": { "asset_name": "North Sikkim Highway", "asset_type": "road", "osm_id": 47416075 }, "geometry": { "type": "LineString", "coordinates": [ [ 88.6055109, 27.4337892 ], [ 88.6054156, 27.4336911 ], [ 88.6051732, 27.4335994 ], [ 88.6049881, 27.4335605 ], [ 88.6047829, 27.4334682 ], [ 88.6045454, 27.4334025 ], [ 88.6043725, 27.433438 ], [ 88.603995, 27.433559 ], [ 88.6038161, 27.4336068 ], [ 88.6034809, 27.4336213 ], [ 88.6032525, 27.4335349 ], [ 88.6031142, 27.4335003 ], [ 88.602732, 27.4334372 ], [ 88.6024452, 27.4333909 ], [ 88.6022648, 27.4333097 ], [ 88.6020364, 27.4331715 ], [ 88.6019342, 27.4329569 ], [ 88.6018065, 27.4326613 ], [ 88.6016959, 27.4323976 ], [ 88.6016295, 27.4322771 ], [ 88.6015789, 27.4320609 ], [ 88.6014993, 27.4318655 ], [ 88.6013006, 27.4316438 ], [ 88.6011487, 27.4314879 ], [ 88.6010992, 27.4313715 ], [ 88.6009929, 27.4312615 ], [ 88.6008185, 27.4311608 ], [ 88.6007654, 27.4310777 ], [ 88.6007982, 27.4308276 ], [ 88.6008385, 27.4305581 ], [ 88.6008753, 27.4303469 ], [ 88.6008794, 27.4303035 ], [ 88.6008052, 27.4301525 ], [ 88.6007206, 27.429957 ], [ 88.6006491, 27.4298745 ], [ 88.6005115, 27.4297807 ], [ 88.6002712, 27.4297354 ], [ 88.6000141, 27.4297946 ], [ 88.5998894, 27.4298668 ], [ 88.5996587, 27.4300559 ], [ 88.5993562, 27.4302495 ], [ 88.5993194, 27.430283 ], [ 88.5991752, 27.4305009 ], [ 88.5991204, 27.4306673 ], [ 88.5989482, 27.430836 ], [ 88.598936, 27.4310176 ], [ 88.5988627, 27.4311674 ], [ 88.5986622, 27.4312656 ], [ 88.5985109, 27.4313846 ], [ 88.5984256, 27.431458 ], [ 88.5984102, 27.4314784 ], [ 88.5983044, 27.4315252 ], [ 88.5981093, 27.4315362 ], [ 88.5978916, 27.4316934 ], [ 88.5978063, 27.4318878 ], [ 88.5976523, 27.4320855 ], [ 88.5975273, 27.4320872 ], [ 88.5974135, 27.432046 ], [ 88.5971678, 27.4319487 ], [ 88.5969468, 27.4318858 ], [ 88.5967379, 27.4318335 ], [ 88.5966298, 27.4316038 ], [ 88.5965267, 27.4313245 ], [ 88.596375, 27.4311057 ], [ 88.5963352, 27.4310905 ], [ 88.5960163, 27.4310925 ], [ 88.595761, 27.4311078 ], [ 88.5955294, 27.4310798 ], [ 88.5953291, 27.4309508 ], [ 88.5951101, 27.430727 ], [ 88.59497, 27.4305559 ], [ 88.5948133, 27.4305186 ], [ 88.5945308, 27.4304729 ], [ 88.5943072, 27.4305208 ], [ 88.5940925, 27.430594 ], [ 88.5940143, 27.4306306 ], [ 88.5938364, 27.4306795 ], [ 88.5936623, 27.4306347 ], [ 88.5934791, 27.4305664 ], [ 88.593212, 27.430458 ], [ 88.5928293, 27.4304065 ], [ 88.5926798, 27.4303241 ], [ 88.5925626, 27.4302018 ], [ 88.5924902, 27.430087 ], [ 88.5924084, 27.4300265 ], [ 88.592324, 27.4299896 ], [ 88.5921211, 27.4299728 ], [ 88.5919718, 27.4300292 ], [ 88.5917635, 27.4300239 ], [ 88.5915317, 27.4300222 ], [ 88.591389, 27.430081 ], [ 88.5911899, 27.4303302 ], [ 88.5910904, 27.4304539 ], [ 88.5909904, 27.4305309 ], [ 88.5908423, 27.4306497 ], [ 88.5905961, 27.4307579 ] ] } },
{ "type": "Feature", "properties": { "asset_name": "North Sikkim Highway", "asset_type": "road", "osm_id": 47416076 }, "geometry": { "type": "LineString", "coordinates": [ [ 88.6138825, 27.4193234 ], [ 88.6137849, 27.4193082 ], [ 88.6137671, 27.4192993 ], [ 88.6137261, 27.419277 ], [ 88.613567, 27.4191682 ], [ 88.6134967, 27.4191354 ], [ 88.6133151, 27.4191135 ], [ 88.6131042, 27.419108 ], [ 88.612953, 27.419083 ], [ 88.6128113, 27.4190717 ], [ 88.6126037, 27.419085 ], [ 88.6125104, 27.4190854 ], [ 88.6123714, 27.4190317 ], [ 88.6121216, 27.4190438 ], [ 88.6119906, 27.4190519 ], [ 88.6119539, 27.4190591 ], [ 88.6118534, 27.4190855 ], [ 88.6117979, 27.4190715 ], [ 88.6117094, 27.4190692 ], [ 88.6116585, 27.4190691 ], [ 88.6116009, 27.4190723 ], [ 88.6114943, 27.4190277 ], [ 88.61133, 27.4189909 ], [ 88.6111578, 27.4189679 ], [ 88.6109158, 27.4189876 ], [ 88.61074, 27.4189589 ], [ 88.6106015, 27.4188413 ], [ 88.6105163, 27.4186289 ], [ 88.6105092, 27.4184839 ], [ 88.6104795, 27.4183259 ], [ 88.610323, 27.4182033 ], [ 88.6101517, 27.4181014 ], [ 88.6099718, 27.4180594 ], [ 88.6098061, 27.4180678 ], [ 88.6096121, 27.4181072 ], [ 88.6094416, 27.4180949 ], [ 88.6092826, 27.4180281 ], [ 88.6091818, 27.417953 ], [ 88.6091334, 27.4178273 ], [ 88.6090838, 27.4176824 ], [ 88.6091278, 27.4175603 ], [ 88.609173, 27.4174388 ], [ 88.6092111, 27.4173455 ], [ 88.6091386, 27.4171853 ], [ 88.6090325, 27.4170974 ], [ 88.6089113, 27.4170327 ], [ 88.6087705, 27.4168931 ], [ 88.6087836, 27.4167209 ], [ 88.6087606, 27.4165918 ], [ 88.6087714, 27.4163873 ], [ 88.6088113, 27.4160979 ], [ 88.608776, 27.4159834 ], [ 88.6086366, 27.4159536 ], [ 88.6084762, 27.4160165 ], [ 88.6080886, 27.4160689 ], [ 88.6078957, 27.4161069 ], [ 88.6077263, 27.4162941 ], [ 88.6076297, 27.4164556 ], [ 88.6075748, 27.4165892 ], [ 88.6074669, 27.4167014 ], [ 88.6074177, 27.4167858 ], [ 88.6073431, 27.4168418 ], [ 88.6071845, 27.4170034 ], [ 88.6071824, 27.4171274 ], [ 88.6072319, 27.4173219 ], [ 88.6072716, 27.4175443 ], [ 88.6072648, 27.4177453 ], [ 88.6072419, 27.4177907 ], [ 88.6072106, 27.4178934 ], [ 88.6071273, 27.4179987 ], [ 88.6070755, 27.4181057 ], [ 88.6070271, 27.4182115 ], [ 88.6069917, 27.4183285 ], [ 88.6069224, 27.4185073 ], [ 88.6068747, 27.4185853 ], [ 88.6067764, 27.4186468 ], [ 88.606693, 27.4187341 ], [ 88.6066068, 27.4188056 ], [ 88.606544, 27.4188781 ], [ 88.6064669, 27.4189745 ], [ 88.6063365, 27.4191045 ], [ 88.6062564, 27.4191928 ], [ 88.6061337, 27.4193129 ], [ 88.6061155, 27.4194533 ], [ 88.6061675, 27.4196246 ], [ 88.6062566, 27.419708 ], [ 88.6063726, 27.4198658 ], [ 88.6064766, 27.4200088 ], [ 88.6065874, 27.4201408 ], [ 88.6067456, 27.4202438 ], [ 88.6069315, 27.420421 ], [ 88.607004, 27.4206038 ], [ 88.6070653, 27.4207029 ], [ 88.6071615, 27.4208692 ], [ 88.6071841, 27.4210621 ], [ 88.607242, 27.4212488 ], [ 88.6073204, 27.4214413 ], [ 88.607325, 27.4215703 ], [ 88.6072726, 27.4217379 ], [ 88.6072254, 27.4218029 ], [ 88.6071907, 27.4218937 ], [ 88.6072088, 27.4219736 ], [ 88.6072787, 27.4220296 ], [ 88.6073515, 27.4220741 ], [ 88.6074751, 27.4221303 ], [ 88.6076011, 27.4222766 ], [ 88.6076752, 27.4225766 ], [ 88.6077187, 27.4227957 ], [ 88.6078019, 27.4230047 ], [ 88.6078415, 27.4231486 ], [ 88.6079382, 27.4233601 ], [ 88.6079387, 27.4234463 ], [ 88.6078918, 27.4235368 ], [ 88.6078937, 27.4236363 ], [ 88.6078845, 27.4237869 ], [ 88.6078844, 27.4238212 ] ] } },
{ "type": "Feature", "properties": { "asset_name": "North Sikkim Highway", "asset_type": "road", "osm_id": 47416082 }, "geometry": { "type": "LineString", "coordinates": [ [ 88.5903377, 27.4306651 ], [ 88.5903095, 27.4305902 ], [ 88.5903349, 27.4303792 ], [ 88.5904199, 27.430034 ], [ 88.5906672, 27.4296174 ], [ 88.5907904, 27.4294498 ], [ 88.5910432, 27.4291463 ], [ 88.5912257, 27.4288144 ], [ 88.5915916, 27.4282001 ], [ 88.5917952, 27.4279769 ], [ 88.5918446, 27.4278864 ], [ 88.591871, 27.4276934 ], [ 88.5918641, 27.4274479 ], [ 88.5917797, 27.4272816 ], [ 88.5916711, 27.427194 ], [ 88.5914837, 27.4272329 ], [ 88.5912782, 27.4272992 ], [ 88.5911025, 27.427421 ], [ 88.5908892, 27.4275814 ], [ 88.5907284, 27.4277474 ], [ 88.5906049, 27.4277907 ], [ 88.5904642, 27.4278978 ], [ 88.5903289, 27.4280395 ], [ 88.590214, 27.428164 ], [ 88.5900973, 27.4282452 ], [ 88.589894, 27.4283745 ], [ 88.5897069, 27.4285291 ], [ 88.5895698, 27.4286645 ], [ 88.5894061, 27.4287151 ], [ 88.5892939, 27.4287015 ], [ 88.5891817, 27.4286554 ], [ 88.5886842, 27.4284421 ], [ 88.588428, 27.4283653 ], [ 88.5881758, 27.4283283 ], [ 88.587862, 27.4283624 ], [ 88.58763, 27.4284575 ], [ 88.5874971, 27.4284353 ], [ 88.5873841, 27.4283589 ], [ 88.5873745, 27.4281776 ], [ 88.587359, 27.4280073 ], [ 88.5873063, 27.4277811 ], [ 88.5872464, 27.4277313 ], [ 88.587113, 27.4277109 ], [ 88.5869697, 27.4277942 ], [ 88.5867684, 27.4278993 ], [ 88.5865703, 27.4279891 ], [ 88.5864108, 27.4280679 ], [ 88.5856192, 27.4279911 ], [ 88.5854556, 27.4279323 ], [ 88.5853154, 27.4278038 ], [ 88.585242, 27.4276336 ], [ 88.5852521, 27.4273993 ], [ 88.5855278, 27.4271242 ], [ 88.585577, 27.4269212 ], [ 88.585507, 27.4267763 ], [ 88.585217, 27.4267229 ], [ 88.5848843, 27.4267163 ], [ 88.5844903, 27.4266079 ], [ 88.5840702, 27.4263195 ], [ 88.5839803, 27.4262745 ], [ 88.5838903, 27.426262 ], [ 88.5837567, 27.4263101 ], [ 88.5834024, 27.4263868 ], [ 88.5831966, 27.4263587 ], [ 88.5831004, 27.4262945 ], [ 88.5830693, 27.4262015 ] ] } },
{ "type": "Feature", "properties": { "asset_name": "North Sikkim Highway", "asset_type": "road", "osm_id": 47416090 }, "geometry": { "type": "LineString", "coordinates": [ [ 88.6299059, 27.4189671 ], [ 88.6298546, 27.4190229 ], [ 88.6298183, 27.4190411 ], [ 88.6295965, 27.4189688 ], [ 88.6294978, 27.4189074 ], [ 88.6292082, 27.4188503 ], [ 88.6289875, 27.4188644 ], [ 88.6288041, 27.4188819 ], [ 88.6285705, 27.4188649 ], [ 88.6283885, 27.4188451 ], [ 88.6282456, 27.4188225 ], [ 88.6280465, 27.418931 ], [ 88.6278215, 27.4190721 ], [ 88.6271133, 27.419319 ], [ 88.6269005, 27.4193615 ], [ 88.6267166, 27.4193543 ], [ 88.6265898, 27.4192803 ], [ 88.6263906, 27.4190081 ], [ 88.6262935, 27.4189668 ], [ 88.6261899, 27.4189962 ], [ 88.6260603, 27.4191072 ], [ 88.6257379, 27.4192976 ], [ 88.625589, 27.4193957 ], [ 88.6254792, 27.4194523 ], [ 88.6253698, 27.4194327 ], [ 88.6252739, 27.4193543 ], [ 88.6251921, 27.419227 ], [ 88.6251103, 27.4190691 ], [ 88.6249874, 27.418895 ], [ 88.6248431, 27.4188009 ], [ 88.6246913, 27.4188132 ], [ 88.6245282, 27.4188697 ], [ 88.6243776, 27.4189123 ], [ 88.6242452, 27.4188453 ], [ 88.6241205, 27.4187548 ], [ 88.6239478, 27.4186338 ], [ 88.6237073, 27.4185366 ], [ 88.6235209, 27.4184433 ], [ 88.6234101, 27.4182799 ], [ 88.6233874, 27.4180813 ], [ 88.6233994, 27.4179526 ], [ 88.6234371, 27.4177316 ], [ 88.6234667, 27.417576 ], [ 88.6234523, 27.4174126 ], [ 88.6234045, 27.4171625 ], [ 88.6233155, 27.4170716 ], [ 88.6231796, 27.4170151 ], [ 88.6229992, 27.416917 ], [ 88.6228701, 27.4168908 ], [ 88.6226757, 27.4169604 ], [ 88.622496, 27.4171593 ], [ 88.6222397, 27.4173697 ], [ 88.6221136, 27.4174252 ], [ 88.6217361, 27.4174836 ], [ 88.6212939, 27.4174427 ], [ 88.6210144, 27.4174229 ], [ 88.6206558, 27.4175005 ], [ 88.6202349, 27.4173177 ], [ 88.6197558, 27.4170363 ], [ 88.6196961, 27.4169933 ], [ 88.6194745, 27.4170527 ], [ 88.6193029, 27.4171532 ], [ 88.6190716, 27.417219 ], [ 88.6188614, 27.4172975 ], [ 88.6187107, 27.4173611 ], [ 88.6185341, 27.4173922 ], [ 88.6182838, 27.4173739 ], [ 88.6181311, 27.417395 ], [ 88.6181248, 27.4173942 ], [ 88.6180906, 27.4174161 ], [ 88.6180419, 27.4174427 ], [ 88.6180142, 27.4175124 ], [ 88.6179876, 27.4176952 ], [ 88.6179555, 27.4178705 ], [ 88.6178693, 27.4179808 ], [ 88.6177303, 27.4180934 ], [ 88.6176163, 27.418207 ], [ 88.6174592, 27.4183335 ], [ 88.6173359, 27.418431 ], [ 88.6171034, 27.4185382 ], [ 88.6169102, 27.4185994 ], [ 88.6167061, 27.4186597 ], [ 88.6164903, 27.4186831 ], [ 88.6162656, 27.4186914 ], [ 88.6160911, 27.4187226 ], [ 88.6158656, 27.4187984 ], [ 88.615661, 27.4188243 ], [ 88.6154725, 27.4188442 ], [ 88.6152155, 27.4188576 ], [ 88.6150405, 27.4188564 ], [ 88.6148636, 27.4188676 ], [ 88.6146402, 27.4189436 ], [ 88.6145076, 27.4189877 ], [ 88.6143597, 27.4190528 ], [ 88.6142622, 27.4191051 ], [ 88.6141957, 27.4191504 ], [ 88.6141044, 27.4191862 ], [ 88.6140683, 27.4192115 ], [ 88.613979, 27.4192366 ], [ 88.6139296, 27.4192848 ], [ 88.6138825, 27.4193234 ] ] } },
{ "type": "Feature", "properties": { "asset_name": "North Sikkim Highway", "asset_type": "road", "osm_id": 47416091 }, "geometry": { "type": "LineString", "coordinates": [ [ 88.6282019, 27.4123051 ], [ 88.6282539, 27.4123429 ], [ 88.6283067, 27.4124223 ], [ 88.6283336, 27.4124976 ], [ 88.6283444, 27.41275 ], [ 88.6284066, 27.4129499 ], [ 88.6284519, 27.4130722 ], [ 88.6284285, 27.4131734 ], [ 88.6283672, 27.4132746 ], [ 88.6282759, 27.4134192 ], [ 88.6282611, 27.4135427 ], [ 88.6282974, 27.413699 ], [ 88.6284903, 27.4138441 ], [ 88.6290869, 27.4141359 ], [ 88.6291766, 27.4141805 ], [ 88.6292211, 27.4142657 ], [ 88.6292939, 27.4145008 ], [ 88.6293194, 27.4145698 ], [ 88.629421, 27.4146623 ], [ 88.6295359, 27.4147794 ], [ 88.6296232, 27.4149026 ], [ 88.6297029, 27.4150622 ], [ 88.6296594, 27.4152597 ], [ 88.6295562, 27.4153534 ], [ 88.6293723, 27.4153669 ], [ 88.6291074, 27.4152785 ], [ 88.6289377, 27.4151819 ], [ 88.6288059, 27.4151064 ], [ 88.6287027, 27.4150424 ], [ 88.6286129, 27.4149726 ], [ 88.6285642, 27.4149015 ], [ 88.6285424, 27.4148305 ], [ 88.6285066, 27.4146254 ], [ 88.628443, 27.4144689 ], [ 88.628353, 27.4143095 ], [ 88.6282271, 27.4142238 ], [ 88.6280973, 27.4141523 ], [ 88.6280324, 27.4140726 ], [ 88.6278907, 27.4138841 ], [ 88.6277461, 27.4137836 ], [ 88.6276665, 27.4137799 ], [ 88.6276553, 27.4138993 ], [ 88.6277125, 27.4140781 ], [ 88.6278551, 27.4142911 ], [ 88.6280507, 27.4144722 ], [ 88.6281611, 27.4145629 ], [ 88.6281502, 27.4148429 ], [ 88.628103, 27.41504 ], [ 88.6281137, 27.4151955 ], [ 88.6281887, 27.4154551 ], [ 88.6283068, 27.4157462 ], [ 88.6283919, 27.415852 ], [ 88.6285471, 27.4159588 ], [ 88.6286751, 27.4160336 ], [ 88.6290656, 27.416256 ], [ 88.6294215, 27.4163938 ], [ 88.6298179, 27.4165047 ], [ 88.630341, 27.4166879 ], [ 88.6305011, 27.4167775 ], [ 88.6305734, 27.416823 ], [ 88.6306239, 27.4168844 ], [ 88.630612, 27.417198 ] ] } },
{ "type": "Feature", "properties": { "asset_name": "North Sikkim Highway", "asset_type": "road", "osm_id": 47416092 }, "geometry": { "type": "LineString", "coordinates": [ [ 88.6252476, 27.4069222 ], [ 88.6253494, 27.4070147 ], [ 88.6252317, 27.4071601 ], [ 88.6251689, 27.4073125 ], [ 88.6251313, 27.4076436 ], [ 88.6252642, 27.4078563 ], [ 88.62549, 27.4080184 ], [ 88.6256357, 27.4081329 ], [ 88.6256951, 27.4083834 ], [ 88.6258231, 27.4086317 ], [ 88.6259186, 27.4088364 ], [ 88.6259713, 27.4090241 ], [ 88.6261316, 27.409216 ], [ 88.6264345, 27.4093479 ], [ 88.6266035, 27.4094781 ], [ 88.6267592, 27.4096231 ], [ 88.6269158, 27.4097306 ], [ 88.6269182, 27.4098547 ], [ 88.6268415, 27.4099121 ], [ 88.6266778, 27.4100118 ], [ 88.6265605, 27.4100353 ], [ 88.6263397, 27.4100503 ], [ 88.6262681, 27.4099824 ], [ 88.6260909, 27.4097881 ], [ 88.6258654, 27.4096748 ], [ 88.6256467, 27.4096658 ], [ 88.6254998, 27.4096636 ], [ 88.6253864, 27.409586 ], [ 88.6252882, 27.4094868 ], [ 88.6251229, 27.4094732 ], [ 88.6250687, 27.4094556 ], [ 88.6249088, 27.4093732 ], [ 88.6246071, 27.4091687 ], [ 88.6244879, 27.4091178 ], [ 88.6243345, 27.4090296 ], [ 88.6240194, 27.4090852 ], [ 88.6238312, 27.4092258 ], [ 88.6238248, 27.4092901 ], [ 88.6239604, 27.4094329 ], [ 88.624139, 27.4094796 ], [ 88.6243625, 27.4094994 ], [ 88.6245562, 27.4096792 ], [ 88.6247091, 27.4098919 ], [ 88.6249554, 27.409947 ], [ 88.6250902, 27.4100431 ], [ 88.6253261, 27.4103167 ], [ 88.6253447, 27.4103959 ], [ 88.6252504, 27.4105609 ], [ 88.6252393, 27.4107119 ], [ 88.6252606, 27.4108314 ], [ 88.6254457, 27.4110577 ], [ 88.6257395, 27.4111726 ], [ 88.6257996, 27.4111878 ], [ 88.6260305, 27.411274 ], [ 88.6261429, 27.4113001 ], [ 88.6263136, 27.4113458 ], [ 88.6264972, 27.4113314 ], [ 88.6267171, 27.4113201 ], [ 88.6269004, 27.4112951 ], [ 88.6269847, 27.4113456 ], [ 88.6270264, 27.4114698 ], [ 88.6269852, 27.4116109 ], [ 88.6269681, 27.4118848 ], [ 88.6268727, 27.4121084 ], [ 88.6268532, 27.4122328 ], [ 88.6269807, 27.41245 ], [ 88.6270402, 27.4124425 ], [ 88.6271257, 27.4124806 ], [ 88.6275666, 27.4123181 ], [ 88.6277866, 27.4122728 ], [ 88.6280058, 27.412235 ], [ 88.6280888, 27.4122449 ], [ 88.6282019, 27.4123051 ] ] } },
{ "type": "Feature", "properties": { "asset_name": "North Sikkim Highway", "asset_type": "road", "osm_id": 47416094 }, "geometry": { "type": "LineString", "coordinates": [ [ 88.6101104, 27.3984133 ], [ 88.6101282, 27.3984626 ], [ 88.6101425, 27.3984832 ], [ 88.6101411, 27.3986378 ], [ 88.6102149, 27.3987346 ], [ 88.6102842, 27.3988072 ], [ 88.610428, 27.3989656 ], [ 88.6106695, 27.3991842 ], [ 88.6107415, 27.3993376 ], [ 88.6107586, 27.3994401 ], [ 88.6108065, 27.3995155 ], [ 88.6109871, 27.3997634 ], [ 88.6110698, 27.3999364 ], [ 88.6111543, 27.4001108 ], [ 88.6112474, 27.4003879 ], [ 88.6113353, 27.4005578 ], [ 88.6112922, 27.4006542 ], [ 88.6112198, 27.4007154 ], [ 88.6111353, 27.4007185 ], [ 88.6110819, 27.4006817 ], [ 88.6110457, 27.4006129 ], [ 88.610988, 27.4004332 ], [ 88.6109505, 27.4003249 ], [ 88.6108147, 27.4000634 ], [ 88.6107268, 27.3998629 ], [ 88.6106536, 27.3996326 ], [ 88.6104428, 27.399496 ], [ 88.6102595, 27.399367 ], [ 88.6102322, 27.3993271 ], [ 88.6100119, 27.3992602 ], [ 88.6098172, 27.3992464 ], [ 88.6097085, 27.3992452 ], [ 88.6098168, 27.3994296 ], [ 88.609837, 27.3996171 ], [ 88.6098664, 27.3998053 ], [ 88.6100014, 27.4000711 ], [ 88.6100133, 27.4001093 ], [ 88.6101424, 27.4005017 ], [ 88.6102538, 27.4009526 ], [ 88.6104354, 27.4012321 ], [ 88.610631, 27.4013587 ], [ 88.6107464, 27.4013659 ], [ 88.6111424, 27.4012945 ], [ 88.6112578, 27.4012817 ], [ 88.6114234, 27.4012931 ], [ 88.61171, 27.4011536 ], [ 88.6118303, 27.4010687 ], [ 88.612074, 27.4010233 ], [ 88.6121302, 27.4010394 ], [ 88.6122114, 27.4010985 ], [ 88.612382, 27.4014345 ], [ 88.6125022, 27.4015868 ], [ 88.6126189, 27.4017292 ], [ 88.612693, 27.4018239 ], [ 88.6128999, 27.4020118 ], [ 88.6133289, 27.4022062 ], [ 88.6134355, 27.4022651 ], [ 88.613607, 27.4024193 ], [ 88.6136373, 27.4025121 ], [ 88.6137297, 27.402679 ], [ 88.6138958, 27.4028119 ], [ 88.6142981, 27.4029481 ], [ 88.6147461, 27.4029135 ], [ 88.6149844, 27.4028381 ], [ 88.6152016, 27.4027651 ], [ 88.6156809, 27.4026479 ], [ 88.6158649, 27.4025993 ], [ 88.6161339, 27.4027053 ], [ 88.6164718, 27.4029411 ], [ 88.6165446, 27.403 ], [ 88.6167698, 27.4031555 ], [ 88.6168629, 27.4033438 ], [ 88.6169777, 27.403664 ], [ 88.6170051, 27.4037253 ], [ 88.6171781, 27.4040042 ], [ 88.6172177, 27.4040588 ], [ 88.6173027, 27.4042657 ], [ 88.6174048, 27.4044299 ], [ 88.6176382, 27.4048057 ], [ 88.6179972, 27.4051103 ], [ 88.6181714, 27.4053938 ], [ 88.6182866, 27.4054899 ], [ 88.6183951, 27.405586 ], [ 88.6188312, 27.4058005 ], [ 88.6189788, 27.4058731 ], [ 88.619216, 27.4060279 ], [ 88.619283, 27.4060593 ], [ 88.6195459, 27.4061573 ], [ 88.6196468, 27.4062045 ], [ 88.619753, 27.4062405 ], [ 88.6200619, 27.4063367 ], [ 88.6200742, 27.4063816 ], [ 88.620224, 27.4066483 ], [ 88.6203846, 27.4068334 ], [ 88.6204184, 27.4068843 ], [ 88.6205208, 27.4070065 ], [ 88.6206942, 27.4071356 ], [ 88.6207655, 27.4071887 ], [ 88.620887, 27.407263 ], [ 88.6210899, 27.4072765 ], [ 88.6213343, 27.4072898 ], [ 88.6213958, 27.4072775 ], [ 88.6217147, 27.4071668 ], [ 88.6218059, 27.4070831 ], [ 88.6219327, 27.4070345 ], [ 88.622082, 27.4069304 ], [ 88.6222141, 27.4068654 ], [ 88.6223197, 27.4068239 ], [ 88.6224581, 27.4067924 ], [ 88.6225365, 27.4069575 ], [ 88.622554, 27.4069933 ], [ 88.6226276, 27.4070887 ], [ 88.6227555, 27.4071603 ], [ 88.6230346, 27.4072909 ], [ 88.6233427, 27.4071659 ], [ 88.6234086, 27.4071475 ], [ 88.6235204, 27.407116 ], [ 88.623632, 27.4070604 ], [ 88.6237715, 27.4070374 ], [ 88.6241351, 27.4070635 ], [ 88.6244752, 27.4070787 ], [ 88.6245965, 27.4070608 ], [ 88.6247322, 27.4070198 ], [ 88.6248905, 27.4069617 ], [ 88.6252476, 27.4069222 ] ] } },
{ "type": "Feature", "properties": { "asset_name": "North Sikkim Highway", "asset_type": "road", "osm_id": 47416096 }, "geometry": { "type": "LineString", "coordinates": [ [ 88.6081341, 27.4429268 ], [ 88.6080143, 27.4428675 ], [ 88.6080108, 27.4426716 ], [ 88.6080821, 27.4425996 ], [ 88.6081857, 27.4425109 ], [ 88.6083298, 27.4424587 ], [ 88.6083487, 27.4422127 ], [ 88.6083494, 27.4418562 ], [ 88.6083506, 27.4414203 ], [ 88.6083382, 27.4410921 ], [ 88.6083589, 27.4408242 ], [ 88.6082787, 27.440553 ], [ 88.6082428, 27.4404085 ], [ 88.6082803, 27.4400786 ], [ 88.6083632, 27.4398479 ], [ 88.6083085, 27.4397073 ], [ 88.6082472, 27.4396667 ], [ 88.6080469, 27.4395461 ], [ 88.6078501, 27.439493 ], [ 88.6076663, 27.4394895 ], [ 88.6075192, 27.43939 ], [ 88.6073329, 27.4392258 ], [ 88.6070836, 27.4391164 ], [ 88.6066365, 27.4389578 ], [ 88.6063873, 27.4388785 ], [ 88.6062158, 27.4387907 ], [ 88.6061276, 27.43862 ], [ 88.6060419, 27.4383707 ], [ 88.6060237, 27.4382451 ], [ 88.6059798, 27.4379317 ], [ 88.6059567, 27.4377167 ], [ 88.6060174, 27.437397 ], [ 88.6060737, 27.4372213 ], [ 88.6060491, 27.4370145 ], [ 88.6059316, 27.436713 ], [ 88.6057857, 27.4364331 ], [ 88.605702, 27.4362831 ], [ 88.6055773, 27.4360806 ], [ 88.6056313, 27.435834 ], [ 88.6057422, 27.4355642 ], [ 88.6056962, 27.4352914 ], [ 88.6056696, 27.4352481 ], [ 88.6056189, 27.4351414 ], [ 88.6055865, 27.4350996 ], [ 88.6056132, 27.4349319 ], [ 88.6055974, 27.4347673 ], [ 88.6055771, 27.4346031 ], [ 88.6055781, 27.4345697 ], [ 88.6055627, 27.4343699 ], [ 88.6055655, 27.4339989 ], [ 88.6055109, 27.4337892 ] ] } },
{ "type": "Feature", "properties": { "asset_name": "North Sikkim Highway", "asset_type": "road", "osm_id": 47416097 }, "geometry": { "type": "LineString", "coordinates": [ [ 88.6078844, 27.4238212 ], [ 88.607972, 27.4239581 ], [ 88.6080397, 27.4239948 ], [ 88.6081509, 27.4240821 ], [ 88.6082086, 27.4241282 ], [ 88.6083621, 27.4242286 ], [ 88.6084163, 27.4242599 ], [ 88.6084981, 27.4243839 ], [ 88.6085913, 27.4244995 ], [ 88.608637, 27.4245892 ], [ 88.6087505, 27.4246736 ], [ 88.6088227, 27.4247246 ], [ 88.6092071, 27.4250577 ], [ 88.6096218, 27.4254087 ], [ 88.6097628, 27.4256158 ], [ 88.6098176, 27.4258675 ], [ 88.6098806, 27.4260987 ], [ 88.6100261, 27.4263095 ], [ 88.6100566, 27.4265448 ], [ 88.609998, 27.4267458 ], [ 88.6099675, 27.4268541 ], [ 88.6099686, 27.4269655 ], [ 88.6100121, 27.4270425 ], [ 88.6102901, 27.4272535 ], [ 88.6103615, 27.4273077 ], [ 88.6105422, 27.4275701 ], [ 88.6107721, 27.4278804 ], [ 88.6110982, 27.4281886 ], [ 88.6113516, 27.428553 ], [ 88.6114689, 27.428832 ], [ 88.6116871, 27.4292381 ], [ 88.6117176, 27.4294297 ], [ 88.6116425, 27.4296962 ], [ 88.6114537, 27.4300829 ], [ 88.6113985, 27.430196 ], [ 88.6113398, 27.4304146 ], [ 88.611246, 27.4305812 ], [ 88.6111803, 27.4307145 ], [ 88.6112296, 27.4308769 ], [ 88.6113727, 27.4310206 ], [ 88.6116603, 27.4312676 ], [ 88.6119284, 27.4314012 ], [ 88.6120436, 27.4314887 ], [ 88.6121144, 27.4316029 ], [ 88.6121549, 27.4317237 ], [ 88.612245, 27.4318658 ], [ 88.6123496, 27.4320028 ], [ 88.612379, 27.4321249 ], [ 88.6123621, 27.4322986 ], [ 88.6123214, 27.4324316 ], [ 88.6123074, 27.4325585 ], [ 88.6123337, 27.4326963 ], [ 88.6123611, 27.4328281 ], [ 88.6124062, 27.4329649 ], [ 88.6124412, 27.4330924 ], [ 88.6124991, 27.4332133 ], [ 88.6125918, 27.4333747 ], [ 88.6126515, 27.433574 ], [ 88.6127019, 27.4337662 ], [ 88.6127641, 27.4338871 ], [ 88.6128841, 27.4340875 ], [ 88.6130225, 27.4342861 ], [ 88.6131273, 27.4343961 ], [ 88.613221, 27.4345111 ], [ 88.6133944, 27.4346166 ], [ 88.6135625, 27.4347148 ], [ 88.6136523, 27.4347978 ], [ 88.6137367, 27.4349079 ], [ 88.6137778, 27.4350073 ], [ 88.6138711, 27.4351223 ], [ 88.6139364, 27.4353014 ], [ 88.6139644, 27.4353952 ], [ 88.6139598, 27.4355189 ], [ 88.6139708, 27.4356933 ], [ 88.6139646, 27.435916 ], [ 88.6139679, 27.4361844 ], [ 88.6139206, 27.4363929 ], [ 88.6138365, 27.4365729 ], [ 88.613825, 27.4367845 ], [ 88.6138699, 27.4369267 ], [ 88.6139046, 27.4370748 ], [ 88.6139797, 27.4372058 ], [ 88.614054, 27.4373216 ], [ 88.6140488, 27.437381 ], [ 88.6140577, 27.4374585 ], [ 88.6140504, 27.4374976 ] ] } },
{ "type": "Feature", "properties": { "asset_name": "North Sikkim Highway", "asset_type": "road", "osm_id": 83701553 }, "geometry": { "type": "LineString", "coordinates": [ [ 88.5513575, 27.4038484 ], [ 88.5512016, 27.4040551 ], [ 88.5511193, 27.4041642 ], [ 88.550921, 27.405018 ], [ 88.5508911, 27.4050801 ], [ 88.550828, 27.405106 ], [ 88.5507397, 27.4051034 ], [ 88.550495, 27.4049907 ], [ 88.5502655, 27.4048276 ], [ 88.5500915, 27.4047807 ], [ 88.5499787, 27.4047668 ], [ 88.5498858, 27.4047866 ], [ 88.54978, 27.404878 ], [ 88.549526, 27.405017 ], [ 88.549209, 27.405079 ], [ 88.548709, 27.405043 ], [ 88.548283, 27.405079 ], [ 88.5480369, 27.4051594 ], [ 88.5477529, 27.4051321 ], [ 88.547516, 27.4051242 ], [ 88.5474397, 27.4051799 ], [ 88.5473756, 27.4053326 ], [ 88.5473263, 27.4054734 ], [ 88.5472804, 27.4056321 ], [ 88.546908, 27.406287 ], [ 88.546475, 27.406837 ], [ 88.546182, 27.407458 ], [ 88.546069, 27.408173 ], [ 88.54592, 27.408401 ], [ 88.545814, 27.408742 ], [ 88.545609, 27.40895 ], [ 88.545125, 27.409251 ], [ 88.5447325, 27.4092901 ], [ 88.5446319, 27.4093742 ], [ 88.5445947, 27.4094151 ], [ 88.5445297, 27.409531 ], [ 88.544452, 27.409677 ], [ 88.544279, 27.409813 ], [ 88.5436516, 27.4097925 ], [ 88.54345, 27.409826 ], [ 88.5433277, 27.410038 ], [ 88.5424953, 27.410239 ], [ 88.542115, 27.410218 ], [ 88.540948, 27.41013 ], [ 88.540485, 27.410246 ], [ 88.5403095, 27.4104526 ], [ 88.5400107, 27.4105877 ], [ 88.5398472, 27.4106901 ], [ 88.5398206, 27.4108734 ], [ 88.5397431, 27.4110628 ], [ 88.5393344, 27.4110576 ], [ 88.538626, 27.410809 ], [ 88.53839, 27.410712 ], [ 88.5382024, 27.4108152 ], [ 88.538122, 27.4109899 ], [ 88.5377681, 27.4109563 ], [ 88.5373417, 27.4105823 ], [ 88.5371187, 27.4106379 ], [ 88.5370487, 27.4107817 ], [ 88.536888, 27.410935 ], [ 88.536421, 27.411185 ], [ 88.536215, 27.411138 ], [ 88.535977, 27.410977 ], [ 88.535788, 27.410921 ], [ 88.535299, 27.410887 ], [ 88.534899, 27.410694 ], [ 88.53453, 27.410601 ], [ 88.53416, 27.410636 ], [ 88.533841, 27.410577 ], [ 88.533311, 27.410379 ], [ 88.532594, 27.410384 ], [ 88.532259, 27.410246 ], [ 88.531981, 27.410204 ], [ 88.5317421, 27.4101943 ], [ 88.5315703, 27.4102063 ], [ 88.531457, 27.4102404 ], [ 88.5313779, 27.4103262 ], [ 88.5313393, 27.4105292 ], [ 88.5313045, 27.4108038 ], [ 88.531226, 27.411053 ], [ 88.5307761, 27.4113175 ], [ 88.5304915, 27.4113927 ], [ 88.530299, 27.4114789 ], [ 88.5301667, 27.4116632 ], [ 88.5300579, 27.4119262 ], [ 88.5299124, 27.4121003 ], [ 88.5298736, 27.4121329 ], [ 88.5298289, 27.4121416 ], [ 88.5297967, 27.4121358 ], [ 88.5297608, 27.412117 ], [ 88.5297337, 27.4120804 ], [ 88.5297213, 27.4120391 ], [ 88.5297203, 27.4119334 ], [ 88.5297555, 27.4117908 ], [ 88.5298304, 27.4115691 ], [ 88.529908, 27.411424 ], [ 88.5301666, 27.4112475 ], [ 88.530346, 27.411181 ], [ 88.5304708, 27.4111058 ], [ 88.5305393, 27.4110274 ], [ 88.5305311, 27.4109451 ], [ 88.5305079, 27.4109217 ], [ 88.530478, 27.41091 ], [ 88.5304157, 27.4109065 ], [ 88.530334, 27.410923 ], [ 88.53023, 27.4109934 ], [ 88.529645, 27.411389 ], [ 88.529124, 27.411487 ], [ 88.528811, 27.411684 ], [ 88.5287299, 27.4118052 ], [ 88.5287783, 27.4120058 ], [ 88.5289228, 27.4122016 ], [ 88.5289214, 27.4122595 ], [ 88.528514, 27.412609 ], [ 88.528327, 27.412919 ], [ 88.528361, 27.413398 ], [ 88.528502, 27.4136575 ], [ 88.528599, 27.413742 ], [ 88.528644, 27.414258 ], [ 88.528598, 27.414434 ], [ 88.528211, 27.414698 ], [ 88.527954, 27.414792 ], [ 88.527753, 27.414984 ], [ 88.527728, 27.41509 ], [ 88.527505, 27.415349 ], [ 88.5271019, 27.4156457 ], [ 88.5269845, 27.4157954 ], [ 88.5269966, 27.4160661 ], [ 88.5273461, 27.4166288 ], [ 88.5273961, 27.4169906 ], [ 88.5274343, 27.4171711 ], [ 88.52762, 27.4173592 ], [ 88.5278026, 27.4177576 ], [ 88.5281252, 27.4179816 ], [ 88.5284894, 27.4182766 ], [ 88.528781, 27.419101 ], [ 88.5288352, 27.4191739 ], [ 88.5289239, 27.4192312 ], [ 88.5290739, 27.4192695 ], [ 88.5291557, 27.4193203 ], [ 88.5292107, 27.4193691 ], [ 88.5292509, 27.4194239 ], [ 88.529259, 27.4194906 ], [ 88.52925, 27.4195679 ], [ 88.5291861, 27.4198818 ], [ 88.529115, 27.420348 ], [ 88.529021, 27.420574 ], [ 88.529014, 27.420869 ], [ 88.5292, 27.421705 ], [ 88.529422, 27.422213 ], [ 88.52939, 27.422654 ], [ 88.529463, 27.422898 ], [ 88.529618, 27.423116 ], [ 88.529714, 27.423501 ], [ 88.529909, 27.42384 ], [ 88.530437, 27.424345 ], [ 88.530483, 27.424694 ], [ 88.530453, 27.425325 ], [ 88.5303484, 27.4258702 ], [ 88.5304081, 27.4261012 ], [ 88.530355, 27.426334 ], [ 88.530299, 27.426712 ], [ 88.53023, 27.426829 ], [ 88.529923, 27.426989 ], [ 88.529798, 27.427207 ], [ 88.529772, 27.428056 ], [ 88.5298082, 27.4283934 ], [ 88.5298008, 27.4284923 ], [ 88.5297323, 27.4285765 ], [ 88.529546, 27.4286709 ], [ 88.5294226, 27.428778 ], [ 88.5293649, 27.4289712 ], [ 88.5293931, 27.4291875 ], [ 88.529477, 27.429396 ], [ 88.52969, 27.429734 ], [ 88.5298389, 27.4302709 ], [ 88.529689, 27.430591 ], [ 88.5297527, 27.4309057 ], [ 88.5299144, 27.4310973 ], [ 88.5300169, 27.4312188 ], [ 88.5300367, 27.4312836 ], [ 88.5299947, 27.431487 ], [ 88.5298924, 27.4317246 ], [ 88.5298695, 27.4318941 ], [ 88.5297, 27.4322414 ], [ 88.529609, 27.433007 ], [ 88.529597, 27.4330965 ], [ 88.5295412, 27.4331399 ], [ 88.5294481, 27.4331834 ], [ 88.5287332, 27.4336201 ], [ 88.5285023, 27.4337922 ], [ 88.5283595, 27.4339541 ], [ 88.5283054, 27.4340535 ], [ 88.5283028, 27.4341392 ], [ 88.5283629, 27.4342055 ], [ 88.5286418, 27.4343526 ], [ 88.5287236, 27.4344765 ], [ 88.5287299, 27.434593 ], [ 88.5287077, 27.4346837 ], [ 88.5286367, 27.4347522 ], [ 88.5285445, 27.4348049 ], [ 88.5283933, 27.4348536 ], [ 88.5282871, 27.4349105 ], [ 88.5279549, 27.4350885 ], [ 88.527818, 27.435176 ], [ 88.527585, 27.435232 ], [ 88.527128, 27.435246 ], [ 88.526887, 27.435349 ], [ 88.526621, 27.435508 ], [ 88.526486, 27.435682 ], [ 88.526465, 27.436004 ], [ 88.526553, 27.436293 ], [ 88.526472, 27.436902 ], [ 88.526517, 27.437319 ], [ 88.526902, 27.438196 ], [ 88.5269168, 27.4385374 ], [ 88.5268577, 27.4387649 ], [ 88.5268074, 27.4389455 ], [ 88.5267487, 27.4390629 ], [ 88.5266377, 27.439164 ], [ 88.5264682, 27.4392202 ], [ 88.525766, 27.439304 ], [ 88.524877, 27.439351 ], [ 88.5246154, 27.4394677 ], [ 88.5243757, 27.4394986 ], [ 88.5242114, 27.4395476 ], [ 88.5240416, 27.4395961 ], [ 88.5239089, 27.4396243 ], [ 88.5238436, 27.4396453 ], [ 88.5237899, 27.4396703 ], [ 88.5237551, 27.4396977 ], [ 88.5237336, 27.4397274 ], [ 88.5237343, 27.4397667 ], [ 88.5237524, 27.4398024 ], [ 88.5237832, 27.43985 ], [ 88.5238364, 27.4399197 ], [ 88.524023, 27.440161 ], [ 88.524045, 27.440343 ], [ 88.5239558, 27.4405245 ], [ 88.523663, 27.440933 ], [ 88.5238508, 27.4415479 ], [ 88.5238177, 27.4418447 ], [ 88.5237762, 27.4420904 ], [ 88.5234044, 27.4424449 ], [ 88.5233801, 27.4426147 ], [ 88.5237719, 27.4428241 ], [ 88.524126, 27.443414 ], [ 88.5244498, 27.4435575 ], [ 88.5247187, 27.4437949 ], [ 88.52484, 27.444042 ], [ 88.524861, 27.444246 ], [ 88.5251092, 27.4445426 ], [ 88.5253542, 27.4446918 ], [ 88.5254792, 27.4448189 ], [ 88.5255729, 27.4449448 ], [ 88.5256087, 27.4450485 ], [ 88.5255958, 27.4451339 ], [ 88.5255819, 27.4452149 ], [ 88.5256143, 27.4453117 ], [ 88.5256827, 27.4455797 ], [ 88.5257249, 27.4456345 ], [ 88.5257888, 27.4456715 ], [ 88.5259317, 27.4458061 ], [ 88.5263153, 27.446268 ], [ 88.526279, 27.44683 ], [ 88.5263966, 27.4471895 ], [ 88.526455, 27.447284 ], [ 88.526469, 27.447551 ], [ 88.526419, 27.447724 ], [ 88.526463, 27.448074 ], [ 88.5265449, 27.4482094 ], [ 88.5264918, 27.4483905 ], [ 88.526389, 27.4486215 ], [ 88.526341, 27.44887 ], [ 88.52604, 27.449236 ], [ 88.525989, 27.449451 ], [ 88.525848, 27.449697 ], [ 88.525904, 27.449964 ], [ 88.5262099, 27.4502717 ], [ 88.5262658, 27.4505431 ], [ 88.5266574, 27.4508974 ], [ 88.5266807, 27.4509251 ], [ 88.5266961, 27.4509519 ], [ 88.5267055, 27.4509757 ], [ 88.5267094, 27.4509999 ], [ 88.5267075, 27.4510334 ], [ 88.5267001, 27.4510614 ], [ 88.5266899, 27.4510745 ], [ 88.5266652, 27.4511063 ], [ 88.5266411, 27.4511262 ], [ 88.526605, 27.4511363 ], [ 88.5264275, 27.4511346 ], [ 88.5263032, 27.4511363 ], [ 88.5261614, 27.4511554 ], [ 88.5259848, 27.4512395 ], [ 88.5259245, 27.4513293 ], [ 88.52586, 27.451514 ], [ 88.525864, 27.451643 ], [ 88.5259085, 27.451869 ], [ 88.526055, 27.452277 ], [ 88.526391, 27.452639 ], [ 88.526515, 27.453122 ], [ 88.526735, 27.453576 ], [ 88.526863, 27.454213 ], [ 88.527131, 27.45464 ], [ 88.527135, 27.454803 ], [ 88.526878, 27.455426 ], [ 88.526649, 27.456567 ], [ 88.526659, 27.45677 ], [ 88.527023, 27.457312 ], [ 88.527048, 27.458327 ], [ 88.526976, 27.4587761 ], [ 88.526964, 27.459068 ], [ 88.5269927, 27.4594177 ], [ 88.526931, 27.459926 ], [ 88.527067, 27.460388 ], [ 88.527456, 27.461043 ], [ 88.527463, 27.461238 ], [ 88.52735, 27.461663 ], [ 88.527377, 27.461849 ], [ 88.527577, 27.462124 ], [ 88.528101, 27.462336 ], [ 88.5283922, 27.4627412 ], [ 88.5287141, 27.4631125 ], [ 88.5294865, 27.4637003 ], [ 88.5297069, 27.4638685 ], [ 88.5299134, 27.4640684 ], [ 88.5308502, 27.4645541 ], [ 88.5310319, 27.4646467 ], [ 88.5312744, 27.4647042 ], [ 88.5313531, 27.4647122 ], [ 88.5314235, 27.4647253 ], [ 88.5314704, 27.4647419 ], [ 88.5315013, 27.4647657 ], [ 88.531516, 27.4648098 ], [ 88.5315231, 27.4648573 ], [ 88.531508, 27.4649127 ], [ 88.5314865, 27.4649615 ], [ 88.531418, 27.465037 ], [ 88.5313229, 27.4650894 ], [ 88.531153, 27.4650776 ], [ 88.5307643, 27.4648176 ], [ 88.5303493, 27.464598 ], [ 88.5298595, 27.4644145 ], [ 88.529471, 27.464312 ], [ 88.529267, 27.464161 ], [ 88.529038, 27.463788 ], [ 88.52857, 27.463321 ], [ 88.528166, 27.46309 ], [ 88.527866, 27.46276 ], [ 88.527159, 27.462398 ], [ 88.52685, 27.46213 ], [ 88.526743, 27.461954 ], [ 88.526609, 27.4614377 ], [ 88.5265593, 27.4613874 ], [ 88.526507, 27.4613493 ], [ 88.526397, 27.461329 ], [ 88.5263193, 27.4613517 ], [ 88.526246, 27.461423 ], [ 88.52622, 27.4614862 ], [ 88.526224, 27.461537 ], [ 88.5263144, 27.4619926 ], [ 88.5263045, 27.4620681 ], [ 88.5262763, 27.4621395 ], [ 88.5262442, 27.4621906 ], [ 88.526191, 27.462234 ], [ 88.52582, 27.46229 ], [ 88.525385, 27.462185 ], [ 88.5251732, 27.4620284 ], [ 88.5250874, 27.4617999 ], [ 88.525067, 27.4613149 ], [ 88.5250324, 27.46108 ], [ 88.5250394, 27.460789 ], [ 88.5249722, 27.4606838 ], [ 88.5249073, 27.4605387 ], [ 88.5249171, 27.4604098 ], [ 88.5250275, 27.4601554 ], [ 88.5250977, 27.4600355 ], [ 88.5251158, 27.4599316 ], [ 88.5250882, 27.4598164 ], [ 88.5250368, 27.4597089 ], [ 88.524743, 27.458968 ], [ 88.524618, 27.458401 ], [ 88.524667, 27.457382 ], [ 88.524344, 27.456995 ], [ 88.5242048, 27.4566091 ], [ 88.5241279, 27.4564798 ], [ 88.524058, 27.456432 ], [ 88.523966, 27.456436 ], [ 88.5239401, 27.4565369 ], [ 88.52395, 27.4566685 ], [ 88.52423, 27.457424 ], [ 88.524272, 27.45773 ], [ 88.524116, 27.458495 ], [ 88.524153, 27.458746 ], [ 88.524286, 27.459069 ], [ 88.52421, 27.459832 ], [ 88.524263, 27.461082 ], [ 88.524222, 27.46144 ], [ 88.5241488, 27.4617397 ], [ 88.5239909, 27.4619297 ], [ 88.5238912, 27.4620529 ], [ 88.5238107, 27.4623736 ], [ 88.5237831, 27.4626264 ], [ 88.523792, 27.4626904 ], [ 88.5237926, 27.462719 ], [ 88.5238019, 27.4627337 ], [ 88.5238266, 27.4627497 ], [ 88.5238539, 27.4627636 ], [ 88.5238915, 27.4627712 ], [ 88.5239167, 27.4627771 ], [ 88.5239405, 27.4627775 ], [ 88.5239798, 27.4627579 ], [ 88.524134, 27.4625284 ], [ 88.5242074, 27.4624787 ], [ 88.5242669, 27.4624762 ], [ 88.5243237, 27.462506 ], [ 88.5243505, 27.4625256 ], [ 88.5243653, 27.4625459 ], [ 88.5243979, 27.4626099 ], [ 88.524494, 27.463 ], [ 88.524974, 27.463542 ], [ 88.525276, 27.463635 ], [ 88.525535, 27.463605 ], [ 88.5256675, 27.4636305 ], [ 88.5257506, 27.4636948 ], [ 88.5257821, 27.4637604 ], [ 88.525946, 27.464198 ], [ 88.526072, 27.464396 ], [ 88.5263954, 27.4647239 ], [ 88.5264778, 27.4649441 ], [ 88.5264927, 27.4652417 ], [ 88.5265418, 27.4654272 ], [ 88.526596, 27.4655216 ], [ 88.5266304, 27.4655755 ], [ 88.5266425, 27.4656124 ], [ 88.5266314, 27.4656643 ], [ 88.5266143, 27.4656808 ], [ 88.5265975, 27.4656969 ], [ 88.526562, 27.4657129 ], [ 88.526476, 27.465702 ], [ 88.526387, 27.465653 ], [ 88.5262938, 27.4655737 ], [ 88.5262347, 27.4654965 ], [ 88.5260507, 27.4650195 ], [ 88.525887, 27.4648095 ], [ 88.525813, 27.464737 ], [ 88.5256561, 27.464491 ], [ 88.5255495, 27.4643469 ], [ 88.5254163, 27.4642788 ], [ 88.525056, 27.4642 ], [ 88.5245968, 27.4641507 ], [ 88.5245219, 27.4641567 ], [ 88.5244437, 27.4641738 ], [ 88.5244052, 27.4642051 ], [ 88.5243747, 27.464274 ], [ 88.5243721, 27.4643143 ], [ 88.524434, 27.4643803 ], [ 88.524532, 27.4644595 ], [ 88.5250082, 27.4646577 ], [ 88.5251223, 27.4647741 ], [ 88.5251866, 27.4649357 ], [ 88.5252065, 27.4652418 ], [ 88.525264, 27.4655647 ], [ 88.5252308, 27.4656503 ], [ 88.5250693, 27.4658409 ], [ 88.5250298, 27.4658724 ], [ 88.52501, 27.4658923 ], [ 88.52497, 27.465914 ], [ 88.5246291, 27.4659474 ], [ 88.5245723, 27.4659609 ], [ 88.5244759, 27.4660182 ], [ 88.5244457, 27.4660414 ], [ 88.524435, 27.4660512 ], [ 88.5244313, 27.4660696 ], [ 88.5244327, 27.4660866 ], [ 88.5244586, 27.4661798 ], [ 88.524485, 27.4662725 ], [ 88.5245401, 27.4667707 ], [ 88.5244451, 27.4674342 ], [ 88.5244805, 27.4675642 ], [ 88.524661, 27.467748 ], [ 88.5247916, 27.4685621 ], [ 88.5249398, 27.4688775 ], [ 88.524921, 27.469344 ], [ 88.525029, 27.469573 ], [ 88.525142, 27.469636 ], [ 88.525336, 27.469645 ], [ 88.525682, 27.469579 ], [ 88.52643, 27.469983 ], [ 88.526854, 27.470336 ], [ 88.527137, 27.470434 ], [ 88.527277, 27.470638 ], [ 88.527343, 27.471372 ], [ 88.527537, 27.471767 ], [ 88.527499, 27.471958 ], [ 88.5272, 27.472267 ], [ 88.526779, 27.472868 ], [ 88.526734, 27.473141 ], [ 88.526837, 27.473541 ], [ 88.526791, 27.473961 ], [ 88.526715, 27.474124 ], [ 88.526996, 27.475112 ], [ 88.526904, 27.475741 ], [ 88.526954, 27.47604 ], [ 88.527127, 27.476124 ], [ 88.5279435, 27.4759409 ], [ 88.5281206, 27.4758308 ], [ 88.5282512, 27.4757958 ], [ 88.5283183, 27.4758226 ], [ 88.52835, 27.475879 ], [ 88.5283515, 27.4759474 ], [ 88.528297, 27.47602 ], [ 88.528058, 27.476094 ], [ 88.527522, 27.476375 ] ] } },
{ "type": "Feature", "properties": { "asset_name": "North Sikkim Highway", "asset_type": "road", "osm_id": 83702523 }, "geometry": { "type": "LineString", "coordinates": [ [ 88.527145, 27.4782145 ], [ 88.5273443, 27.4784163 ], [ 88.5272813, 27.4786614 ], [ 88.5271782, 27.4788096 ], [ 88.5270054, 27.4789356 ], [ 88.5269641, 27.4789622 ], [ 88.5268848, 27.4790326 ], [ 88.5265947, 27.4791518 ], [ 88.5263446, 27.4792545 ], [ 88.5262919, 27.4793774 ], [ 88.526267, 27.4794856 ], [ 88.5264948, 27.4798116 ], [ 88.5266875, 27.4800817 ], [ 88.5269666, 27.4804719 ], [ 88.5270656, 27.4805855 ], [ 88.5272365, 27.4807814 ], [ 88.5272914, 27.4809391 ], [ 88.5272836, 27.4810544 ], [ 88.5272919, 27.4812203 ], [ 88.5272782, 27.4813499 ], [ 88.5272804, 27.4814772 ], [ 88.5272847, 27.4815805 ], [ 88.5272904, 27.4816963 ], [ 88.5272741, 27.4819928 ], [ 88.5271896, 27.4820747 ], [ 88.5271194, 27.4821995 ], [ 88.5271105, 27.4823129 ], [ 88.5270827, 27.4824206 ], [ 88.5269808, 27.482717 ], [ 88.526929, 27.4828918 ], [ 88.5268384, 27.4832891 ], [ 88.5268417, 27.4834542 ], [ 88.5269261, 27.4834691 ], [ 88.5270117, 27.483348 ], [ 88.5270569, 27.483232 ], [ 88.5270791, 27.4831534 ], [ 88.5271341, 27.4829978 ], [ 88.5272894, 27.4828753 ], [ 88.5273445, 27.4828654 ], [ 88.5276296, 27.4827673 ], [ 88.5276784, 27.4826114 ], [ 88.5276731, 27.4825532 ], [ 88.5276569, 27.4823137 ], [ 88.5275574, 27.4822052 ], [ 88.5275262, 27.4820379 ], [ 88.5276091, 27.4818987 ], [ 88.5277273, 27.4817556 ], [ 88.527969, 27.481401 ], [ 88.5280014, 27.481335 ], [ 88.5280508, 27.4811073 ], [ 88.5280614, 27.4808901 ], [ 88.528107, 27.4807547 ], [ 88.5280948, 27.4803789 ], [ 88.5280239, 27.4802513 ], [ 88.527842, 27.4798415 ], [ 88.5278262, 27.4797749 ], [ 88.5278236, 27.4795938 ], [ 88.5280062, 27.4794115 ], [ 88.528087, 27.4793875 ], [ 88.5283572, 27.4793447 ], [ 88.5284911, 27.4793396 ], [ 88.5286867, 27.4791985 ], [ 88.5287279, 27.4791529 ], [ 88.5287977, 27.4791519 ], [ 88.5288435, 27.4792168 ], [ 88.5288137, 27.479298 ], [ 88.5287199, 27.4793813 ], [ 88.5285792, 27.4794432 ], [ 88.5283538, 27.479433 ], [ 88.5280385, 27.4795396 ], [ 88.528033, 27.4797576 ], [ 88.5281629, 27.4799914 ], [ 88.528216, 27.4800619 ], [ 88.5285232, 27.4804782 ], [ 88.5285829, 27.4806269 ], [ 88.5285722, 27.4809245 ], [ 88.5284596, 27.4810809 ], [ 88.5284547, 27.4814248 ], [ 88.5284039, 27.4815695 ], [ 88.5283859, 27.4816487 ], [ 88.5283579, 27.4817248 ], [ 88.5283271, 27.48206 ], [ 88.5283334, 27.4822231 ], [ 88.5283288, 27.4823621 ], [ 88.5284816, 27.4824979 ], [ 88.5286184, 27.4826775 ], [ 88.5287216, 27.4827727 ], [ 88.5288343, 27.4828489 ], [ 88.5289228, 27.4828025 ], [ 88.5289282, 27.4827109 ], [ 88.5288195, 27.4825943 ], [ 88.5286036, 27.4823908 ], [ 88.5285331, 27.4820921 ], [ 88.5286725, 27.4816925 ], [ 88.5287211, 27.4816307 ], [ 88.5289085, 27.4812933 ], [ 88.5289955, 27.4811332 ], [ 88.5290853, 27.4808558 ], [ 88.529104, 27.4807719 ], [ 88.5290453, 27.4803882 ], [ 88.5289784, 27.4802591 ], [ 88.5289272, 27.4801321 ], [ 88.5289175, 27.4799007 ], [ 88.5290566, 27.4796122 ], [ 88.5291763, 27.4794974 ], [ 88.5292734, 27.4794141 ], [ 88.5293738, 27.4793883 ], [ 88.5294288, 27.4794514 ], [ 88.5294369, 27.4795275 ], [ 88.5293317, 27.4795878 ], [ 88.5291666, 27.4796883 ], [ 88.5290766, 27.4798641 ], [ 88.5290896, 27.4800105 ], [ 88.5291462, 27.4801698 ], [ 88.5292223, 27.4803507 ], [ 88.5292935, 27.4804828 ], [ 88.5293287, 27.4806026 ], [ 88.5293642, 27.4809538 ], [ 88.529364, 27.4811649 ], [ 88.5292504, 27.481417 ], [ 88.5290952, 27.4815262 ], [ 88.5290068, 27.481546 ], [ 88.528957, 27.4816472 ], [ 88.5289074, 27.4818935 ], [ 88.528925, 27.4821398 ], [ 88.5289728, 27.4822546 ], [ 88.529113, 27.4824245 ], [ 88.5294698, 27.4827451 ], [ 88.5295521, 27.4828188 ], [ 88.5296278, 27.4828618 ], [ 88.5297528, 27.4828584 ], [ 88.5297905, 27.4828334 ], [ 88.529812, 27.4827748 ], [ 88.5296986, 27.4826698 ], [ 88.5294753, 27.482565 ], [ 88.5293199, 27.482432 ], [ 88.5292021, 27.482115 ], [ 88.5291903, 27.4820635 ], [ 88.5292112, 27.481931 ], [ 88.5293025, 27.4818477 ], [ 88.529345, 27.4817988 ], [ 88.5296126, 27.4816187 ], [ 88.5296678, 27.4815234 ], [ 88.5297422, 27.4813261 ], [ 88.5298236, 27.4811202 ], [ 88.5298525, 27.4810471 ], [ 88.5298939, 27.4807376 ], [ 88.529839, 27.4804061 ], [ 88.5298081, 27.4802967 ], [ 88.5298462, 27.4802177 ], [ 88.5299322, 27.4801888 ], [ 88.5301013, 27.480214 ], [ 88.5303006, 27.4802607 ], [ 88.5304022, 27.4802717 ], [ 88.5306243, 27.4802377 ], [ 88.5308808, 27.4802393 ], [ 88.5311573, 27.4802319 ], [ 88.5312724, 27.4802495 ], [ 88.5313035, 27.4802974 ], [ 88.5313088, 27.4803461 ], [ 88.5312687, 27.4804048 ], [ 88.5311492, 27.4804149 ], [ 88.5308661, 27.4803508 ], [ 88.5306761, 27.4803409 ], [ 88.5304745, 27.4803981 ], [ 88.530356, 27.480403 ], [ 88.5301891, 27.4804246 ], [ 88.5301243, 27.4804763 ], [ 88.5301252, 27.4806279 ], [ 88.530165, 27.4807785 ], [ 88.5301865, 27.480948 ], [ 88.5302003, 27.4811503 ], [ 88.5301685, 27.4812418 ], [ 88.530065, 27.4814318 ], [ 88.5300282, 27.4816336 ], [ 88.5299512, 27.4819324 ], [ 88.52996, 27.4819899 ], [ 88.5300083, 27.4820354 ], [ 88.5301303, 27.4820425 ], [ 88.5302432, 27.482038 ], [ 88.5304324, 27.482048 ], [ 88.5306787, 27.4822174 ], [ 88.5307656, 27.4824102 ], [ 88.5308665, 27.482602 ], [ 88.5310697, 27.4827214 ], [ 88.5313526, 27.4827235 ], [ 88.5315584, 27.4827031 ], [ 88.5317595, 27.4826895 ], [ 88.5318131, 27.4825711 ], [ 88.5317089, 27.4824749 ], [ 88.5315106, 27.4825027 ], [ 88.5314355, 27.4825228 ], [ 88.5311675, 27.4824795 ], [ 88.5311039, 27.4823572 ], [ 88.5310636, 27.4822469 ], [ 88.5307888, 27.4818521 ], [ 88.5305233, 27.4817097 ], [ 88.5303979, 27.4815809 ], [ 88.5304585, 27.481428 ], [ 88.5305566, 27.4811199 ], [ 88.5305806, 27.481025 ], [ 88.5306027, 27.4809252 ], [ 88.530642, 27.4808139 ], [ 88.5306888, 27.4807375 ], [ 88.5307373, 27.4807203 ], [ 88.5307795, 27.4807268 ], [ 88.5308399, 27.4807951 ], [ 88.5308633, 27.4808879 ], [ 88.5307952, 27.4810236 ], [ 88.5305748, 27.4813415 ], [ 88.5306037, 27.4816166 ], [ 88.5306648, 27.4816695 ], [ 88.5310246, 27.4819086 ], [ 88.5310264, 27.4819505 ], [ 88.5310571, 27.4820262 ], [ 88.5311762, 27.4821722 ] ] } },
{ "type": "Feature", "properties": { "asset_name": "North Sikkim Highway", "asset_type": "road", "osm_id": 83703203 }, "geometry": { "type": "LineString", "coordinates": [ [ 88.5294251, 27.4932212 ], [ 88.5297771, 27.4938112 ], [ 88.5297651, 27.4939732 ], [ 88.5294382, 27.4942967 ], [ 88.5294279, 27.4943548 ], [ 88.5294451, 27.4944192 ], [ 88.5298091, 27.4948452 ], [ 88.5298411, 27.4950732 ], [ 88.5297451, 27.4956412 ], [ 88.5297651, 27.4958332 ], [ 88.5302531, 27.4962492 ], [ 88.5307701, 27.4965252 ], [ 88.5309901, 27.4965662 ], [ 88.5312317, 27.4964687 ], [ 88.5313863, 27.4964505 ], [ 88.5315696, 27.4964949 ], [ 88.5317851, 27.4965632 ], [ 88.5321121, 27.4966192 ], [ 88.5326771, 27.4965572 ], [ 88.5328661, 27.4966542 ], [ 88.5331811, 27.4968223 ], [ 88.5333627, 27.4974716 ], [ 88.5335062, 27.4981226 ], [ 88.5338288, 27.498929 ], [ 88.5338607, 27.4990054 ], [ 88.5338482, 27.4990611 ], [ 88.5336964, 27.499259 ], [ 88.5336628, 27.4993415 ], [ 88.5336436, 27.4994473 ], [ 88.5338011, 27.4996531 ], [ 88.5338453, 27.4997519 ], [ 88.5338544, 27.49984 ], [ 88.5338352, 27.4999326 ], [ 88.5337564, 27.5000817 ], [ 88.533721, 27.5001131 ], [ 88.5336833, 27.5001731 ], [ 88.5337438, 27.5002518 ], [ 88.5338581, 27.500328 ], [ 88.5340675, 27.5004026 ], [ 88.5343372, 27.5004486 ], [ 88.5344865, 27.5004974 ], [ 88.5347025, 27.5007227 ], [ 88.5347941, 27.5008717 ], [ 88.5349115, 27.5010639 ], [ 88.5350403, 27.5012707 ], [ 88.5350727, 27.5014481 ], [ 88.5350747, 27.5014604 ], [ 88.5351201, 27.501605 ], [ 88.5351659, 27.5017011 ], [ 88.5352461, 27.5017976 ], [ 88.5353226, 27.5018455 ], [ 88.5354172, 27.5019257 ], [ 88.5354601, 27.5020465 ], [ 88.5355341, 27.5021862 ], [ 88.53562, 27.5024242 ], [ 88.5356205, 27.5026117 ], [ 88.5356624, 27.5026818 ], [ 88.5357512, 27.5027103 ], [ 88.5358768, 27.5027461 ], [ 88.5360169, 27.5027618 ] ] } },
{ "type": "Feature", "properties": { "asset_name": "OSM Way 266907781", "asset_type": "road", "osm_id": 266907781 }, "geometry": { "type": "LineString", "coordinates": [ [ 88.526635, 27.5087601 ], [ 88.5266787, 27.5086449 ], [ 88.5267156, 27.508547 ], [ 88.5268941, 27.5085481 ], [ 88.5269735, 27.5085294 ], [ 88.5270828, 27.5085338 ], [ 88.5272537, 27.5085709 ], [ 88.5274195, 27.5086339 ], [ 88.5277011, 27.5088327 ], [ 88.5281802, 27.5090598 ], [ 88.5286335, 27.5093167 ], [ 88.5290224, 27.5095808 ], [ 88.5293765, 27.5100042 ], [ 88.5297042, 27.5102816 ], [ 88.5298298, 27.5104206 ], [ 88.5298786, 27.5105029 ], [ 88.5299572, 27.5107668 ], [ 88.5299172, 27.5109059 ], [ 88.5298839, 27.5109915 ], [ 88.5298911, 27.5110466 ], [ 88.5299457, 27.5110759 ], [ 88.5300225, 27.5110746 ], [ 88.5300527, 27.5110662 ], [ 88.530074, 27.5110559 ], [ 88.5300937, 27.5110393 ], [ 88.5301122, 27.5110066 ], [ 88.5301149, 27.5109706 ], [ 88.530098, 27.5107869 ], [ 88.5300837, 27.5104696 ], [ 88.5300623, 27.510378 ], [ 88.5299979, 27.5102519 ], [ 88.5299263, 27.5101565 ], [ 88.5297096, 27.5099034 ], [ 88.5296506, 27.5098154 ], [ 88.5295165, 27.5095156 ], [ 88.5294381, 27.5093667 ], [ 88.5293837, 27.5092896 ], [ 88.5292214, 27.5091278 ], [ 88.5291302, 27.5090589 ], [ 88.528773, 27.5088885 ], [ 88.5284028, 27.5085674 ], [ 88.5280235, 27.5080862 ], [ 88.5279809, 27.5080258 ], [ 88.5279725, 27.5079922 ], [ 88.5279688, 27.507961 ], [ 88.5279725, 27.5079253 ], [ 88.5279834, 27.5078902 ], [ 88.5280097, 27.507864 ], [ 88.5280627, 27.5078444 ], [ 88.5282947, 27.507748 ], [ 88.5284476, 27.5077064 ], [ 88.5285187, 27.5076972 ], [ 88.5286126, 27.5077112 ], [ 88.5288003, 27.5077742 ], [ 88.5288583, 27.5077926 ], [ 88.5289284, 27.5078013 ], [ 88.5289747, 27.5077974 ], [ 88.5290052, 27.507787 ], [ 88.529034, 27.5077715 ], [ 88.5290608, 27.5077442 ], [ 88.5290927, 27.5076683 ], [ 88.5291135, 27.5075756 ], [ 88.5291155, 27.5075048 ], [ 88.5291, 27.5074233 ], [ 88.5290305, 27.5072494 ], [ 88.528752, 27.5068452 ], [ 88.5286421, 27.5066418 ], [ 88.5286206, 27.5065359 ], [ 88.5286321, 27.5064453 ], [ 88.5288896, 27.505979 ], [ 88.5289183, 27.5058258 ], [ 88.5289277, 27.5056545 ], [ 88.5289191, 27.505527 ], [ 88.5288875, 27.5054285 ], [ 88.5288352, 27.5052834 ], [ 88.5286321, 27.5047586 ], [ 88.5284498, 27.5043636 ], [ 88.5281834, 27.5037656 ], [ 88.528174, 27.5036847 ], [ 88.5281896, 27.5035571 ], [ 88.5283121, 27.5033421 ], [ 88.5285544, 27.5029743 ], [ 88.5286751, 27.5027649 ], [ 88.5286642, 27.5026664 ], [ 88.5286407, 27.502579 ], [ 88.5286065, 27.5025165 ], [ 88.5285737, 27.5024797 ], [ 88.5284697, 27.5024297 ], [ 88.5284608, 27.5024232 ], [ 88.5284541, 27.5024111 ], [ 88.5284498, 27.5023938 ], [ 88.5284473, 27.5022861 ], [ 88.5284556, 27.5022406 ], [ 88.5285093, 27.5021394 ], [ 88.5285207, 27.5020663 ], [ 88.528518, 27.5020223 ], [ 88.5284986, 27.5019557 ], [ 88.5284711, 27.5019045 ], [ 88.528313, 27.50173 ], [ 88.5282082, 27.5016321 ], [ 88.5281686, 27.5015625 ], [ 88.5281574, 27.5015016 ], [ 88.5281646, 27.5012485 ], [ 88.5281767, 27.5011604 ], [ 88.5281995, 27.5010986 ], [ 88.5282942, 27.5009758 ], [ 88.5284471, 27.5007403 ], [ 88.5286187, 27.5001003 ], [ 88.528626, 27.4997496 ], [ 88.5286456, 27.4994032 ], [ 88.5286447, 27.4992785 ], [ 88.5286206, 27.4992 ], [ 88.5285785, 27.4991415 ], [ 88.5284516, 27.4990311 ], [ 88.5282727, 27.4989274 ], [ 88.5280018, 27.4988227 ], [ 88.5277556, 27.4987337 ], [ 88.5276926, 27.498704 ], [ 88.5276134, 27.4986374 ], [ 88.5274565, 27.4984649 ], [ 88.5271864, 27.4982374 ], [ 88.5268027, 27.497873 ], [ 88.5267883, 27.4978513 ], [ 88.5267773, 27.4978207 ], [ 88.5267719, 27.4977701 ], [ 88.5267813, 27.4976649 ], [ 88.5268249, 27.497509 ], [ 88.5268316, 27.4974656 ], [ 88.5268289, 27.4974359 ], [ 88.5268168, 27.4973978 ], [ 88.5267773, 27.4973246 ], [ 88.5267296, 27.4972705 ], [ 88.5266592, 27.4971801 ], [ 88.5266156, 27.4971426 ], [ 88.5264818, 27.4970357 ], [ 88.5264781, 27.4970315 ], [ 88.5264753, 27.4970244 ], [ 88.526448, 27.4969136 ], [ 88.5264435, 27.4968313 ], [ 88.5264514, 27.4967477 ], [ 88.5264862, 27.4966138 ], [ 88.5266398, 27.4963343 ], [ 88.5266545, 27.4962599 ], [ 88.5266545, 27.4961582 ], [ 88.5266458, 27.4960803 ], [ 88.5266203, 27.4960232 ], [ 88.5265687, 27.4959667 ], [ 88.5262906, 27.4957773 ], [ 88.526224, 27.4956996 ], [ 88.5261758, 27.4956253 ], [ 88.526155, 27.495583 ], [ 88.5261443, 27.495539 ], [ 88.5261443, 27.4954825 ], [ 88.5261536, 27.4954504 ], [ 88.5262737, 27.4951482 ], [ 88.5263032, 27.49499 ], [ 88.5263206, 27.4948449 ], [ 88.5263166, 27.494733 ], [ 88.5262804, 27.4946177 ], [ 88.5261127, 27.4942858 ], [ 88.5260658, 27.4941942 ], [ 88.5259875, 27.4940857 ], [ 88.5259484, 27.4939949 ], [ 88.5259411, 27.4939092 ], [ 88.5259585, 27.4937468 ], [ 88.5259491, 27.493688 ], [ 88.5259293, 27.4936469 ], [ 88.5258975, 27.493613 ], [ 88.5254998, 27.493403 ], [ 88.5254576, 27.4933644 ], [ 88.5254221, 27.4933067 ], [ 88.5253865, 27.4932085 ], [ 88.5253724, 27.4930354 ], [ 88.5253572, 27.4929959 ], [ 88.5253342, 27.4929664 ], [ 88.5252397, 27.4928927 ], [ 88.5252098, 27.4928567 ], [ 88.5251978, 27.4928293 ], [ 88.5251897, 27.4927933 ], [ 88.5251823, 27.492716 ], [ 88.5251854, 27.4926687 ], [ 88.5251989, 27.4926176 ], [ 88.5252177, 27.4925707 ], [ 88.5254323, 27.4923131 ], [ 88.5255905, 27.4921275 ], [ 88.5258821, 27.4916852 ], [ 88.5261463, 27.4914246 ], [ 88.5263228, 27.4913042 ], [ 88.5267122, 27.4910951 ], [ 88.5268892, 27.4909595 ], [ 88.5270502, 27.4907418 ], [ 88.5270998, 27.4906228 ], [ 88.5272294, 27.4901693 ], [ 88.5273018, 27.4896934 ], [ 88.5273197, 27.4894355 ], [ 88.5273425, 27.4893689 ], [ 88.5273787, 27.489313 ], [ 88.5274445, 27.4892374 ], [ 88.5275276, 27.4891405 ], [ 88.5275893, 27.4890863 ], [ 88.5277019, 27.4889483 ], [ 88.5277274, 27.4889245 ], [ 88.5277911, 27.4888882 ], [ 88.5278179, 27.4888811 ], [ 88.5278454, 27.4888817 ], [ 88.5278659, 27.4888875 ], [ 88.5278833, 27.4888979 ], [ 88.527892, 27.4889105 ], [ 88.5278947, 27.4889245 ], [ 88.5278939, 27.488945 ], [ 88.527883, 27.4889715 ], [ 88.5278686, 27.4889932 ], [ 88.5277229, 27.4891652 ], [ 88.527545, 27.4894807 ], [ 88.5275356, 27.4895366 ], [ 88.5275424, 27.4895997 ], [ 88.5275705, 27.4897377 ], [ 88.527578, 27.4897981 ], [ 88.5275485, 27.4900242 ], [ 88.5275236, 27.4901327 ], [ 88.5275219, 27.4901597 ], [ 88.5275256, 27.4901838 ], [ 88.5275356, 27.4902064 ], [ 88.52759, 27.490257 ], [ 88.5276134, 27.490298 ], [ 88.5276409, 27.4903872 ], [ 88.5276456, 27.4904259 ], [ 88.5276429, 27.4904681 ], [ 88.5275914, 27.490688 ], [ 88.5273742, 27.4912567 ], [ 88.5273278, 27.4913283 ], [ 88.5272728, 27.4913735 ], [ 88.5272079, 27.4914066 ], [ 88.5269402, 27.4915008 ], [ 88.526853, 27.4915472 ], [ 88.5266224, 27.4918077 ], [ 88.5263877, 27.4921372 ], [ 88.526338, 27.4922479 ], [ 88.5263273, 27.4923704 ], [ 88.5263608, 27.4925988 ], [ 88.5264038, 27.4927809 ], [ 88.5264649, 27.4928841 ], [ 88.5269182, 27.4932434 ], [ 88.5273115, 27.4935606 ], [ 88.5274493, 27.4936717 ], [ 88.5277229, 27.4939881 ], [ 88.5277643, 27.4940562 ], [ 88.5277884, 27.4941382 ], [ 88.5277958, 27.4942221 ], [ 88.5277811, 27.4942965 ], [ 88.5277241, 27.4944922 ], [ 88.527653, 27.4947033 ], [ 88.5276476, 27.4947467 ], [ 88.5276531, 27.4947899 ], [ 88.5276637, 27.4948318 ], [ 88.5277529, 27.4949674 ], [ 88.5278382, 27.4950683 ], [ 88.5281512, 27.4953314 ], [ 88.5282129, 27.4954076 ], [ 88.5282478, 27.4954849 ], [ 88.5282727, 27.4955798 ], [ 88.5282773, 27.4957002 ], [ 88.5282459, 27.4958392 ], [ 88.5281405, 27.4960761 ], [ 88.5280855, 27.4961713 ], [ 88.5280439, 27.4962427 ], [ 88.5280233, 27.4964078 ], [ 88.5280311, 27.4965145 ], [ 88.5280346, 27.4965966 ], [ 88.5280419, 27.4966572 ], [ 88.5280909, 27.4967661 ], [ 88.5281707, 27.4968399 ], [ 88.5281894, 27.4968851 ], [ 88.528288, 27.4969255 ], [ 88.5283396, 27.4969713 ], [ 88.5283792, 27.4969915 ], [ 88.5284221, 27.4969981 ], [ 88.5286052, 27.4969802 ], [ 88.5286716, 27.496988 ], [ 88.5287279, 27.4970046 ], [ 88.5287835, 27.4970409 ], [ 88.5288332, 27.4970933 ], [ 88.5288868, 27.4972253 ], [ 88.5289264, 27.4972759 ], [ 88.5289747, 27.4973104 ], [ 88.5289923, 27.4973203 ], [ 88.5290223, 27.4973288 ], [ 88.5290484, 27.4973264 ], [ 88.5290699, 27.4973169 ], [ 88.5290927, 27.4972907 ], [ 88.5291015, 27.4972691 ], [ 88.5291031, 27.4972515 ], [ 88.5290977, 27.497217 ], [ 88.5290645, 27.4971587 ], [ 88.5289594, 27.4970264 ], [ 88.5289411, 27.4969933 ], [ 88.5288989, 27.4968797 ], [ 88.5288647, 27.4968488 ], [ 88.5288063, 27.4968309 ], [ 88.5287192, 27.4968191 ], [ 88.5285663, 27.4968268 ], [ 88.5285118, 27.4968121 ], [ 88.5284773, 27.4967869 ], [ 88.5283946, 27.4967477 ], [ 88.5283711, 27.4966608 ], [ 88.5283953, 27.4964723 ], [ 88.5284758, 27.4961309 ], [ 88.5286616, 27.4958249 ], [ 88.5288038, 27.4955251 ], [ 88.5288333, 27.4953371 ], [ 88.5287421, 27.4951444 ], [ 88.5285428, 27.4949662 ], [ 88.5284972, 27.4948794 ], [ 88.5284798, 27.4947854 ], [ 88.528498, 27.4946472 ], [ 88.5286099, 27.4944202 ], [ 88.5287158, 27.4942245 ], [ 88.5287359, 27.494209 ], [ 88.5287459, 27.4942034 ], [ 88.5287593, 27.4942005 ], [ 88.5287671, 27.4942027 ], [ 88.5287782, 27.494212 ], [ 88.5287839, 27.494223 ], [ 88.5287879, 27.4942429 ], [ 88.5287869, 27.4942855 ], [ 88.528785, 27.4943022 ], [ 88.5287394, 27.4944616 ], [ 88.5286858, 27.4947019 ], [ 88.5287703, 27.4948803 ], [ 88.5290117, 27.4951373 ], [ 88.5290573, 27.4953752 ], [ 88.5290819, 27.4955146 ], [ 88.5291047, 27.4955581 ], [ 88.5291225, 27.4955747 ], [ 88.5291517, 27.4955857 ], [ 88.5291064, 27.4957981 ], [ 88.529039, 27.495956 ], [ 88.5289653, 27.496138 ], [ 88.528972, 27.4962582 ], [ 88.5290444, 27.49632 ], [ 88.529263, 27.4964425 ], [ 88.5297163, 27.4969339 ], [ 88.5299322, 27.4971278 ], [ 88.5300529, 27.4971801 ] ] } },
{ "type": "Feature", "properties": { "asset_name": "North Sikkim Highway", "asset_type": "road", "osm_id": 461631687 }, "geometry": { "type": "LineString", "coordinates": [ [ 88.5266316, 27.4768457 ], [ 88.5267015, 27.4775632 ], [ 88.527145, 27.4782145 ] ] } },
{ "type": "Feature", "properties": { "asset_name": "North Sikkim Highway", "asset_type": "road", "osm_id": 461631688 }, "geometry": { "type": "LineString", "coordinates": [ [ 88.527522, 27.476375 ], [ 88.5270732, 27.4765693 ], [ 88.5267503, 27.4767157 ], [ 88.5266316, 27.4768457 ] ] } },
{ "type": "Feature", "properties": { "asset_name": "OSM Way 461631689", "asset_type": "road", "osm_id": 461631689 }, "geometry": { "type": "LineString", "coordinates": [ [ 88.526416, 27.5094289 ], [ 88.526635, 27.5087601 ] ] } },
{ "type": "Feature", "properties": { "asset_name": "OSM Way 461631690", "asset_type": "road", "osm_id": 461631690 }, "geometry": { "type": "LineString", "coordinates": [ [ 88.5074994, 27.5331619 ], [ 88.5079214, 27.5330985 ], [ 88.5082433, 27.5329617 ], [ 88.5084874, 27.5327088 ], [ 88.5089327, 27.5325732 ], [ 88.5094557, 27.5325875 ], [ 88.5101987, 27.5326375 ], [ 88.510896, 27.5324829 ], [ 88.51147, 27.532647 ], [ 88.5118858, 27.532792 ], [ 88.5121889, 27.5328039 ], [ 88.5125805, 27.5325899 ], [ 88.5127628, 27.5324471 ], [ 88.5129962, 27.5321689 ], [ 88.5132403, 27.5317384 ], [ 88.5133207, 27.531453 ], [ 88.5132725, 27.5310891 ], [ 88.513066, 27.5307656 ], [ 88.512838, 27.5302352 ], [ 88.5128246, 27.5300401 ], [ 88.5128497, 27.5299164 ], [ 88.5129263, 27.5298 ], [ 88.5128908, 27.5296976 ], [ 88.5127916, 27.5295959 ], [ 88.5127022, 27.5293551 ], [ 88.5126654, 27.5291791 ], [ 88.5126823, 27.5290084 ], [ 88.512733, 27.52885 ], [ 88.5128148, 27.5287509 ], [ 88.5128245, 27.5285465 ], [ 88.5129072, 27.5283904 ], [ 88.5130031, 27.5283241 ], [ 88.5131499, 27.5282898 ], [ 88.5135002, 27.5282884 ], [ 88.513867, 27.5282898 ], [ 88.5140202, 27.5282506 ], [ 88.5140967, 27.5281961 ], [ 88.5142469, 27.5280542 ], [ 88.5144291, 27.5277916 ], [ 88.5145999, 27.5274366 ], [ 88.5147537, 27.5272858 ], [ 88.5150666, 27.5272073 ], [ 88.5151354, 27.5270641 ], [ 88.5151984, 27.5269649 ], [ 88.5153029, 27.5268767 ], [ 88.5157376, 27.5266446 ], [ 88.5159028, 27.5265957 ], [ 88.5160722, 27.5266339 ], [ 88.5163197, 27.5267531 ], [ 88.5165138, 27.5268383 ], [ 88.5170677, 27.5270795 ], [ 88.5174525, 27.5271066 ], [ 88.5178007, 27.5271084 ], [ 88.5183016, 27.5270741 ], [ 88.5184158, 27.5270468 ], [ 88.5184921, 27.5269956 ], [ 88.5185752, 27.5267435 ], [ 88.5186329, 27.526672 ], [ 88.518727, 27.5265997 ], [ 88.5189613, 27.5265064 ], [ 88.5191156, 27.5264086 ], [ 88.5191758, 27.5263716 ], [ 88.519233, 27.5263646 ], [ 88.5192677, 27.5263703 ], [ 88.5193022, 27.5263977 ], [ 88.5193066, 27.5264452 ], [ 88.5192994, 27.5264747 ], [ 88.5192163, 27.5266056 ], [ 88.5190845, 27.5266783 ], [ 88.5189561, 27.5267214 ], [ 88.5188983, 27.5267804 ], [ 88.5188987, 27.5268149 ], [ 88.5189231, 27.5268532 ], [ 88.5189653, 27.5268553 ], [ 88.5190585, 27.5268468 ], [ 88.5192484, 27.5267506 ], [ 88.5196642, 27.5264224 ], [ 88.5199047, 27.5262074 ], [ 88.5205064, 27.5259847 ], [ 88.5210507, 27.5258671 ], [ 88.5214639, 27.5256803 ], [ 88.521818, 27.5255637 ], [ 88.5220782, 27.5254519 ], [ 88.5223357, 27.5252307 ], [ 88.522597, 27.5250626 ], [ 88.5230116, 27.5248906 ], [ 88.5232579, 27.5247762 ], [ 88.5233834, 27.5247319 ], [ 88.5234944, 27.5246908 ], [ 88.5237277, 27.5245719 ], [ 88.5239937, 27.5245211 ], [ 88.5243387, 27.5245328 ], [ 88.5245579, 27.5245378 ], [ 88.5246768, 27.5245041 ], [ 88.5248626, 27.5243803 ], [ 88.5250357, 27.5242271 ], [ 88.5251222, 27.5241421 ], [ 88.5253183, 27.5240129 ], [ 88.5254549, 27.523929 ], [ 88.5260773, 27.5234872 ], [ 88.5261435, 27.5233797 ], [ 88.5263725, 27.5232716 ], [ 88.5272831, 27.5231568 ], [ 88.5274317, 27.5231317 ], [ 88.5276523, 27.5229663 ], [ 88.527775, 27.5227959 ], [ 88.5280825, 27.5225814 ], [ 88.5284892, 27.5221549 ], [ 88.5291624, 27.5218041 ], [ 88.5296232, 27.5214963 ], [ 88.5299697, 27.5213122 ], [ 88.530165, 27.5210823 ], [ 88.5304051, 27.5207261 ], [ 88.5304956, 27.5205161 ], [ 88.5306941, 27.5200302 ], [ 88.5308517, 27.5195815 ], [ 88.5308169, 27.5194303 ], [ 88.5307806, 27.5192307 ], [ 88.5306479, 27.5190158 ], [ 88.5305356, 27.5187497 ], [ 88.5304052, 27.5184201 ], [ 88.5302752, 27.5181428 ], [ 88.5301793, 27.5179965 ], [ 88.5301111, 27.5178966 ], [ 88.5299993, 27.5177631 ], [ 88.5299102, 27.5175967 ], [ 88.529849, 27.5174348 ], [ 88.5298523, 27.5173095 ], [ 88.5298245, 27.5171728 ], [ 88.5297719, 27.5170985 ], [ 88.529735, 27.5170323 ], [ 88.5297005, 27.5169467 ], [ 88.5296959, 27.5168707 ], [ 88.5296888, 27.5167953 ], [ 88.529689, 27.5167236 ], [ 88.5296337, 27.5165835 ], [ 88.5295138, 27.5164334 ], [ 88.5293673, 27.5163964 ], [ 88.5292955, 27.5163399 ], [ 88.5292631, 27.5162355 ], [ 88.5292907, 27.5160313 ], [ 88.5292477, 27.5158595 ], [ 88.5290534, 27.5157135 ], [ 88.5289769, 27.5155573 ], [ 88.5288963, 27.5153234 ], [ 88.5288668, 27.5151854 ], [ 88.5288481, 27.5148881 ], [ 88.5288857, 27.5147264 ], [ 88.5289124, 27.5146288 ] ] } },
{ "type": "Feature", "properties": { "asset_name": "OSM Way 461631691", "asset_type": "road", "osm_id": 461631691 }, "geometry": { "type": "LineString", "coordinates": [ [ 88.4701323, 27.5335641 ], [ 88.470197, 27.5335491 ], [ 88.470294, 27.5335559 ], [ 88.470351, 27.5335436 ], [ 88.4704434, 27.5334972 ], [ 88.4705101, 27.5334217 ], [ 88.4705559, 27.533321 ], [ 88.4706144, 27.5331242 ], [ 88.4707691, 27.5329123 ], [ 88.4709665, 27.5327982 ], [ 88.4710899, 27.5327673 ], [ 88.4712157, 27.5327872 ], [ 88.472106, 27.5334624 ], [ 88.4721641, 27.5334868 ], [ 88.4722406, 27.5334856 ], [ 88.4727301, 27.5333675 ], [ 88.4735176, 27.532702 ], [ 88.4738802, 27.5325353 ], [ 88.474275, 27.5320313 ], [ 88.4742954, 27.5316427 ], [ 88.4747534, 27.5310403 ], [ 88.4748702, 27.5309405 ], [ 88.4749201, 27.5309193 ], [ 88.4749809, 27.5309216 ], [ 88.4750421, 27.5309371 ], [ 88.4750825, 27.5309718 ], [ 88.4751257, 27.5310689 ], [ 88.4751725, 27.5311859 ], [ 88.4752619, 27.5314087 ], [ 88.4755217, 27.5319297 ], [ 88.4756026, 27.5320052 ], [ 88.4756962, 27.5320317 ], [ 88.4759261, 27.5320166 ], [ 88.4761348, 27.5321109 ], [ 88.4763221, 27.532126 ], [ 88.4764626, 27.5322204 ], [ 88.4766202, 27.5322922 ], [ 88.4767351, 27.5322808 ], [ 88.4769139, 27.5322053 ], [ 88.4771524, 27.5322544 ], [ 88.477378, 27.532345 ], [ 88.4775218, 27.5324819 ], [ 88.4775996, 27.5325247 ], [ 88.4776998, 27.5325352 ], [ 88.4782147, 27.532367 ], [ 88.4786403, 27.5321348 ], [ 88.4786618, 27.5321231 ], [ 88.4792168, 27.5321447 ], [ 88.4793457, 27.5320986 ], [ 88.4795201, 27.5320362 ], [ 88.4797028, 27.5319863 ], [ 88.4800178, 27.532009 ], [ 88.4804095, 27.53216 ], [ 88.4810354, 27.5327868 ], [ 88.4813164, 27.5330586 ], [ 88.4814357, 27.5333946 ], [ 88.4815688, 27.5335129 ], [ 88.4817933, 27.5335305 ], [ 88.482075, 27.5335309 ], [ 88.4822404, 27.5334286 ], [ 88.4823316, 27.5333255 ], [ 88.4824384, 27.5332059 ], [ 88.4825718, 27.5331455 ], [ 88.4826753, 27.5331712 ], [ 88.4827671, 27.533218 ], [ 88.4828474, 27.5332956 ], [ 88.4829536, 27.5335649 ], [ 88.4830025, 27.5337759 ], [ 88.4830758, 27.533863 ], [ 88.4831652, 27.5339863 ], [ 88.4831813, 27.5340445 ], [ 88.4831625, 27.5340873 ], [ 88.4831169, 27.5341159 ], [ 88.4830502, 27.5341132 ], [ 88.4830043, 27.5340802 ], [ 88.4829667, 27.5340326 ], [ 88.4829131, 27.533821 ], [ 88.4828112, 27.5337306 ], [ 88.4826073, 27.5336569 ], [ 88.4825429, 27.5336497 ], [ 88.482492, 27.5336593 ], [ 88.4824705, 27.533683 ], [ 88.4824685, 27.5337092 ], [ 88.4824772, 27.5337312 ], [ 88.4825295, 27.5337686 ], [ 88.4826422, 27.5338281 ], [ 88.4826958, 27.5339327 ], [ 88.4827146, 27.5341016 ], [ 88.4827092, 27.5342515 ], [ 88.48281, 27.5343514 ], [ 88.4829241, 27.5343922 ], [ 88.4830561, 27.5345507 ], [ 88.4832261, 27.5347071 ] ] } },
{ "type": "Feature", "properties": { "asset_name": "OSM Way 594511550", "asset_type": "road", "osm_id": 594511550 }, "geometry": { "type": "LineString", "coordinates": [ [ 88.5213538, 27.4019929 ], [ 88.5213908, 27.4019498 ], [ 88.5208918, 27.4016273 ], [ 88.5206008, 27.4015277 ], [ 88.5203368, 27.4014625 ], [ 88.5201687, 27.4012629 ], [ 88.5199913, 27.4005058 ], [ 88.5195503, 27.3998878 ], [ 88.5193393, 27.3992428 ], [ 88.5192043, 27.3990708 ], [ 88.5186943, 27.3987008 ], [ 88.5186563, 27.3985958 ], [ 88.5183603, 27.3984278 ], [ 88.5179233, 27.3978128 ], [ 88.5173598, 27.3973107 ], [ 88.5170673, 27.3969788 ], [ 88.5164983, 27.3963778 ], [ 88.5163823, 27.3960608 ], [ 88.5163433, 27.3956538 ], [ 88.5161563, 27.3951178 ], [ 88.5156533, 27.3943718 ], [ 88.5156283, 27.3941768 ], [ 88.5153433, 27.3936218 ], [ 88.5151274, 27.3930887 ], [ 88.5148334, 27.3925952 ], [ 88.5145636, 27.3923404 ], [ 88.5143551, 27.3919618 ], [ 88.5142023, 27.3915993 ], [ 88.5141045, 27.3914021 ], [ 88.5141061, 27.391233 ], [ 88.5140323, 27.3910457 ], [ 88.5139283, 27.3906819 ], [ 88.5138691, 27.3903534 ], [ 88.5138511, 27.3901194 ], [ 88.5138537, 27.3899494 ], [ 88.5138443, 27.389888 ], [ 88.5138121, 27.3898172 ], [ 88.5136485, 27.3896469 ], [ 88.5136163, 27.3895886 ], [ 88.5135748, 27.3894659 ], [ 88.5135431, 27.3894084 ], [ 88.5132183, 27.3891713 ], [ 88.5131067, 27.3891009 ], [ 88.5130256, 27.3890622 ], [ 88.5129116, 27.3890616 ], [ 88.5128123, 27.389089 ], [ 88.5125636, 27.3892331 ], [ 88.5124704, 27.3892718 ], [ 88.5123939, 27.389279 ], [ 88.5123128, 27.389273 ], [ 88.5122035, 27.3892301 ], [ 88.5121512, 27.3891801 ], [ 88.5119741, 27.388964 ], [ 88.5119339, 27.388889 ], [ 88.5117261, 27.3883524 ], [ 88.5113771, 27.3877274 ], [ 88.5111755, 27.3873928 ], [ 88.5109046, 27.3871147 ], [ 88.5108798, 27.3870742 ], [ 88.5108738, 27.3870433 ], [ 88.5108724, 27.3870046 ], [ 88.5108764, 27.3868224 ], [ 88.5108804, 27.3867575 ], [ 88.510859, 27.386689 ], [ 88.5107812, 27.3865651 ], [ 88.5107316, 27.3865175 ], [ 88.5106853, 27.3864892 ], [ 88.5106095, 27.3864663 ], [ 88.5099413, 27.3863243 ], [ 88.5096037, 27.3863103 ], [ 88.5092575, 27.386203 ], [ 88.5090768, 27.3860976 ], [ 88.5089118, 27.3859923 ], [ 88.5085656, 27.3856317 ], [ 88.508034, 27.3852081 ], [ 88.5077021, 27.3850976 ], [ 88.5074219, 27.3850222 ], [ 88.506954, 27.3848673 ], [ 88.506707, 27.384758 ], [ 88.5064143, 27.3846923 ], [ 88.50604, 27.3845126 ], [ 88.5056683, 27.3843958 ], [ 88.5054995, 27.3842862 ], [ 88.5052623, 27.3839818 ], [ 88.5049873, 27.3834648 ], [ 88.5044523, 27.3829608 ], [ 88.5037703, 27.3826688 ], [ 88.5036523, 27.3825758 ], [ 88.5030833, 27.3820448 ], [ 88.5029443, 27.3819775 ], [ 88.5028853, 27.3819596 ], [ 88.5028349, 27.3819611 ], [ 88.5027521, 27.3819838 ], [ 88.5025393, 27.3821238 ], [ 88.502468, 27.3821849 ], [ 88.5023667, 27.382201 ], [ 88.5022396, 27.3821516 ], [ 88.501917, 27.3819202 ], [ 88.5015753, 27.3816952 ], [ 88.5014662, 27.3815552 ], [ 88.5014296, 27.3814494 ], [ 88.5012851, 27.3809751 ], [ 88.5011774, 27.380792 ], [ 88.5010023, 27.3805758 ], [ 88.5004204, 27.3800441 ], [ 88.5002961, 27.379974 ], [ 88.500102, 27.3799262 ], [ 88.4997533, 27.3798965 ], [ 88.4995093, 27.3798727 ], [ 88.4993566, 27.3798347 ], [ 88.4991763, 27.3797421 ], [ 88.4989634, 27.3796309 ], [ 88.4987717, 27.3794868 ], [ 88.4986925, 27.3793892 ], [ 88.4986134, 27.3791427 ], [ 88.4985624, 27.3790248 ], [ 88.4985061, 27.3789616 ], [ 88.4983251, 27.3788354 ], [ 88.4982526, 27.3787723 ], [ 88.4980233, 27.3784278 ], [ 88.4978733, 27.3782688 ], [ 88.4964753, 27.3773048 ], [ 88.4960653, 27.3769348 ], [ 88.4959103, 27.3766438 ], [ 88.4957623, 27.3765538 ], [ 88.4955703, 27.3765288 ], [ 88.4951383, 27.3766438 ], [ 88.4941013, 27.3767428 ], [ 88.4939419, 27.3767093 ], [ 88.4937963, 27.3766308 ], [ 88.4935066, 27.376273 ], [ 88.4932283, 27.3759132 ], [ 88.4930509, 27.3758154 ], [ 88.4928837, 27.3757981 ], [ 88.4924283, 27.3759738 ], [ 88.492212, 27.3759613 ], [ 88.4917653, 27.3758398 ], [ 88.4914503, 27.3756638 ], [ 88.4911693, 27.3755768 ], [ 88.4908178, 27.3755712 ], [ 88.4907141, 27.3755669 ], [ 88.4905888, 27.3755845 ], [ 88.4905188, 27.3755804 ], [ 88.4904697, 27.3755551 ], [ 88.4903384, 27.3754734 ], [ 88.4901648, 27.3752431 ], [ 88.490067, 27.3751501 ], [ 88.4899246, 27.3750267 ], [ 88.4895516, 27.3746553 ], [ 88.4895026, 27.3745958 ], [ 88.4894148, 27.3744529 ], [ 88.4893826, 27.3744142 ], [ 88.4893236, 27.3743743 ], [ 88.4892619, 27.374354 ], [ 88.4891224, 27.3743314 ], [ 88.4889293, 27.3742868 ], [ 88.4887771, 27.3742075 ], [ 88.4887006, 27.3741492 ], [ 88.4885053, 27.3739508 ], [ 88.4883821, 27.3738765 ], [ 88.4882433, 27.3738148 ], [ 88.4879168, 27.3737252 ], [ 88.4878189, 27.3736847 ], [ 88.4877746, 27.373652 ], [ 88.4877438, 27.3736002 ], [ 88.4877142, 27.3735037 ], [ 88.4876273, 27.3726898 ], [ 88.4874763, 27.3723468 ], [ 88.4873222, 27.3720776 ], [ 88.4871873, 27.3718248 ], [ 88.4870703, 27.3714088 ], [ 88.4868673, 27.3710678 ], [ 88.4863983, 27.3707438 ], [ 88.4859913, 27.3703098 ], [ 88.4859163, 27.3701098 ], [ 88.4858463, 27.3686728 ], [ 88.4856963, 27.3683588 ], [ 88.4855949, 27.3680568 ], [ 88.4855949, 27.3677805 ], [ 88.4855944, 27.367758 ], [ 88.4855842, 27.3673422 ], [ 88.4855893, 27.3669128 ], [ 88.4853543, 27.3662498 ], [ 88.4854623, 27.3656138 ], [ 88.4852833, 27.3648438 ], [ 88.4849953, 27.3639798 ], [ 88.4848083, 27.3630988 ], [ 88.4846763, 27.3628898 ], [ 88.4845913, 27.3626188 ], [ 88.4842993, 27.3622218 ], [ 88.4841333, 27.3618878 ], [ 88.4840093, 27.3614788 ], [ 88.4840033, 27.3611378 ], [ 88.4841503, 27.3608568 ], [ 88.4841743, 27.3606428 ], [ 88.4839053, 27.3602588 ], [ 88.4838493, 27.3594098 ], [ 88.4838863, 27.3589708 ], [ 88.4837903, 27.3585458 ], [ 88.4838043, 27.3580988 ], [ 88.4836563, 27.3575868 ], [ 88.4836773, 27.3572478 ], [ 88.4837823, 27.3568788 ], [ 88.4839693, 27.3565328 ], [ 88.4839613, 27.3558768 ], [ 88.4841973, 27.3553758 ], [ 88.4840912, 27.3549962 ], [ 88.4842377, 27.3547875 ], [ 88.4843802, 27.3546077 ], [ 88.4844055, 27.3544106 ], [ 88.4843672, 27.3540028 ], [ 88.4843918, 27.3536131 ], [ 88.4844369, 27.3524705 ], [ 88.4845727, 27.3514591 ], [ 88.4845568, 27.3512268 ], [ 88.4845371, 27.3509381 ], [ 88.4845703, 27.3507058 ], [ 88.4848604, 27.3502057 ], [ 88.4850535, 27.3499743 ], [ 88.4851563, 27.3496403 ], [ 88.4853922, 27.3491721 ], [ 88.4853941, 27.3488604 ], [ 88.4854102, 27.3487759 ], [ 88.4854317, 27.3487211 ], [ 88.485484, 27.3486818 ], [ 88.4855437, 27.3486684 ], [ 88.4858562, 27.34868 ], [ 88.4859225, 27.3486532 ], [ 88.4859775, 27.3486043 ], [ 88.4859976, 27.3485436 ], [ 88.4859802, 27.3484775 ], [ 88.4859574, 27.3484441 ], [ 88.4858984, 27.3483852 ], [ 88.4856433, 27.3482198 ], [ 88.4855873, 27.3481719 ], [ 88.4855503, 27.3480858 ], [ 88.4855493, 27.3478438 ], [ 88.4856472, 27.3475594 ], [ 88.4856543, 27.3475388 ], [ 88.4860223, 27.3471618 ], [ 88.4861203, 27.3466238 ], [ 88.4866853, 27.3456068 ], [ 88.486805, 27.3452308 ], [ 88.4868077, 27.3451236 ], [ 88.4867279, 27.3448812 ], [ 88.486697, 27.3447972 ], [ 88.4866863, 27.3447305 ], [ 88.4867078, 27.3446536 ], [ 88.4867621, 27.3445649 ], [ 88.4868901, 27.3444392 ], [ 88.487784, 27.3436786 ], [ 88.487961, 27.3434832 ], [ 88.4885162, 27.3428542 ], [ 88.488712, 27.3426869 ], [ 88.4887784, 27.3426583 ], [ 88.4888012, 27.3426544 ], [ 88.4888207, 27.3426553 ], [ 88.4889159, 27.3426815 ], [ 88.4891425, 27.3427947 ], [ 88.4892391, 27.3428078 ], [ 88.4893303, 27.3428054 ], [ 88.4894228, 27.3427828 ], [ 88.4900558, 27.3425112 ], [ 88.4901913, 27.3424897 ], [ 88.4903213, 27.3424978 ], [ 88.4906163, 27.3425638 ], [ 88.4906531, 27.3425692 ], [ 88.4906888, 27.3425689 ], [ 88.490714, 27.3425618 ], [ 88.4907411, 27.3425463 ], [ 88.4908135, 27.3424546 ], [ 88.4909651, 27.342068 ], [ 88.491008, 27.3417475 ], [ 88.4910764, 27.3416165 ], [ 88.4912373, 27.3414045 ], [ 88.4913674, 27.3413032 ], [ 88.4915443, 27.3412268 ], [ 88.4930923, 27.3407848 ], [ 88.4933997, 27.3407979 ], [ 88.4935525, 27.3407848 ], [ 88.4939126, 27.340599 ], [ 88.4939634, 27.3405447 ], [ 88.4940145, 27.3404766 ], [ 88.4940214, 27.3403855 ] ] } },
{ "type": "Feature", "properties": { "asset_name": "OSM Way 599418823", "asset_type": "road", "osm_id": 599418823 }, "geometry": { "type": "LineString", "coordinates": [ [ 88.4834352, 27.5351237 ], [ 88.4834374, 27.5352123 ], [ 88.4834066, 27.5352492 ], [ 88.4833302, 27.535267 ], [ 88.4832457, 27.5352587 ], [ 88.4830861, 27.5351612 ], [ 88.483007, 27.5351398 ], [ 88.4829493, 27.5351481 ], [ 88.4828822, 27.5351731 ], [ 88.4828272, 27.5352599 ], [ 88.4828152, 27.5353098 ], [ 88.4828259, 27.5353622 ], [ 88.4828702, 27.5354074 ], [ 88.4830823, 27.5354981 ], [ 88.4842185, 27.5357424 ], [ 88.4842769, 27.5357409 ], [ 88.4845734, 27.5357332 ], [ 88.4846646, 27.5357403 ], [ 88.484745, 27.5357641 ], [ 88.4848201, 27.5358188 ], [ 88.4850079, 27.5360685 ], [ 88.4850696, 27.5361232 ], [ 88.4851581, 27.5361447 ], [ 88.4852493, 27.5361042 ], [ 88.4862216, 27.5350448 ], [ 88.4864268, 27.5349103 ], [ 88.4867352, 27.534808 ], [ 88.4869713, 27.5347842 ], [ 88.4871697, 27.5347509 ], [ 88.487336, 27.5346701 ], [ 88.4874648, 27.5345606 ], [ 88.4880029, 27.5339224 ], [ 88.4890741, 27.5333334 ], [ 88.4892511, 27.5333096 ], [ 88.4894121, 27.5333239 ], [ 88.490224, 27.5336144 ], [ 88.4905466, 27.5340267 ], [ 88.4905507, 27.5340564 ], [ 88.4905386, 27.5340862 ], [ 88.4904903, 27.5340933 ], [ 88.4904501, 27.5340802 ], [ 88.4902918, 27.5339577 ], [ 88.4902047, 27.5339197 ], [ 88.4901524, 27.5339054 ], [ 88.4901014, 27.5339137 ], [ 88.4895676, 27.5340961 ], [ 88.4894791, 27.5341864 ], [ 88.4894, 27.5342364 ], [ 88.4893369, 27.534303 ], [ 88.4892002, 27.5345725 ], [ 88.489176, 27.5346261 ], [ 88.4891653, 27.5346784 ], [ 88.4891827, 27.53472 ], [ 88.4892337, 27.5347319 ], [ 88.4892941, 27.5347105 ], [ 88.489514, 27.5344742 ], [ 88.4896454, 27.534328 ], [ 88.489683, 27.534299 ], [ 88.4897192, 27.5342836 ], [ 88.4897701, 27.5342788 ], [ 88.4898064, 27.534299 ], [ 88.4902043, 27.5349028 ], [ 88.490333, 27.5349529 ], [ 88.4906595, 27.5350799 ], [ 88.4908435, 27.5350611 ], [ 88.4910724, 27.5349721 ], [ 88.491185, 27.5349459 ], [ 88.4912842, 27.5349674 ], [ 88.4913701, 27.5350244 ], [ 88.4918911, 27.5355255 ], [ 88.492199, 27.5356667 ], [ 88.4928607, 27.5357105 ], [ 88.4930631, 27.5357251 ], [ 88.4933103, 27.5357891 ], [ 88.4936819, 27.5358749 ], [ 88.4937433, 27.5359012 ], [ 88.4938809, 27.5359602 ], [ 88.494089, 27.5360936 ], [ 88.494411, 27.5360904 ], [ 88.4946977, 27.5360245 ], [ 88.4947897, 27.53599 ], [ 88.4951285, 27.5358788 ], [ 88.4953772, 27.5358394 ], [ 88.4954303, 27.5357954 ], [ 88.4954766, 27.5357903 ], [ 88.4955248, 27.5357618 ], [ 88.4956026, 27.5357261 ], [ 88.4957441, 27.5356971 ], [ 88.495828, 27.5356772 ], [ 88.4959321, 27.5356255 ], [ 88.496041, 27.5355138 ], [ 88.4962432, 27.5354467 ], [ 88.4964071, 27.5353404 ], [ 88.4966443, 27.5354251 ], [ 88.4970123, 27.5354408 ], [ 88.497299, 27.5353655 ], [ 88.4975164, 27.5353868 ], [ 88.4979464, 27.5352696 ], [ 88.498432, 27.5352361 ], [ 88.4987167, 27.5352218 ], [ 88.4989259, 27.535179 ], [ 88.4989943, 27.5351362 ] ] } },
{ "type": "Feature", "properties": { "asset_name": "OSM Way 599418824", "asset_type": "road", "osm_id": 599418824 }, "geometry": { "type": "LineString", "coordinates": [ [ 88.4832261, 27.5347071 ], [ 88.4834352, 27.5351237 ] ] } },
{ "type": "Feature", "properties": { "asset_name": "North Sikkim Highway", "asset_type": "road", "osm_id": 599424052 }, "geometry": { "type": "LineString", "coordinates": [ [ 88.5379838, 27.5027985 ], [ 88.5380456, 27.503039 ] ] } },
{ "type": "Feature", "properties": { "asset_name": "North Sikkim Highway", "asset_type": "road", "osm_id": 599424055 }, "geometry": { "type": "LineString", "coordinates": [ [ 88.5360169, 27.5027618 ], [ 88.5362778, 27.5027195 ], [ 88.5365216, 27.5027534 ], [ 88.5366052, 27.5027557 ], [ 88.536729, 27.5027592 ], [ 88.5369534, 27.5027379 ], [ 88.5371545, 27.5027024 ], [ 88.5372857, 27.5026951 ], [ 88.5375517, 27.502719 ], [ 88.5377969, 27.5027395 ], [ 88.5379401, 27.5027751 ], [ 88.5379838, 27.5027985 ] ] } },
{ "type": "Feature", "properties": { "asset_name": "North Sikkim Highway", "asset_type": "road", "osm_id": 599734724 }, "geometry": { "type": "LineString", "coordinates": [ [ 88.630612, 27.417198 ], [ 88.630161, 27.4180563 ], [ 88.6299959, 27.41827 ], [ 88.6298855, 27.4183152 ], [ 88.6296692, 27.418321 ], [ 88.6295009, 27.4182788 ], [ 88.6292955, 27.4182162 ], [ 88.6291405, 27.4182068 ], [ 88.6290657, 27.4182356 ], [ 88.6290155, 27.4183048 ], [ 88.6290338, 27.4183938 ], [ 88.6291135, 27.4184392 ], [ 88.629284, 27.4184487 ], [ 88.6294429, 27.4185252 ], [ 88.6296143, 27.4186279 ], [ 88.6298137, 27.4187849 ], [ 88.6298341, 27.4188046 ], [ 88.6299055, 27.4188974 ], [ 88.6299059, 27.4189671 ] ] } },
{ "type": "Feature", "properties": { "asset_name": "North Sikkim Highway", "asset_type": "road", "osm_id": 599739473 }, "geometry": { "type": "LineString", "coordinates": [ [ 88.5831723, 27.4257943 ], [ 88.5833086, 27.4257381 ], [ 88.5834063, 27.4257241 ], [ 88.5835814, 27.4256596 ], [ 88.583757, 27.4256008 ], [ 88.5838208, 27.4255869 ], [ 88.5841318, 27.4256103 ], [ 88.58427, 27.4254955 ], [ 88.5843599, 27.425357 ], [ 88.5845059, 27.4252258 ], [ 88.5846952, 27.425077 ], [ 88.584913, 27.4250441 ], [ 88.5850611, 27.4249975 ], [ 88.5851804, 27.4248568 ], [ 88.5852542, 27.4246966 ], [ 88.585337, 27.4245693 ], [ 88.5855763, 27.4243814 ], [ 88.5856932, 27.4242194 ], [ 88.5857416, 27.4241126 ], [ 88.5857331, 27.4239131 ], [ 88.5857275, 27.4237793 ], [ 88.5857053, 27.4235903 ], [ 88.5857636, 27.4234815 ], [ 88.5859067, 27.4234255 ], [ 88.5860165, 27.4233843 ], [ 88.5860978, 27.4233142 ], [ 88.5861588, 27.4232057 ], [ 88.5861994, 27.4231387 ], [ 88.5862793, 27.4229975 ], [ 88.5863137, 27.4228237 ], [ 88.5864059, 27.4226179 ], [ 88.5865189, 27.4224961 ], [ 88.5865449, 27.422427 ], [ 88.5865468, 27.4223328 ] ] } },
{ "type": "Feature", "properties": { "asset_name": "North Sikkim Highway", "asset_type": "road", "osm_id": 599739480 }, "geometry": { "type": "LineString", "coordinates": [ [ 88.5830693, 27.4262015 ], [ 88.5830619, 27.426061 ], [ 88.5830683, 27.4259295 ], [ 88.5830898, 27.4258493 ], [ 88.5831723, 27.4257943 ] ] } },
{ "type": "Feature", "properties": { "asset_name": "North Sikkim Highway", "asset_type": "road", "osm_id": 599739504 }, "geometry": { "type": "LineString", "coordinates": [ [ 88.5905961, 27.4307579 ], [ 88.5903377, 27.4306651 ] ] } },
{ "type": "Feature", "properties": { "asset_name": "North Sikkim Highway", "asset_type": "road", "osm_id": 599739536 }, "geometry": { "type": "LineString", "coordinates": [ [ 88.6086928, 27.4431572 ], [ 88.6081341, 27.4429268 ] ] } },
{ "type": "Feature", "properties": { "asset_name": "North Sikkim Highway", "asset_type": "road", "osm_id": 599739539 }, "geometry": { "type": "LineString", "coordinates": [ [ 88.6102425, 27.4415927 ], [ 88.6101791, 27.4416943 ], [ 88.6099897, 27.4416561 ], [ 88.6097681, 27.4416606 ], [ 88.609633, 27.441788 ], [ 88.6095258, 27.441932 ], [ 88.6094686, 27.4422151 ], [ 88.6093133, 27.4424584 ], [ 88.6091, 27.4427064 ], [ 88.609048, 27.4427706 ], [ 88.6088466, 27.4430042 ], [ 88.6086928, 27.4431572 ] ] } },
{ "type": "Feature", "properties": { "asset_name": "North Sikkim Highway", "asset_type": "road", "osm_id": 599739544 }, "geometry": { "type": "LineString", "coordinates": [ [ 88.6102852, 27.4412632 ], [ 88.6102425, 27.4415927 ] ] } },
{ "type": "Feature", "properties": { "asset_name": "North Sikkim Highway", "asset_type": "road", "osm_id": 599739547 }, "geometry": { "type": "LineString", "coordinates": [ [ 88.6140504, 27.4374976 ], [ 88.6139856, 27.4374883 ], [ 88.6139037, 27.4374423 ], [ 88.6138514, 27.4373796 ], [ 88.6138212, 27.4373227 ], [ 88.6136906, 27.4373065 ], [ 88.613518, 27.4373281 ], [ 88.6134682, 27.4373952 ], [ 88.6132844, 27.4375243 ], [ 88.613173, 27.437628 ], [ 88.6129789, 27.4377691 ], [ 88.6128615, 27.4378756 ], [ 88.6127839, 27.438029 ], [ 88.6127521, 27.4382228 ], [ 88.6126292, 27.4383306 ], [ 88.6125443, 27.438356 ], [ 88.6123697, 27.4383682 ], [ 88.6122391, 27.4384727 ], [ 88.6120954, 27.4386939 ], [ 88.6119569, 27.4389049 ], [ 88.6118413, 27.4389945 ], [ 88.6117454, 27.4391211 ], [ 88.6116687, 27.4392102 ], [ 88.6116667, 27.4393021 ], [ 88.6116171, 27.4394469 ], [ 88.611556, 27.4395321 ], [ 88.6114868, 27.4395998 ], [ 88.6113267, 27.4397186 ], [ 88.6111887, 27.4399009 ], [ 88.6110304, 27.4399914 ], [ 88.6108445, 27.4401038 ], [ 88.6106827, 27.4402562 ], [ 88.6105703, 27.4404061 ], [ 88.6104896, 27.4405043 ], [ 88.6103243, 27.4406364 ], [ 88.610237, 27.4407603 ], [ 88.6102232, 27.4407977 ], [ 88.6101839, 27.4409368 ], [ 88.6101789, 27.4410883 ], [ 88.610251, 27.4411834 ], [ 88.6102852, 27.4412632 ] ] } },
{ "type": "Feature", "properties": { "asset_name": "OSM Way 696693017", "asset_type": "road", "osm_id": 696693017 }, "geometry": { "type": "LineString", "coordinates": [ [ 88.5275982, 27.512495 ], [ 88.527596, 27.5122823 ], [ 88.5274373, 27.5121048 ], [ 88.5273192, 27.5119288 ], [ 88.5272715, 27.5117089 ], [ 88.527169, 27.5114006 ], [ 88.5271105, 27.5112237 ], [ 88.5270402, 27.5110081 ], [ 88.5268686, 27.510825 ], [ 88.5267473, 27.5105611 ], [ 88.5265768, 27.5103316 ], [ 88.5265091, 27.510097 ], [ 88.5263965, 27.5098235 ], [ 88.5263648, 27.5096699 ], [ 88.5263956, 27.5095347 ], [ 88.526416, 27.5094289 ] ] } },
{ "type": "Feature", "properties": { "asset_name": "OSM Way 696693019", "asset_type": "road", "osm_id": 696693019 }, "geometry": { "type": "LineString", "coordinates": [ [ 88.5289124, 27.5146288 ], [ 88.5289022, 27.5144375 ], [ 88.5288808, 27.5142734 ], [ 88.5288271, 27.5141449 ], [ 88.5287493, 27.5140522 ], [ 88.5285723, 27.5139142 ], [ 88.5283336, 27.5137096 ], [ 88.5281378, 27.5135788 ], [ 88.5280842, 27.5135217 ], [ 88.5279286, 27.5133028 ], [ 88.5278562, 27.5132172 ], [ 88.5277703, 27.5131744 ], [ 88.5277016, 27.5131137 ] ] } },
{ "type": "Feature", "properties": { "asset_name": "OSM Way 696697551", "asset_type": "road", "osm_id": 696697551 }, "geometry": { "type": "LineString", "coordinates": [ [ 88.4700322, 27.5336517 ], [ 88.4701323, 27.5335641 ] ] } },
{ "type": "Feature", "properties": { "asset_name": "OSM Way 696697552", "asset_type": "road", "osm_id": 696697552 }, "geometry": { "type": "LineString", "coordinates": [ [ 88.4696678, 27.5340161 ], [ 88.4698242, 27.5339329 ], [ 88.4698812, 27.5339044 ], [ 88.4699212, 27.5338387 ], [ 88.4699736, 27.533713 ], [ 88.4700322, 27.5336517 ] ] } },
{ "type": "Feature", "properties": { "asset_name": "OSM Way 696697553", "asset_type": "road", "osm_id": 696697553 }, "geometry": { "type": "LineString", "coordinates": [ [ 88.4695499, 27.5341542 ], [ 88.4696678, 27.5340161 ] ] } },
{ "type": "Feature", "properties": { "asset_name": "OSM Way 696697554", "asset_type": "road", "osm_id": 696697554 }, "geometry": { "type": "LineString", "coordinates": [ [ 88.4676917, 27.5364225 ], [ 88.4676929, 27.5362411 ], [ 88.4677049, 27.5361661 ], [ 88.467745, 27.5360768 ], [ 88.4681639, 27.5356339 ], [ 88.4681368, 27.5355405 ], [ 88.4681856, 27.5354525 ], [ 88.4682736, 27.5353836 ], [ 88.4687062, 27.535309 ], [ 88.4690316, 27.5349608 ], [ 88.4693609, 27.5346932 ], [ 88.469538, 27.5342921 ], [ 88.469533, 27.5342253 ], [ 88.4695499, 27.5341542 ] ] } },
{ "type": "Feature", "properties": { "asset_name": "OSM Way 696697569", "asset_type": "road", "osm_id": 696697569 }, "geometry": { "type": "LineString", "coordinates": [ [ 88.5276543, 27.5130569 ], [ 88.5276121, 27.5129389 ], [ 88.5275933, 27.5127081 ], [ 88.5276202, 27.512601 ], [ 88.5275982, 27.512495 ] ] } },
{ "type": "Feature", "properties": { "asset_name": "OSM Way 696697570", "asset_type": "road", "osm_id": 696697570 }, "geometry": { "type": "LineString", "coordinates": [ [ 88.5277016, 27.5131137 ], [ 88.5276543, 27.5130569 ] ] } },
{ "type": "Feature", "properties": { "asset_name": "North Sikkim Highway", "asset_type": "road", "osm_id": 704675586 }, "geometry": { "type": "LineString", "coordinates": [ [ 88.5311762, 27.4821722 ], [ 88.5313288, 27.4821958 ], [ 88.531643, 27.482206 ], [ 88.5319618, 27.4822625 ], [ 88.53215, 27.482336 ], [ 88.533206, 27.482892 ], [ 88.5333091, 27.4829824 ], [ 88.5333413, 27.4830324 ], [ 88.5333463, 27.4830633 ], [ 88.5333413, 27.4831145 ], [ 88.533302, 27.483194 ], [ 88.533001, 27.483482 ], [ 88.532945, 27.4835851 ], [ 88.532936, 27.483699 ], [ 88.533058, 27.484205 ], [ 88.533006, 27.484393 ], [ 88.532737, 27.48475 ], [ 88.532649, 27.485211 ], [ 88.5326707, 27.4852638 ], [ 88.5327182, 27.4853034 ], [ 88.5330234, 27.4854964 ], [ 88.5330543, 27.4855344 ], [ 88.5330717, 27.4855856 ], [ 88.5330757, 27.48566 ], [ 88.533057, 27.4857319 ], [ 88.5330127, 27.4857962 ], [ 88.5327405, 27.4859199 ], [ 88.5326681, 27.486008 ], [ 88.5326399, 27.48609 ], [ 88.5326412, 27.4861995 ], [ 88.5326607, 27.486278 ], [ 88.5326982, 27.486347 ], [ 88.532837, 27.4864577 ], [ 88.5328799, 27.4865118 ], [ 88.5329027, 27.4865713 ], [ 88.5329081, 27.4866415 ], [ 88.532884, 27.4867533 ], [ 88.5328571, 27.4868747 ], [ 88.5327774, 27.487062 ], [ 88.5326707, 27.4871989 ], [ 88.5324231, 27.4873974 ], [ 88.532168, 27.4875 ], [ 88.531689, 27.487633 ], [ 88.531201, 27.487699 ], [ 88.5310391, 27.4877543 ], [ 88.530787, 27.4879066 ], [ 88.530636, 27.487969 ], [ 88.5304276, 27.4879541 ], [ 88.529997, 27.487867 ], [ 88.5298537, 27.487849 ], [ 88.5297914, 27.4878478 ], [ 88.5297411, 27.4878621 ], [ 88.5296871, 27.4878951 ], [ 88.5296439, 27.4879555 ], [ 88.5296318, 27.4880846 ], [ 88.5296626, 27.4884659 ], [ 88.529768, 27.488678 ], [ 88.5297941, 27.4887372 ], [ 88.5298045, 27.4888062 ], [ 88.529806, 27.488859 ], [ 88.5297847, 27.4889132 ], [ 88.5297409, 27.488982 ], [ 88.529702, 27.489179 ], [ 88.529743, 27.489439 ], [ 88.529872, 27.489674 ], [ 88.5298973, 27.489752 ], [ 88.5298911, 27.4898291 ], [ 88.529863, 27.490024 ], [ 88.529576, 27.490575 ], [ 88.529412, 27.490747 ], [ 88.528901, 27.49158 ], [ 88.528651, 27.491829 ], [ 88.5285991, 27.4918946 ], [ 88.5284449, 27.4922277 ], [ 88.5284375, 27.492286 ], [ 88.5284385, 27.4923398 ], [ 88.5284526, 27.4923814 ], [ 88.5284798, 27.4924133 ], [ 88.5285204, 27.4924489 ], [ 88.528668, 27.492544 ], [ 88.529337, 27.49301 ], [ 88.5294251, 27.4932212 ] ] } },
{ "type": "Feature", "properties": { "asset_name": "OSM Way 704675588", "asset_type": "road", "osm_id": 704675588 }, "geometry": { "type": "LineString", "coordinates": [ [ 88.5205391, 27.4029997 ], [ 88.5205396, 27.4029991 ], [ 88.5213538, 27.4019929 ] ] } },
{ "type": "Feature", "properties": { "asset_name": "OSM Way 704675589", "asset_type": "road", "osm_id": 704675589 }, "geometry": { "type": "LineString", "coordinates": [ [ 88.5244052, 27.4642051 ], [ 88.524308, 27.464155 ], [ 88.523934, 27.464012 ], [ 88.523533, 27.463706 ], [ 88.523478, 27.463564 ], [ 88.523332, 27.462037 ], [ 88.523471, 27.46177 ], [ 88.52346, 27.461174 ], [ 88.523536, 27.460955 ], [ 88.523532, 27.460767 ], [ 88.52336, 27.460282 ], [ 88.523175, 27.459996 ], [ 88.5231116, 27.4594616 ], [ 88.523065, 27.459122 ], [ 88.522906, 27.458944 ], [ 88.522772, 27.45864 ], [ 88.522733, 27.458284 ], [ 88.522562, 27.458096 ], [ 88.521986, 27.457977 ], [ 88.521606, 27.457659 ], [ 88.520927, 27.457294 ], [ 88.520059, 27.457399 ], [ 88.519839, 27.457525 ], [ 88.519623, 27.457575 ], [ 88.5194877, 27.457552 ], [ 88.5194034, 27.4574851 ], [ 88.519379, 27.4574092 ], [ 88.5193925, 27.457358 ], [ 88.5194189, 27.4573261 ], [ 88.519675, 27.457094 ], [ 88.5200322, 27.4570189 ], [ 88.5201877, 27.4569784 ], [ 88.5202789, 27.4569403 ], [ 88.5203324, 27.4568737 ], [ 88.520445, 27.456586 ], [ 88.520621, 27.456338 ], [ 88.521235, 27.455895 ], [ 88.522037, 27.45545 ], [ 88.5221042, 27.4553528 ], [ 88.5221283, 27.455279 ], [ 88.5221216, 27.4552035 ], [ 88.5220519, 27.4550291 ], [ 88.521981, 27.454852 ], [ 88.52198, 27.45425 ], [ 88.52166, 27.453867 ], [ 88.5215403, 27.452979 ], [ 88.5214993, 27.4528894 ], [ 88.5214215, 27.4528179 ], [ 88.5213143, 27.4527846 ], [ 88.521104, 27.452713 ], [ 88.520877, 27.452458 ], [ 88.520542, 27.452232 ], [ 88.520087, 27.452154 ], [ 88.519785, 27.45195 ], [ 88.519474, 27.451492 ], [ 88.518941, 27.45111 ], [ 88.518287, 27.450035 ], [ 88.5182619, 27.449876 ], [ 88.5182834, 27.4497951 ], [ 88.5183158, 27.4497326 ], [ 88.518725, 27.449408 ], [ 88.519404, 27.449179 ], [ 88.519564, 27.449058 ], [ 88.519793, 27.448733 ], [ 88.519824, 27.448438 ], [ 88.519499, 27.44786 ], [ 88.519056, 27.447406 ], [ 88.518323, 27.446446 ], [ 88.51783, 27.446292 ], [ 88.517454, 27.44589 ], [ 88.516571, 27.444503 ], [ 88.516128, 27.444111 ], [ 88.515608, 27.443445 ], [ 88.515554, 27.443367 ], [ 88.51539, 27.442368 ], [ 88.515125, 27.442042 ], [ 88.514977, 27.441911 ], [ 88.514409, 27.441897 ], [ 88.514031, 27.441685 ], [ 88.5138631, 27.4416758 ], [ 88.5137561, 27.4416499 ], [ 88.5136914, 27.4415854 ], [ 88.513657, 27.441509 ], [ 88.5136996, 27.4408236 ], [ 88.5136244, 27.4407617 ], [ 88.5135227, 27.4407203 ], [ 88.5134016, 27.4406819 ], [ 88.5132971, 27.4406177 ], [ 88.513265, 27.4405856 ], [ 88.5132577, 27.4405403 ], [ 88.5132515, 27.4404725 ], [ 88.513261, 27.440396 ], [ 88.513355, 27.440196 ], [ 88.513922, 27.43973 ], [ 88.5142982, 27.439507 ], [ 88.5143586, 27.4394286 ], [ 88.5144479, 27.4392081 ], [ 88.5143944, 27.4389106 ], [ 88.5143852, 27.438782 ], [ 88.5143014, 27.4385457 ], [ 88.5143476, 27.4382642 ], [ 88.5143369, 27.438169 ], [ 88.5143959, 27.4380642 ], [ 88.5145246, 27.4379833 ], [ 88.5146976, 27.4379429 ], [ 88.5147402, 27.4379159 ], [ 88.5147594, 27.437875 ], [ 88.5147633, 27.4376833 ], [ 88.5148089, 27.4374358 ], [ 88.514847, 27.437249 ], [ 88.514965, 27.437148 ], [ 88.515081, 27.436905 ], [ 88.515326, 27.435967 ], [ 88.514886, 27.435198 ], [ 88.514771, 27.434845 ], [ 88.514734, 27.434533 ], [ 88.514858, 27.434262 ], [ 88.514789, 27.433853 ], [ 88.514825, 27.433711 ], [ 88.514549, 27.433001 ], [ 88.514576, 27.43277 ], [ 88.514496, 27.432194 ], [ 88.514538, 27.431964 ], [ 88.514686, 27.431796 ], [ 88.514939, 27.431337 ], [ 88.514976, 27.431147 ], [ 88.514722, 27.430825 ], [ 88.514652, 27.430625 ], [ 88.514749, 27.430388 ], [ 88.514583, 27.430003 ], [ 88.514621, 27.429864 ], [ 88.515069, 27.429313 ], [ 88.515136, 27.429094 ], [ 88.51507, 27.428865 ], [ 88.514847, 27.428653 ], [ 88.514439, 27.428407 ], [ 88.514019, 27.42781 ], [ 88.513937, 27.427302 ], [ 88.513965, 27.427114 ], [ 88.513866, 27.426505 ], [ 88.513883, 27.426296 ], [ 88.513968, 27.426085 ], [ 88.514305, 27.425666 ], [ 88.514679, 27.424846 ], [ 88.515006, 27.424453 ], [ 88.514989, 27.424034 ], [ 88.515219, 27.423658 ], [ 88.515166, 27.423444 ], [ 88.515223, 27.423018 ], [ 88.5154332, 27.4224974 ] ] } },
{ "type": "Feature", "properties": { "asset_name": "North Sikkim Highway", "asset_type": "road", "osm_id": 921832720 }, "geometry": { "type": "LineString", "coordinates": [ [ 88.5827807, 27.5145992 ], [ 88.5828014, 27.5146822 ] ] } },
{ "type": "Feature", "properties": { "asset_name": "North Sikkim Highway", "asset_type": "road", "osm_id": 921832721 }, "geometry": { "type": "LineString", "coordinates": [ [ 88.5824906, 27.514387 ], [ 88.5826455, 27.5144272 ], [ 88.5827636, 27.5145425 ], [ 88.5827807, 27.5145992 ] ] } },
{ "type": "Feature", "properties": { "asset_name": "North Sikkim Highway", "asset_type": "road", "osm_id": 921832722 }, "geometry": { "type": "LineString", "coordinates": [ [ 88.582348, 27.5143943 ], [ 88.5824906, 27.514387 ] ] } },
{ "type": "Feature", "properties": { "asset_name": "North Sikkim Highway", "asset_type": "road", "osm_id": 921832723 }, "geometry": { "type": "LineString", "coordinates": [ [ 88.5777706, 27.5151809 ], [ 88.5779575, 27.5151312 ], [ 88.5782238, 27.5150576 ], [ 88.5784953, 27.5149222 ], [ 88.5787558, 27.5148277 ], [ 88.579017, 27.514772 ], [ 88.5793204, 27.5147625 ], [ 88.5795845, 27.5147921 ], [ 88.5797867, 27.5149492 ], [ 88.5799597, 27.5150108 ], [ 88.5801188, 27.5149715 ], [ 88.5802026, 27.5149278 ], [ 88.5804304, 27.5149144 ], [ 88.5805008, 27.5149699 ], [ 88.5807443, 27.5151823 ], [ 88.5809775, 27.515274 ], [ 88.5811774, 27.515251 ], [ 88.5813965, 27.515217 ], [ 88.5815702, 27.5151507 ], [ 88.581808, 27.5149483 ], [ 88.5819038, 27.5148061 ], [ 88.5820184, 27.5146449 ], [ 88.5821891, 27.5145044 ], [ 88.582348, 27.5143943 ] ] } },
{ "type": "Feature", "properties": { "asset_name": "OSM Way 1215136364", "asset_type": "road", "osm_id": 1215136364 }, "geometry": { "type": "LineString", "coordinates": [ [ 88.4989943, 27.5351362 ], [ 88.4991833, 27.5351434 ], [ 88.4992692, 27.5351279 ], [ 88.4993825, 27.5351052 ], [ 88.4994603, 27.5350887 ], [ 88.4995207, 27.5351095 ], [ 88.4995575, 27.5351148 ], [ 88.4995898, 27.5351256 ], [ 88.4998646, 27.5351422 ], [ 88.500161, 27.5351279 ], [ 88.5001355, 27.5351837 ], [ 88.5000336, 27.5352099 ], [ 88.4999009, 27.5352932 ], [ 88.4999371, 27.5353539 ], [ 88.499976, 27.5353622 ], [ 88.5000175, 27.5353598 ], [ 88.5000712, 27.5353657 ], [ 88.5001865, 27.5353574 ], [ 88.5004869, 27.5352944 ], [ 88.5005499, 27.5353194 ], [ 88.5004547, 27.5354026 ], [ 88.5004333, 27.5354157 ], [ 88.5004171, 27.5354229 ], [ 88.5003488, 27.5354858 ], [ 88.5002321, 27.5355881 ], [ 88.5002428, 27.5356832 ], [ 88.5003381, 27.5357094 ], [ 88.5005204, 27.5356072 ], [ 88.5007015, 27.5354977 ], [ 88.5010409, 27.5353546 ], [ 88.5019087, 27.5353058 ], [ 88.5025125, 27.5352402 ], [ 88.5032037, 27.5350759 ], [ 88.5048629, 27.5345444 ], [ 88.5054155, 27.534181 ], [ 88.5054705, 27.5341159 ], [ 88.5055134, 27.5340231 ], [ 88.5055509, 27.5339256 ], [ 88.5056019, 27.5338673 ], [ 88.5056984, 27.5338424 ], [ 88.5058004, 27.5338447 ], [ 88.5059318, 27.5338947 ], [ 88.506059, 27.5339182 ], [ 88.5063885, 27.533825 ], [ 88.5074994, 27.5331619 ] ] } },
{ "type": "Feature", "properties": { "asset_name": "OSM Way 1215427353", "asset_type": "road", "osm_id": 1215427353 }, "geometry": { "type": "LineString", "coordinates": [ [ 88.5292644, 27.4955661 ], [ 88.5293146, 27.4954403 ], [ 88.5293228, 27.4953633 ], [ 88.5293121, 27.4951849 ], [ 88.5292343, 27.4949731 ], [ 88.5290546, 27.4947423 ], [ 88.5290305, 27.4945948 ], [ 88.5293362, 27.4940952 ], [ 88.5294221, 27.4938691 ], [ 88.5294489, 27.4934789 ], [ 88.5294251, 27.4932212 ] ] } },
{ "type": "Feature", "properties": { "asset_name": "OSM Way 1230461276", "asset_type": "road", "osm_id": 1230461276 }, "geometry": { "type": "LineString", "coordinates": [ [ 88.5154332, 27.4224974 ], [ 88.5154878, 27.421835 ] ] } },
{ "type": "Feature", "properties": { "asset_name": "OSM Way 1230461277", "asset_type": "road", "osm_id": 1230461277 }, "geometry": { "type": "LineString", "coordinates": [ [ 88.5154878, 27.421835 ], [ 88.515674, 27.420659 ], [ 88.515898, 27.420378 ], [ 88.515985, 27.420009 ], [ 88.515834, 27.419464 ], [ 88.5156548, 27.4192239 ], [ 88.5155287, 27.4191263 ], [ 88.515467, 27.419062 ], [ 88.5154503, 27.4189637 ], [ 88.51566, 27.418197 ], [ 88.515629, 27.417866 ], [ 88.51546, 27.417246 ], [ 88.515251, 27.416734 ], [ 88.515286, 27.416071 ], [ 88.515046, 27.415478 ], [ 88.515045, 27.414908 ], [ 88.515204, 27.414597 ], [ 88.515317, 27.414333 ], [ 88.5155391, 27.4133177 ], [ 88.515806, 27.412704 ], [ 88.516056, 27.412476 ], [ 88.516405, 27.411701 ], [ 88.516682, 27.411367 ], [ 88.5167408, 27.4111798 ], [ 88.516826, 27.410909 ], [ 88.516838, 27.410437 ], [ 88.516919, 27.41026 ], [ 88.5174266, 27.4096954 ], [ 88.5177, 27.409367 ], [ 88.518233, 27.408555 ], [ 88.5183598, 27.4082522 ], [ 88.518532, 27.407959 ], [ 88.518759, 27.40783 ], [ 88.518866, 27.407656 ], [ 88.518772, 27.407351 ], [ 88.518841, 27.407185 ], [ 88.519462, 27.406268 ], [ 88.519676, 27.406014 ], [ 88.520511, 27.405643 ], [ 88.5206178, 27.4055888 ], [ 88.5206732, 27.405527 ], [ 88.520594, 27.404786 ], [ 88.520622, 27.404529 ], [ 88.520737, 27.404247 ], [ 88.5209757, 27.4039233 ], [ 88.5210004, 27.4038899 ], [ 88.52103, 27.403816 ], [ 88.5210501, 27.4037601 ], [ 88.5210494, 27.4037405 ], [ 88.5210387, 27.4037256 ], [ 88.5210098, 27.4037172 ], [ 88.5209656, 27.4037137 ], [ 88.5209249, 27.4037283 ], [ 88.52079, 27.40392 ], [ 88.520629, 27.404055 ], [ 88.5205016, 27.4041352 ], [ 88.5203513, 27.404178 ], [ 88.5203019, 27.4042395 ], [ 88.5202644, 27.404311 ], [ 88.5202105, 27.40444 ], [ 88.5201676, 27.4045316 ], [ 88.520134, 27.404554 ], [ 88.5200952, 27.4045552 ], [ 88.5200737, 27.4045459 ], [ 88.5200583, 27.4045245 ], [ 88.5200536, 27.4044971 ], [ 88.5200885, 27.4042709 ], [ 88.520181, 27.403971 ], [ 88.5202736, 27.4039137 ], [ 88.520413, 27.4038947 ], [ 88.5205225, 27.4038739 ], [ 88.5205927, 27.4038113 ], [ 88.5206129, 27.4037577 ], [ 88.5206175, 27.4037012 ], [ 88.520538, 27.403349 ], [ 88.5204941, 27.4031568 ], [ 88.5205391, 27.4029997 ] ] } }
]
}
